ISO-10303-21;
HEADER;
FILE_DESCRIPTION(('Open CASCADE Model'),'2;1');
FILE_NAME('Open CASCADE Shape Model','2026-09-26T23:01:28',('Author'),(
    'Open CASCADE'),'Open CASCADE STEP processor 7.9','Open CASCADE 7.9'
  ,'Unknown');
FILE_SCHEMA(('AUTOMOTIVE_DESIGN { 1 0 10303 214 1 1 1 1 }'));
ENDSEC;
DATA;
#1 = APPLICATION_PROTOCOL_DEFINITION('international standard',
  'automotive_design',2000,#2);
#2 = APPLICATION_CONTEXT(
  'core data for automotive mechanical design processes');
#3 = SHAPE_DEFINITION_REPRESENTATION(#4,#10);
#4 = PRODUCT_DEFINITION_SHAPE('','',#5);
#5 = PRODUCT_DEFINITION('design','',#6,#9);
#6 = PRODUCT_DEFINITION_FORMATION('','',#7);
#7 = PRODUCT('eve_v0','eve_v0','',(#8));
#8 = PRODUCT_CONTEXT('',#2,'mechanical');
#9 = PRODUCT_DEFINITION_CONTEXT('part definition',#2,'design');
#10 = SHAPE_REPRESENTATION('',(#11,#15,#19,#23,#27,#31,#35,#39,#43,#47),
  #51);
#11 = AXIS2_PLACEMENT_3D('',#12,#13,#14);
#12 = CARTESIAN_POINT('',(0.,0.,0.));
#13 = DIRECTION('',(0.,0.,1.));
#14 = DIRECTION('',(1.,0.,-0.));
#15 = AXIS2_PLACEMENT_3D('',#16,#17,#18);
#16 = CARTESIAN_POINT('',(0.,0.,0.));
#17 = DIRECTION('',(0.,0.,1.));
#18 = DIRECTION('',(1.,0.,-0.));
#19 = AXIS2_PLACEMENT_3D('',#20,#21,#22);
#20 = CARTESIAN_POINT('',(0.,0.,0.));
#21 = DIRECTION('',(0.,0.,1.));
#22 = DIRECTION('',(1.,0.,-0.));
#23 = AXIS2_PLACEMENT_3D('',#24,#25,#26);
#24 = CARTESIAN_POINT('',(0.,0.,0.));
#25 = DIRECTION('',(0.,0.,1.));
#26 = DIRECTION('',(1.,0.,-0.));
#27 = AXIS2_PLACEMENT_3D('',#28,#29,#30);
#28 = CARTESIAN_POINT('',(0.,0.,0.));
#29 = DIRECTION('',(0.,0.,1.));
#30 = DIRECTION('',(1.,0.,-0.));
#31 = AXIS2_PLACEMENT_3D('',#32,#33,#34);
#32 = CARTESIAN_POINT('',(0.,0.,0.));
#33 = DIRECTION('',(0.,0.,1.));
#34 = DIRECTION('',(1.,0.,-0.));
#35 = AXIS2_PLACEMENT_3D('',#36,#37,#38);
#36 = CARTESIAN_POINT('',(0.,0.,0.));
#37 = DIRECTION('',(0.,0.,1.));
#38 = DIRECTION('',(1.,0.,-0.));
#39 = AXIS2_PLACEMENT_3D('',#40,#41,#42);
#40 = CARTESIAN_POINT('',(0.,0.,0.));
#41 = DIRECTION('',(0.,0.,1.));
#42 = DIRECTION('',(1.,0.,-0.));
#43 = AXIS2_PLACEMENT_3D('',#44,#45,#46);
#44 = CARTESIAN_POINT('',(0.,0.,0.));
#45 = DIRECTION('',(0.,0.,1.));
#46 = DIRECTION('',(1.,0.,-0.));
#47 = AXIS2_PLACEMENT_3D('',#48,#49,#50);
#48 = CARTESIAN_POINT('',(0.,0.,0.));
#49 = DIRECTION('',(0.,0.,1.));
#50 = DIRECTION('',(1.,0.,-0.));
#51 = ( GEOMETRIC_REPRESENTATION_CONTEXT(3) 
GLOBAL_UNCERTAINTY_ASSIGNED_CONTEXT((#55)) GLOBAL_UNIT_ASSIGNED_CONTEXT(
(#52,#53,#54)) REPRESENTATION_CONTEXT('Context #1',
  '3D Context with UNIT and UNCERTAINTY') );
#52 = ( LENGTH_UNIT() NAMED_UNIT(*) SI_UNIT(.MILLI.,.METRE.) );
#53 = ( NAMED_UNIT(*) PLANE_ANGLE_UNIT() SI_UNIT($,.RADIAN.) );
#54 = ( NAMED_UNIT(*) SI_UNIT($,.STERADIAN.) SOLID_ANGLE_UNIT() );
#55 = UNCERTAINTY_MEASURE_WITH_UNIT(LENGTH_MEASURE(5.E-07),#52,
  'distance_accuracy_value','confusion accuracy');
#56 = PRODUCT_RELATED_PRODUCT_CATEGORY('part',$,(#7));
#57 = SHAPE_DEFINITION_REPRESENTATION(#58,#64);
#58 = PRODUCT_DEFINITION_SHAPE('','',#59);
#59 = PRODUCT_DEFINITION('design','',#60,#63);
#60 = PRODUCT_DEFINITION_FORMATION('','',#61);
#61 = PRODUCT('body','body','',(#62));
#62 = PRODUCT_CONTEXT('',#2,'mechanical');
#63 = PRODUCT_DEFINITION_CONTEXT('part definition',#2,'design');
#64 = ADVANCED_BREP_SHAPE_REPRESENTATION('',(#11,#65),#171);
#65 = MANIFOLD_SOLID_BREP('',#66);
#66 = CLOSED_SHELL('',(#67,#143));
#67 = ADVANCED_FACE('',(#68),#88,.T.);
#68 = FACE_BOUND('',#69,.T.);
#69 = EDGE_LOOP('',(#70,#115,#142));
#70 = ORIENTED_EDGE('',*,*,#71,.T.);
#71 = EDGE_CURVE('',#72,#74,#76,.T.);
#72 = VERTEX_POINT('',#73);
#73 = CARTESIAN_POINT('',(0.,0.,100.));
#74 = VERTEX_POINT('',#75);
#75 = CARTESIAN_POINT('',(56.,0.,268.));
#76 = SEAM_CURVE('',#77,(#87,#108),.PCURVE_S1.);
#77 = B_SPLINE_CURVE_WITH_KNOTS('',3,(#78,#79,#80,#81,#82,#83,#84,#85,
    #86),.UNSPECIFIED.,.F.,.F.,(4,1,1,1,1,1,4),(0.,34.71310991542,
    66.728731102584,111.37175967368,156.54918766598,192.67397140236,
    208.95279199846),.UNSPECIFIED.);
#78 = CARTESIAN_POINT('',(0.,0.,100.));
#79 = CARTESIAN_POINT('',(13.630960285656,0.,97.330231716658));
#80 = CARTESIAN_POINT('',(35.185993075483,0.,103.19436718651));
#81 = CARTESIAN_POINT('',(58.473372622743,0.,134.99052143747));
#82 = CARTESIAN_POINT('',(67.246217494053,0.,175.3739534103));
#83 = CARTESIAN_POINT('',(69.459707862701,0.,216.00221062449));
#84 = CARTESIAN_POINT('',(72.656423728828,0.,251.66899774429));
#85 = CARTESIAN_POINT('',(61.102103744689,-0.,264.67232478096));
#86 = CARTESIAN_POINT('',(56.,0.,268.));
#87 = PCURVE('',#88,#102);
#88 = SURFACE_OF_REVOLUTION('',#89,#99);
#89 = B_SPLINE_CURVE_WITH_KNOTS('',3,(#90,#91,#92,#93,#94,#95,#96,#97,
    #98),.UNSPECIFIED.,.F.,.F.,(4,1,1,1,1,1,4),(0.,34.71310991542,
    66.728731102584,111.37175967368,156.54918766598,192.67397140236,
    208.95279199846),.UNSPECIFIED.);
#90 = CARTESIAN_POINT('',(0.,0.,100.));
#91 = CARTESIAN_POINT('',(13.630960285656,0.,97.330231716658));
#92 = CARTESIAN_POINT('',(35.185993075483,0.,103.19436718651));
#93 = CARTESIAN_POINT('',(58.473372622743,0.,134.99052143747));
#94 = CARTESIAN_POINT('',(67.246217494053,0.,175.3739534103));
#95 = CARTESIAN_POINT('',(69.459707862701,0.,216.00221062449));
#96 = CARTESIAN_POINT('',(72.656423728828,0.,251.66899774429));
#97 = CARTESIAN_POINT('',(61.102103744689,-0.,264.67232478096));
#98 = CARTESIAN_POINT('',(56.,0.,268.));
#99 = AXIS1_PLACEMENT('',#100,#101);
#100 = CARTESIAN_POINT('',(0.,0.,0.));
#101 = DIRECTION('',(0.,0.,1.));
#102 = DEFINITIONAL_REPRESENTATION('',(#103),#107);
#103 = LINE('',#104,#105);
#104 = CARTESIAN_POINT('',(0.,0.));
#105 = VECTOR('',#106,1.);
#106 = DIRECTION('',(0.,1.));
#107 = ( GEOMETRIC_REPRESENTATION_CONTEXT(2) 
PARAMETRIC_REPRESENTATION_CONTEXT() REPRESENTATION_CONTEXT('2D SPACE',''
  ) );
#108 = PCURVE('',#88,#109);
#109 = DEFINITIONAL_REPRESENTATION('',(#110),#114);
#110 = LINE('',#111,#112);
#111 = CARTESIAN_POINT('',(6.28318530718,0.));
#112 = VECTOR('',#113,1.);
#113 = DIRECTION('',(0.,1.));
#114 = ( GEOMETRIC_REPRESENTATION_CONTEXT(2) 
PARAMETRIC_REPRESENTATION_CONTEXT() REPRESENTATION_CONTEXT('2D SPACE',''
  ) );
#115 = ORIENTED_EDGE('',*,*,#116,.F.);
#116 = EDGE_CURVE('',#74,#74,#117,.T.);
#117 = SURFACE_CURVE('',#118,(#123,#130),.PCURVE_S1.);
#118 = CIRCLE('',#119,56.);
#119 = AXIS2_PLACEMENT_3D('',#120,#121,#122);
#120 = CARTESIAN_POINT('',(0.,0.,268.));
#121 = DIRECTION('',(0.,0.,1.));
#122 = DIRECTION('',(1.,0.,-0.));
#123 = PCURVE('',#88,#124);
#124 = DEFINITIONAL_REPRESENTATION('',(#125),#129);
#125 = LINE('',#126,#127);
#126 = CARTESIAN_POINT('',(0.,208.95279199846));
#127 = VECTOR('',#128,1.);
#128 = DIRECTION('',(1.,0.));
#129 = ( GEOMETRIC_REPRESENTATION_CONTEXT(2) 
PARAMETRIC_REPRESENTATION_CONTEXT() REPRESENTATION_CONTEXT('2D SPACE',''
  ) );
#130 = PCURVE('',#131,#136);
#131 = CONICAL_SURFACE('',#132,56.,1.535097214116);
#132 = AXIS2_PLACEMENT_3D('',#133,#134,#135);
#133 = CARTESIAN_POINT('',(0.,0.,268.));
#134 = DIRECTION('',(-0.,-0.,-1.));
#135 = DIRECTION('',(1.,0.,-0.));
#136 = DEFINITIONAL_REPRESENTATION('',(#137),#141);
#137 = LINE('',#138,#139);
#138 = CARTESIAN_POINT('',(-0.,-0.));
#139 = VECTOR('',#140,1.);
#140 = DIRECTION('',(-1.,-0.));
#141 = ( GEOMETRIC_REPRESENTATION_CONTEXT(2) 
PARAMETRIC_REPRESENTATION_CONTEXT() REPRESENTATION_CONTEXT('2D SPACE',''
  ) );
#142 = ORIENTED_EDGE('',*,*,#71,.F.);
#143 = ADVANCED_FACE('',(#144),#131,.T.);
#144 = FACE_BOUND('',#145,.T.);
#145 = EDGE_LOOP('',(#146,#147,#170));
#146 = ORIENTED_EDGE('',*,*,#116,.T.);
#147 = ORIENTED_EDGE('',*,*,#148,.T.);
#148 = EDGE_CURVE('',#74,#149,#151,.T.);
#149 = VERTEX_POINT('',#150);
#150 = CARTESIAN_POINT('',(0.,0.,270.));
#151 = SEAM_CURVE('',#152,(#156,#163),.PCURVE_S1.);
#152 = LINE('',#153,#154);
#153 = CARTESIAN_POINT('',(56.,0.,268.));
#154 = VECTOR('',#155,1.);
#155 = DIRECTION('',(-0.999362854348,0.,3.569153051241E-02));
#156 = PCURVE('',#131,#157);
#157 = DEFINITIONAL_REPRESENTATION('',(#158),#162);
#158 = LINE('',#159,#160);
#159 = CARTESIAN_POINT('',(-0.,-0.));
#160 = VECTOR('',#161,1.);
#161 = DIRECTION('',(-0.,-1.));
#162 = ( GEOMETRIC_REPRESENTATION_CONTEXT(2) 
PARAMETRIC_REPRESENTATION_CONTEXT() REPRESENTATION_CONTEXT('2D SPACE',''
  ) );
#163 = PCURVE('',#131,#164);
#164 = DEFINITIONAL_REPRESENTATION('',(#165),#169);
#165 = LINE('',#166,#167);
#166 = CARTESIAN_POINT('',(-6.28318530718,-0.));
#167 = VECTOR('',#168,1.);
#168 = DIRECTION('',(-0.,-1.));
#169 = ( GEOMETRIC_REPRESENTATION_CONTEXT(2) 
PARAMETRIC_REPRESENTATION_CONTEXT() REPRESENTATION_CONTEXT('2D SPACE',''
  ) );
#170 = ORIENTED_EDGE('',*,*,#148,.F.);
#171 = ( GEOMETRIC_REPRESENTATION_CONTEXT(3) 
GLOBAL_UNCERTAINTY_ASSIGNED_CONTEXT((#175)) GLOBAL_UNIT_ASSIGNED_CONTEXT
((#172,#173,#174)) REPRESENTATION_CONTEXT('Context #1',
  '3D Context with UNIT and UNCERTAINTY') );
#172 = ( LENGTH_UNIT() NAMED_UNIT(*) SI_UNIT(.MILLI.,.METRE.) );
#173 = ( NAMED_UNIT(*) PLANE_ANGLE_UNIT() SI_UNIT($,.RADIAN.) );
#174 = ( NAMED_UNIT(*) SI_UNIT($,.STERADIAN.) SOLID_ANGLE_UNIT() );
#175 = UNCERTAINTY_MEASURE_WITH_UNIT(LENGTH_MEASURE(1.E-07),#172,
  'distance_accuracy_value','confusion accuracy');
#176 = CONTEXT_DEPENDENT_SHAPE_REPRESENTATION(#177,#179);
#177 = ( REPRESENTATION_RELATIONSHIP('','',#64,#10) 
REPRESENTATION_RELATIONSHIP_WITH_TRANSFORMATION(#178) 
SHAPE_REPRESENTATION_RELATIONSHIP() );
#178 = ITEM_DEFINED_TRANSFORMATION('','',#11,#15);
#179 = PRODUCT_DEFINITION_SHAPE('Placement','Placement of an item',#180
  );
#180 = NEXT_ASSEMBLY_USAGE_OCCURRENCE('1','body','',#5,#59,$);
#181 = PRODUCT_RELATED_PRODUCT_CATEGORY('part',$,(#61));
#182 = SHAPE_DEFINITION_REPRESENTATION(#183,#189);
#183 = PRODUCT_DEFINITION_SHAPE('','',#184);
#184 = PRODUCT_DEFINITION('design','',#185,#188);
#185 = PRODUCT_DEFINITION_FORMATION('','',#186);
#186 = PRODUCT('head','head','',(#187));
#187 = PRODUCT_CONTEXT('',#2,'mechanical');
#188 = PRODUCT_DEFINITION_CONTEXT('part definition',#2,'design');
#189 = ADVANCED_BREP_SHAPE_REPRESENTATION('',(#11,#190),#843);
#190 = MANIFOLD_SOLID_BREP('',#191);
#191 = CLOSED_SHELL('',(#192,#811,#815));
#192 = ADVANCED_FACE('',(#193),#374,.T.);
#193 = FACE_BOUND('',#194,.T.);
#194 = EDGE_LOOP('',(#195,#749,#783,#810));
#195 = ORIENTED_EDGE('',*,*,#196,.F.);
#196 = EDGE_CURVE('',#197,#197,#199,.T.);
#197 = VERTEX_POINT('',#198);
#198 = CARTESIAN_POINT('',(31.702481324289,0.,283.6));
#199 = SURFACE_CURVE('',#200,(#373,#568),.PCURVE_S1.);
#200 = B_SPLINE_CURVE_WITH_KNOTS('',6,(#201,#202,#203,#204,#205,#206,
    #207,#208,#209,#210,#211,#212,#213,#214,#215,#216,#217,#218,#219,
    #220,#221,#222,#223,#224,#225,#226,#227,#228,#229,#230,#231,#232,
    #233,#234,#235,#236,#237,#238,#239,#240,#241,#242,#243,#244,#245,
    #246,#247,#248,#249,#250,#251,#252,#253,#254,#255,#256,#257,#258,
    #259,#260,#261,#262,#263,#264,#265,#266,#267,#268,#269,#270,#271,
    #272,#273,#274,#275,#276,#277,#278,#279,#280,#281,#282,#283,#284,
    #285,#286,#287,#288,#289,#290,#291,#292,#293,#294,#295,#296,#297,
    #298,#299,#300,#301,#302,#303,#304,#305,#306,#307,#308,#309,#310,
    #311,#312,#313,#314,#315,#316,#317,#318,#319,#320,#321,#322,#323,
    #324,#325,#326,#327,#328,#329,#330,#331,#332,#333,#334,#335,#336,
    #337,#338,#339,#340,#341,#342,#343,#344,#345,#346,#347,#348,#349,
    #350,#351,#352,#353,#354,#355,#356,#357,#358,#359,#360,#361,#362,
    #363,#364,#365,#366,#367,#368,#369,#370,#371,#372),.UNSPECIFIED.,.T.
  ,.F.,(7,5,5,5,5,5,5,5,5,5,5,5,5,5,5,5,5,5,5,5,5,5,5,5,5,5,5,5,5,5,5,5,
    5,5,7),(0.,2.900012655515E-02,5.300023128734E-02,7.800034038379E-02,
    9.700042329587E-02,0.125000545486,0.141000615307,0.170000741862,
    0.199000868417,0.228000994972,0.256001117162,0.285001243717,
    0.309001348449,0.338001475004,0.367001601559,0.401001749945,
    0.42800186777,0.460002007422,0.487002125248,0.505002203796,
    0.5270022998,0.546002382712,0.591002381303,0.620002507858,
    0.649002634413,0.675002747874,0.704002874429,0.732002996619,
    0.759003114445,0.788003241,0.813003350097,0.842003476652,
    0.870003598842,0.918003535533,1.),.UNSPECIFIED.);
#201 = CARTESIAN_POINT('',(31.702481324289,-1.42108547152E-14,283.6));
#202 = CARTESIAN_POINT('',(31.702481365039,-0.962763327791,283.6));
#203 = CARTESIAN_POINT('',(31.667395742717,-1.925529303563,283.6));
#204 = CARTESIAN_POINT('',(31.597224790587,-2.886693936518,283.6));
#205 = CARTESIAN_POINT('',(31.492065505703,-3.844662066975,283.6));
#206 = CARTESIAN_POINT('',(31.352111548906,-4.797847366366,283.6));
#207 = CARTESIAN_POINT('',(31.033273946195,-6.528251949681,283.6));
#208 = CARTESIAN_POINT('',(30.865262198484,-7.307478185521,283.6));
#209 = CARTESIAN_POINT('',(30.673782667093,-8.081457958903,283.6));
#210 = CARTESIAN_POINT('',(30.45904404851,-8.849309784607,283.6));
#211 = CARTESIAN_POINT('',(30.221299070312,-9.610163778046,283.6));
#212 = CARTESIAN_POINT('',(29.68953768383,-11.1475344041,283.6));
#213 = CARTESIAN_POINT('',(29.393588595988,-11.92338496503,283.6));
#214 = CARTESIAN_POINT('',(29.073332961856,-12.68974311834,283.6));
#215 = CARTESIAN_POINT('',(28.729155649301,-13.44566008988,283.6));
#216 = CARTESIAN_POINT('',(28.361490659841,-14.19020855104,283.6));
#217 = CARTESIAN_POINT('',(27.673912215479,-15.47901107422,283.6));
#218 = CARTESIAN_POINT('',(27.363715407424,-16.02845077699,283.6));
#219 = CARTESIAN_POINT('',(27.040442627134,-16.57040455355,283.6));
#220 = CARTESIAN_POINT('',(26.704321047486,-17.10448457574,283.6));
#221 = CARTESIAN_POINT('',(26.355593091573,-17.63031236074,283.6));
#222 = CARTESIAN_POINT('',(25.462403771094,-18.90971731444,283.6));
#223 = CARTESIAN_POINT('',(24.903471121109,-19.65319476345,283.6));
#224 = CARTESIAN_POINT('',(24.318544933947,-20.37676778061,283.6));
#225 = CARTESIAN_POINT('',(23.708516318373,-21.07930720568,283.6));
#226 = CARTESIAN_POINT('',(23.07434104071,-21.75973805566,283.6));
#227 = CARTESIAN_POINT('',(22.041438449977,-22.79264060134,283.6));
#228 = CARTESIAN_POINT('',(21.658285367831,-23.16068986231,283.6));
#229 = CARTESIAN_POINT('',(21.267770292913,-23.52099730655,283.6));
#230 = CARTESIAN_POINT('',(20.870089272245,-23.87337960451,283.6));
#231 = CARTESIAN_POINT('',(20.465444385371,-24.21766009827,283.6));
#232 = CARTESIAN_POINT('',(19.308380626511,-25.16268418726,283.6));
#233 = CARTESIAN_POINT('',(18.540521314227,-25.74452729458,283.6));
#234 = CARTESIAN_POINT('',(17.751708314098,-26.29818374491,283.6));
#235 = CARTESIAN_POINT('',(16.943238439621,-26.82271961235,283.6));
#236 = CARTESIAN_POINT('',(16.116462811195,-27.31728142369,283.6));
#237 = CARTESIAN_POINT('',(14.429110940307,-28.2449109646,283.6));
#238 = CARTESIAN_POINT('',(13.568530056956,-28.67798124551,283.6));
#239 = CARTESIAN_POINT('',(12.692449954472,-29.07953456476,283.6));
#240 = CARTESIAN_POINT('',(11.802315210625,-29.44888744747,283.6));
#241 = CARTESIAN_POINT('',(10.899609232557,-29.78544538031,283.6));
#242 = CARTESIAN_POINT('',(9.072099306669,-30.39196032005,283.6));
#243 = CARTESIAN_POINT('',(8.147290332471,-30.66191899511,283.6));
#244 = CARTESIAN_POINT('',(7.212949780639,-30.89807391751,283.6));
#245 = CARTESIAN_POINT('',(6.270622163845,-31.10001469297,283.6));
#246 = CARTESIAN_POINT('',(5.321874060968,-31.26742545214,283.6));
#247 = CARTESIAN_POINT('',(3.447596158181,-31.52816987147,283.6));
#248 = CARTESIAN_POINT('',(2.52238920006,-31.62385952115,283.6));
#249 = CARTESIAN_POINT('',(1.59410287958,-31.68695518504,283.6));
#250 = CARTESIAN_POINT('',(0.66417107194,-31.71734249708,283.6));
#251 = CARTESIAN_POINT('',(-0.265968109295,-31.71499133973,283.6));
#252 = CARTESIAN_POINT('',(-2.156951571841,-31.64366915897,283.6));
#253 = CARTESIAN_POINT('',(-3.117711092532,-31.57232164045,283.6));
#254 = CARTESIAN_POINT('',(-4.075548035715,-31.46597407611,283.6));
#255 = CARTESIAN_POINT('',(-5.028872030949,-31.32478351594,283.6));
#256 = CARTESIAN_POINT('',(-5.976105175909,-31.14900327221,283.6));
#257 = CARTESIAN_POINT('',(-7.693263211937,-30.7651729475,283.6));
#258 = CARTESIAN_POINT('',(-8.465603392755,-30.56791139756,283.6));
#259 = CARTESIAN_POINT('',(-9.231816333817,-30.34739647858,283.6));
#260 = CARTESIAN_POINT('',(-9.99102904203,-30.10386996208,283.6));
#261 = CARTESIAN_POINT('',(-10.74238177623,-29.8376171822,283.6));
#262 = CARTESIAN_POINT('',(-12.38239194792,-29.20018163597,283.6));
#263 = CARTESIAN_POINT('',(-13.26704764531,-28.81869294402,283.6));
#264 = CARTESIAN_POINT('',(-14.13750022658,-28.40508235674,283.6));
#265 = CARTESIAN_POINT('',(-14.99229802914,-27.96001816934,283.6));
#266 = CARTESIAN_POINT('',(-15.83003264051,-27.48425557526,283.6));
#267 = CARTESIAN_POINT('',(-17.46864519896,-26.47301782643,283.6));
#268 = CARTESIAN_POINT('',(-18.26952765288,-25.93753989038,283.6));
#269 = CARTESIAN_POINT('',(-19.0506214478,-25.37304551689,283.6));
#270 = CARTESIAN_POINT('',(-19.81062005203,-24.78045498732,283.6));
#271 = CARTESIAN_POINT('',(-20.54827521446,-24.16076620549,283.6));
#272 = CARTESIAN_POINT('',(-22.09964268933,-22.75801424725,283.6));
#273 = CARTESIAN_POINT('',(-22.90454738347,-21.96519763664,283.6));
#274 = CARTESIAN_POINT('',(-23.67519173329,-21.13834148295,283.6));
#275 = CARTESIAN_POINT('',(-24.40979322443,-20.27930454426,283.6));
#276 = CARTESIAN_POINT('',(-25.10670614195,-19.39006771973,283.6));
#277 = CARTESIAN_POINT('',(-26.28672554213,-17.74426262561,283.6));
#278 = CARTESIAN_POINT('',(-26.7843140422,-16.99806827015,283.6));
#279 = CARTESIAN_POINT('',(-27.25643331782,-16.23520263494,283.6));
#280 = CARTESIAN_POINT('',(-27.70239227761,-15.45675469578,283.6));
#281 = CARTESIAN_POINT('',(-28.1215624915,-14.66385075247,283.6));
#282 = CARTESIAN_POINT('',(-28.97775218811,-12.90216306879,283.6));
#283 = CARTESIAN_POINT('',(-29.40370518955,-11.92799408485,283.6));
#284 = CARTESIAN_POINT('',(-29.79029499728,-10.93708751036,283.6));
#285 = CARTESIAN_POINT('',(-30.13671449993,-9.931432973752,283.6));
#286 = CARTESIAN_POINT('',(-30.44229167257,-8.913069698559,283.6));
#287 = CARTESIAN_POINT('',(-30.92940676853,-7.01588146997,283.6));
#288 = CARTESIAN_POINT('',(-31.12286680158,-6.14011121063,283.6));
#289 = CARTESIAN_POINT('',(-31.28654811228,-5.258029005662,283.6));
#290 = CARTESIAN_POINT('',(-31.42020106342,-4.370900223328,283.6));
#291 = CARTESIAN_POINT('',(-31.52364794417,-3.480002319865,283.6));
#292 = CARTESIAN_POINT('',(-31.6455396964,-1.991039579785,283.6));
#293 = CARTESIAN_POINT('',(-31.68082461094,-1.394351224656,283.6));
#294 = CARTESIAN_POINT('',(-31.70260650712,-0.796941209905,283.6));
#295 = CARTESIAN_POINT('',(-31.71086858128,-0.199191333406,283.6));
#296 = CARTESIAN_POINT('',(-31.70560843269,0.398516244911,283.6));
#297 = CARTESIAN_POINT('',(-31.66389651497,1.725811161327,283.6));
#298 = CARTESIAN_POINT('',(-31.62077298298,2.455189741471,283.6));
#299 = CARTESIAN_POINT('',(-31.55748949422,3.183235865866,283.6));
#300 = CARTESIAN_POINT('',(-31.4741000631,3.909253883532,283.6));
#301 = CARTESIAN_POINT('',(-31.37069069177,4.63255137012,283.6));
#302 = CARTESIAN_POINT('',(-31.14088322648,5.974160444806,283.6));
#303 = CARTESIAN_POINT('',(-31.01954273151,6.593339361591,283.6));
#304 = CARTESIAN_POINT('',(-30.88343391585,7.209532169649,283.6));
#305 = CARTESIAN_POINT('',(-30.73265022776,7.822299226378,283.6));
#306 = CARTESIAN_POINT('',(-30.56730253309,8.431204955189,283.6));
#307 = CARTESIAN_POINT('',(-29.96171811307,10.467789624515,283.6));
#308 = CARTESIAN_POINT('',(-29.45493455184,11.875705904048,283.6));
#309 = CARTESIAN_POINT('',(-28.8688805732,13.253791364353,283.6));
#310 = CARTESIAN_POINT('',(-28.20580279223,14.596514961413,283.6));
#311 = CARTESIAN_POINT('',(-27.46843132255,15.898567626956,283.6));
#312 = CARTESIAN_POINT('',(-26.1390582519,17.964517016316,283.6));
#313 = CARTESIAN_POINT('',(-25.58858005758,18.75516427178,283.6));
#314 = CARTESIAN_POINT('',(-25.00946356586,19.525479469082,283.6));
#315 = CARTESIAN_POINT('',(-24.40265352071,20.274173654494,283.6));
#316 = CARTESIAN_POINT('',(-23.76917117626,21.000017607602,283.6));
#317 = CARTESIAN_POINT('',(-22.45105747679,22.403666130784,283.6));
#318 = CARTESIAN_POINT('',(-21.76642249644,23.08147456145,283.6));
#319 = CARTESIAN_POINT('',(-21.05730760597,23.734098102461,283.6));
#320 = CARTESIAN_POINT('',(-20.32487547513,24.360440331505,283.6));
#321 = CARTESIAN_POINT('',(-19.57035319323,24.959477434792,283.6));
#322 = CARTESIAN_POINT('',(-18.09991680423,26.04199287729,283.6));
#323 = CARTESIAN_POINT('',(-17.38808036369,26.531017175326,283.6));
#324 = CARTESIAN_POINT('',(-16.66045326967,26.996646425458,283.6));
#325 = CARTESIAN_POINT('',(-15.91799878107,27.438249322747,283.6));
#326 = CARTESIAN_POINT('',(-15.16171309353,27.855247933028,283.6));
#327 = CARTESIAN_POINT('',(-13.53479695159,28.684203133523,283.6));
#328 = CARTESIAN_POINT('',(-12.66103764669,29.090028221601,283.6));
#329 = CARTESIAN_POINT('',(-11.77277674229,29.463865057493,283.6));
#330 = CARTESIAN_POINT('',(-10.87147957179,29.805075878863,283.6));
#331 = CARTESIAN_POINT('',(-9.958647484489,30.113113060686,283.6));
#332 = CARTESIAN_POINT('',(-8.144809849779,30.652462987911,283.6));
#333 = CARTESIAN_POINT('',(-7.244477410386,30.886056487362,283.6));
#334 = CARTESIAN_POINT('',(-6.336204103305,31.08788848492,283.6));
#335 = CARTESIAN_POINT('',(-5.421390351048,31.257630507633,283.6));
#336 = CARTESIAN_POINT('',(-4.501453422672,31.395036738277,283.6));
#337 = CARTESIAN_POINT('',(-2.687188013924,31.601104671073,283.6));
#338 = CARTESIAN_POINT('',(-1.793114440087,31.672046732616,283.6));
#339 = CARTESIAN_POINT('',(-0.896892346392,31.712624393537,283.6));
#340 = CARTESIAN_POINT('',(1.905711238379E-04,31.72276475328,283.6));
#341 = CARTESIAN_POINT('',(0.896844554507,31.70246781718,283.6));
#342 = CARTESIAN_POINT('',(2.753002185046,31.597392564817,283.6));
#343 = CARTESIAN_POINT('',(3.712246239694,31.507948903103,283.6));
#344 = CARTESIAN_POINT('',(4.66790853977,31.383566499274,283.6));
#345 = CARTESIAN_POINT('',(5.618401957503,31.224432351424,283.6));
#346 = CARTESIAN_POINT('',(6.562153645423,31.030829467803,283.6));
#347 = CARTESIAN_POINT('',(8.304028937201,30.606850125103,283.6));
#348 = CARTESIAN_POINT('',(9.10428751536,30.385228457464,283.6));
#349 = CARTESIAN_POINT('',(9.89738326162,30.138514802378,283.6));
#350 = CARTESIAN_POINT('',(10.682335393252,29.86700303212,283.6));
#351 = CARTESIAN_POINT('',(11.458179854007,29.571037952761,283.6));
#352 = CARTESIAN_POINT('',(13.112284807327,28.879789214216,283.6));
#353 = CARTESIAN_POINT('',(13.98707427372,28.47618951837,283.6));
#354 = CARTESIAN_POINT('',(14.846857883211,28.040834997299,283.6));
#355 = CARTESIAN_POINT('',(15.690201225957,27.574430215576,283.6));
#356 = CARTESIAN_POINT('',(16.515715312354,27.077765521683,283.6));
#357 = CARTESIAN_POINT('',(18.100593080039,26.043808186691,283.6));
#358 = CARTESIAN_POINT('',(18.861260166621,25.508504527259,283.6));
#359 = CARTESIAN_POINT('',(19.602849119722,24.946594943579,283.6));
#360 = CARTESIAN_POINT('',(20.324203345867,24.358934636925,283.6));
#361 = CARTESIAN_POINT('',(21.024218371162,23.746445135977,283.6));
#362 = CARTESIAN_POINT('',(22.863476251153,22.019266981568,283.6));
#363 = CARTESIAN_POINT('',(23.959336685369,20.858329343211,283.6));
#364 = CARTESIAN_POINT('',(24.984082522964,19.632306581329,283.6));
#365 = CARTESIAN_POINT('',(25.932973780888,18.346677853837,283.6));
#366 = CARTESIAN_POINT('',(26.801807736682,17.00734449403,283.6));
#367 = CARTESIAN_POINT('',(28.928270590421,13.251893881255,283.6));
#368 = CARTESIAN_POINT('',(30.025713833448,10.744484203639,283.6));
#369 = CARTESIAN_POINT('',(30.860832656335,8.130739022175,283.6));
#370 = CARTESIAN_POINT('',(31.421989538192,5.444814548936,283.6));
#371 = CARTESIAN_POINT('',(31.702481561057,2.72216708954,283.6));
#372 = CARTESIAN_POINT('',(31.702481324289,0.,283.6));
#373 = PCURVE('',#374,#393);
#374 = SURFACE_OF_REVOLUTION('',#375,#390);
#375 = B_SPLINE_CURVE_WITH_KNOTS('',3,(#376,#377,#378,#379,#380,#381,
    #382,#383,#384,#385,#386,#387,#388,#389),.UNSPECIFIED.,.F.,.F.,(4,1,
    1,1,1,1,1,1,1,1,1,4),(0.,14.049307893001,27.732272203201,
    40.756352705305,52.975501325771,64.452031882525,75.477058579181,
    86.502085275838,97.978615832591,110.19776445305,123.22184495516,
    136.90480926536),.UNSPECIFIED.);
#376 = CARTESIAN_POINT('',(0.,0.,275.6));
#377 = CARTESIAN_POINT('',(4.673968952145,0.,275.60565330477));
#378 = CARTESIAN_POINT('',(13.960024320652,0.,276.53276711909));
#379 = CARTESIAN_POINT('',(26.997503260573,0.,280.67882686552));
#380 = CARTESIAN_POINT('',(38.293052796732,0.,287.31001673884));
#381 = CARTESIAN_POINT('',(47.074779701527,0.,296.04827267266));
#382 = CARTESIAN_POINT('',(52.69485310849,0.,306.37720575498));
#383 = CARTESIAN_POINT('',(54.639531621527,0.,317.59999131089));
#384 = CARTESIAN_POINT('',(52.694639399222,0.,328.82282971312));
#385 = CARTESIAN_POINT('',(47.075699788224,0.,339.15159412718));
#386 = CARTESIAN_POINT('',(38.28925393563,0.,347.89052778855));
#387 = CARTESIAN_POINT('',(27.013022170004,0.,354.5189502435));
#388 = CARTESIAN_POINT('',(18.419124958031,-0.,357.24305425308));
#389 = CARTESIAN_POINT('',(13.976228435536,0.,358.16888470414));
#390 = AXIS1_PLACEMENT('',#391,#392);
#391 = CARTESIAN_POINT('',(0.,0.,0.));
#392 = DIRECTION('',(0.,0.,1.));
#393 = DEFINITIONAL_REPRESENTATION('',(#394),#567);
#394 = B_SPLINE_CURVE_WITH_KNOTS('',6,(#395,#396,#397,#398,#399,#400,
    #401,#402,#403,#404,#405,#406,#407,#408,#409,#410,#411,#412,#413,
    #414,#415,#416,#417,#418,#419,#420,#421,#422,#423,#424,#425,#426,
    #427,#428,#429,#430,#431,#432,#433,#434,#435,#436,#437,#438,#439,
    #440,#441,#442,#443,#444,#445,#446,#447,#448,#449,#450,#451,#452,
    #453,#454,#455,#456,#457,#458,#459,#460,#461,#462,#463,#464,#465,
    #466,#467,#468,#469,#470,#471,#472,#473,#474,#475,#476,#477,#478,
    #479,#480,#481,#482,#483,#484,#485,#486,#487,#488,#489,#490,#491,
    #492,#493,#494,#495,#496,#497,#498,#499,#500,#501,#502,#503,#504,
    #505,#506,#507,#508,#509,#510,#511,#512,#513,#514,#515,#516,#517,
    #518,#519,#520,#521,#522,#523,#524,#525,#526,#527,#528,#529,#530,
    #531,#532,#533,#534,#535,#536,#537,#538,#539,#540,#541,#542,#543,
    #544,#545,#546,#547,#548,#549,#550,#551,#552,#553,#554,#555,#556,
    #557,#558,#559,#560,#561,#562,#563,#564,#565,#566),.UNSPECIFIED.,.F.
  ,.F.,(7,5,5,5,5,5,5,5,5,5,5,5,5,5,5,5,5,5,5,5,5,5,5,5,5,5,5,5,5,5,5,5,
    5,5,7),(0.,2.900012655515E-02,5.300023128734E-02,7.800034038379E-02,
    9.700042329587E-02,0.125000545486,0.141000615307,0.170000741862,
    0.199000868417,0.228000994972,0.256001117162,0.285001243717,
    0.309001348449,0.338001475004,0.367001601559,0.401001749945,
    0.42800186777,0.460002007422,0.487002125248,0.505002203796,
    0.5270022998,0.546002382712,0.591002381303,0.620002507858,
    0.649002634413,0.675002747874,0.704002874429,0.732002996619,
    0.759003114445,0.788003241,0.813003350097,0.842003476652,
    0.870003598842,0.918003535533,1.),.UNSPECIFIED.);
#395 = CARTESIAN_POINT('',(6.28318530718,32.989210193681));
#396 = CARTESIAN_POINT('',(6.252816578189,32.989210193681));
#397 = CARTESIAN_POINT('',(6.222447849206,32.989210193681));
#398 = CARTESIAN_POINT('',(6.192079120226,32.989210193681));
#399 = CARTESIAN_POINT('',(6.161710391245,32.989210193681));
#400 = CARTESIAN_POINT('',(6.131341662262,32.989210193681));
#401 = CARTESIAN_POINT('',(6.075840192041,32.989210193681));
#402 = CARTESIAN_POINT('',(6.050707450813,32.989210193681));
#403 = CARTESIAN_POINT('',(6.025574709585,32.989210193681));
#404 = CARTESIAN_POINT('',(6.000441968358,32.989210193681));
#405 = CARTESIAN_POINT('',(5.975309227129,32.989210193681));
#406 = CARTESIAN_POINT('',(5.923996547117,32.989210193681));
#407 = CARTESIAN_POINT('',(5.897816608338,32.989210193681));
#408 = CARTESIAN_POINT('',(5.871636669559,32.989210193681));
#409 = CARTESIAN_POINT('',(5.845456730781,32.989210193681));
#410 = CARTESIAN_POINT('',(5.819276792002,32.989210193681));
#411 = CARTESIAN_POINT('',(5.773200099747,32.989210193681));
#412 = CARTESIAN_POINT('',(5.753303346274,32.989210193681));
#413 = CARTESIAN_POINT('',(5.733406592801,32.989210193681));
#414 = CARTESIAN_POINT('',(5.713509839329,32.989210193681));
#415 = CARTESIAN_POINT('',(5.693613085856,32.989210193681));
#416 = CARTESIAN_POINT('',(5.644394800945,32.989210193681));
#417 = CARTESIAN_POINT('',(5.615073269513,32.989210193681));
#418 = CARTESIAN_POINT('',(5.585751738083,32.989210193681));
#419 = CARTESIAN_POINT('',(5.556430206653,32.989210193681));
#420 = CARTESIAN_POINT('',(5.52710867522,32.989210193681));
#421 = CARTESIAN_POINT('',(5.481031982963,32.989210193681));
#422 = CARTESIAN_POINT('',(5.464276822144,32.989210193681));
#423 = CARTESIAN_POINT('',(5.447521661325,32.989210193681));
#424 = CARTESIAN_POINT('',(5.430766500506,32.989210193681));
#425 = CARTESIAN_POINT('',(5.414011339687,32.989210193681));
#426 = CARTESIAN_POINT('',(5.366887449877,32.989210193681));
#427 = CARTESIAN_POINT('',(5.336518720893,32.989210193681));
#428 = CARTESIAN_POINT('',(5.306149991913,32.989210193681));
#429 = CARTESIAN_POINT('',(5.275781262933,32.989210193681));
#430 = CARTESIAN_POINT('',(5.24541253395,32.989210193681));
#431 = CARTESIAN_POINT('',(5.184675075969,32.989210193681));
#432 = CARTESIAN_POINT('',(5.154306346985,32.989210193681));
#433 = CARTESIAN_POINT('',(5.123937618005,32.989210193681));
#434 = CARTESIAN_POINT('',(5.093568889025,32.989210193681));
#435 = CARTESIAN_POINT('',(5.063200160041,32.989210193681));
#436 = CARTESIAN_POINT('',(5.00246270206,32.989210193681));
#437 = CARTESIAN_POINT('',(4.972093973077,32.989210193681));
#438 = CARTESIAN_POINT('',(4.941725244097,32.989210193681));
#439 = CARTESIAN_POINT('',(4.911356515117,32.989210193681));
#440 = CARTESIAN_POINT('',(4.880987786133,32.989210193681));
#441 = CARTESIAN_POINT('',(4.821297525705,32.989210193681));
#442 = CARTESIAN_POINT('',(4.791975994272,32.989210193681));
#443 = CARTESIAN_POINT('',(4.762654462842,32.989210193681));
#444 = CARTESIAN_POINT('',(4.733332931412,32.989210193681));
#445 = CARTESIAN_POINT('',(4.70401139998,32.989210193681));
#446 = CARTESIAN_POINT('',(4.644321139551,32.989210193681));
#447 = CARTESIAN_POINT('',(4.613952410568,32.989210193681));
#448 = CARTESIAN_POINT('',(4.583583681588,32.989210193681));
#449 = CARTESIAN_POINT('',(4.553214952608,32.989210193681));
#450 = CARTESIAN_POINT('',(4.522846223624,32.989210193681));
#451 = CARTESIAN_POINT('',(4.467344753403,32.989210193681));
#452 = CARTESIAN_POINT('',(4.442212012175,32.989210193681));
#453 = CARTESIAN_POINT('',(4.417079270947,32.989210193681));
#454 = CARTESIAN_POINT('',(4.39194652972,32.989210193681));
#455 = CARTESIAN_POINT('',(4.366813788491,32.989210193681));
#456 = CARTESIAN_POINT('',(4.311312318271,32.989210193681));
#457 = CARTESIAN_POINT('',(4.280943589287,32.989210193681));
#458 = CARTESIAN_POINT('',(4.250574860307,32.989210193681));
#459 = CARTESIAN_POINT('',(4.220206131327,32.989210193681));
#460 = CARTESIAN_POINT('',(4.189837402344,32.989210193681));
#461 = CARTESIAN_POINT('',(4.129099944362,32.989210193681));
#462 = CARTESIAN_POINT('',(4.098731215379,32.989210193681));
#463 = CARTESIAN_POINT('',(4.068362486399,32.989210193681));
#464 = CARTESIAN_POINT('',(4.037993757419,32.989210193681));
#465 = CARTESIAN_POINT('',(4.007625028435,32.989210193681));
#466 = CARTESIAN_POINT('',(3.941651582686,32.989210193681));
#467 = CARTESIAN_POINT('',(3.906046865949,32.989210193681));
#468 = CARTESIAN_POINT('',(3.870442149223,32.989210193681));
#469 = CARTESIAN_POINT('',(3.834837432496,32.989210193681));
#470 = CARTESIAN_POINT('',(3.799232715759,32.989210193681));
#471 = CARTESIAN_POINT('',(3.735353665115,32.989210193681));
#472 = CARTESIAN_POINT('',(3.707079331233,32.989210193681));
#473 = CARTESIAN_POINT('',(3.678804997354,32.989210193681));
#474 = CARTESIAN_POINT('',(3.650530663474,32.989210193681));
#475 = CARTESIAN_POINT('',(3.622256329593,32.989210193681));
#476 = CARTESIAN_POINT('',(3.560471674057,32.989210193681));
#477 = CARTESIAN_POINT('',(3.526961352421,32.989210193681));
#478 = CARTESIAN_POINT('',(3.493451030792,32.989210193681));
#479 = CARTESIAN_POINT('',(3.459940709163,32.989210193681));
#480 = CARTESIAN_POINT('',(3.426430387527,32.989210193681));
#481 = CARTESIAN_POINT('',(3.364645731991,32.989210193681));
#482 = CARTESIAN_POINT('',(3.33637139811,32.989210193681));
#483 = CARTESIAN_POINT('',(3.30809706423,32.989210193681));
#484 = CARTESIAN_POINT('',(3.279822730351,32.989210193681));
#485 = CARTESIAN_POINT('',(3.251548396469,32.989210193681));
#486 = CARTESIAN_POINT('',(3.204424506662,32.989210193681));
#487 = CARTESIAN_POINT('',(3.18557495074,32.989210193681));
#488 = CARTESIAN_POINT('',(3.166725394819,32.989210193681));
#489 = CARTESIAN_POINT('',(3.147875838897,32.989210193681));
#490 = CARTESIAN_POINT('',(3.129026282976,32.989210193681));
#491 = CARTESIAN_POINT('',(3.087138380927,32.989210193681));
#492 = CARTESIAN_POINT('',(3.064100034801,32.989210193681));
#493 = CARTESIAN_POINT('',(3.041061688675,32.989210193681));
#494 = CARTESIAN_POINT('',(3.018023342549,32.989210193681));
#495 = CARTESIAN_POINT('',(2.994984996423,32.989210193681));
#496 = CARTESIAN_POINT('',(2.952049896823,32.989210193681));
#497 = CARTESIAN_POINT('',(2.93215314335,32.989210193681));
#498 = CARTESIAN_POINT('',(2.912256389878,32.989210193681));
#499 = CARTESIAN_POINT('',(2.892359636405,32.989210193681));
#500 = CARTESIAN_POINT('',(2.872462882933,32.989210193681));
#501 = CARTESIAN_POINT('',(2.805442446769,32.989210193681));
#502 = CARTESIAN_POINT('',(2.758318018174,32.989210193681));
#503 = CARTESIAN_POINT('',(2.711194460048,32.989210193681));
#504 = CARTESIAN_POINT('',(2.664070901923,32.989210193681));
#505 = CARTESIAN_POINT('',(2.616946473327,32.989210193681));
#506 = CARTESIAN_POINT('',(2.539454061646,32.989210193681));
#507 = CARTESIAN_POINT('',(2.509085332663,32.989210193681));
#508 = CARTESIAN_POINT('',(2.478716603682,32.989210193681));
#509 = CARTESIAN_POINT('',(2.448347874702,32.989210193681));
#510 = CARTESIAN_POINT('',(2.417979145719,32.989210193681));
#511 = CARTESIAN_POINT('',(2.357241687738,32.989210193681));
#512 = CARTESIAN_POINT('',(2.326872958754,32.989210193681));
#513 = CARTESIAN_POINT('',(2.296504229774,32.989210193681));
#514 = CARTESIAN_POINT('',(2.266135500794,32.989210193681));
#515 = CARTESIAN_POINT('',(2.235766771811,32.989210193681));
#516 = CARTESIAN_POINT('',(2.178170906486,32.989210193681));
#517 = CARTESIAN_POINT('',(2.150943770156,32.989210193681));
#518 = CARTESIAN_POINT('',(2.123716633827,32.989210193681));
#519 = CARTESIAN_POINT('',(2.096489497498,32.989210193681));
#520 = CARTESIAN_POINT('',(2.069262361167,32.989210193681));
#521 = CARTESIAN_POINT('',(2.011666495843,32.989210193681));
#522 = CARTESIAN_POINT('',(1.981297766859,32.989210193681));
#523 = CARTESIAN_POINT('',(1.950929037879,32.989210193681));
#524 = CARTESIAN_POINT('',(1.920560308899,32.989210193681));
#525 = CARTESIAN_POINT('',(1.890191579916,32.989210193681));
#526 = CARTESIAN_POINT('',(1.830501319487,32.989210193681));
#527 = CARTESIAN_POINT('',(1.801179788055,32.989210193681));
#528 = CARTESIAN_POINT('',(1.771858256625,32.989210193681));
#529 = CARTESIAN_POINT('',(1.742536725195,32.989210193681));
#530 = CARTESIAN_POINT('',(1.713215193762,32.989210193681));
#531 = CARTESIAN_POINT('',(1.655619328438,32.989210193681));
#532 = CARTESIAN_POINT('',(1.627344994557,32.989210193681));
#533 = CARTESIAN_POINT('',(1.599070660677,32.989210193681));
#534 = CARTESIAN_POINT('',(1.570796326798,32.989210193681));
#535 = CARTESIAN_POINT('',(1.542521992916,32.989210193681));
#536 = CARTESIAN_POINT('',(1.48387893004,32.989210193681));
#537 = CARTESIAN_POINT('',(1.453510201056,32.989210193681));
#538 = CARTESIAN_POINT('',(1.423141472076,32.989210193681));
#539 = CARTESIAN_POINT('',(1.392772743096,32.989210193681));
#540 = CARTESIAN_POINT('',(1.362404014113,32.989210193681));
#541 = CARTESIAN_POINT('',(1.30585534634,32.989210193681));
#542 = CARTESIAN_POINT('',(1.279675407561,32.989210193681));
#543 = CARTESIAN_POINT('',(1.253495468782,32.989210193681));
#544 = CARTESIAN_POINT('',(1.227315530004,32.989210193681));
#545 = CARTESIAN_POINT('',(1.201135591225,32.989210193681));
#546 = CARTESIAN_POINT('',(1.144586923452,32.989210193681));
#547 = CARTESIAN_POINT('',(1.114218194469,32.989210193681));
#548 = CARTESIAN_POINT('',(1.083849465489,32.989210193681));
#549 = CARTESIAN_POINT('',(1.053480736509,32.989210193681));
#550 = CARTESIAN_POINT('',(1.023112007525,32.989210193681));
#551 = CARTESIAN_POINT('',(0.963421747096,32.989210193681));
#552 = CARTESIAN_POINT('',(0.934100215664,32.989210193681));
#553 = CARTESIAN_POINT('',(0.904778684234,32.989210193681));
#554 = CARTESIAN_POINT('',(0.875457152804,32.989210193681));
#555 = CARTESIAN_POINT('',(0.846135621372,32.989210193681));
#556 = CARTESIAN_POINT('',(0.76654889312,32.989210193681));
#557 = CARTESIAN_POINT('',(0.716282667519,32.989210193681));
#558 = CARTESIAN_POINT('',(0.666017642561,32.989210193681));
#559 = CARTESIAN_POINT('',(0.615752617603,32.989210193681));
#560 = CARTESIAN_POINT('',(0.565486392003,32.989210193681));
#561 = CARTESIAN_POINT('',(0.429355073093,32.989210193681));
#562 = CARTESIAN_POINT('',(0.343474253385,32.989210193681));
#563 = CARTESIAN_POINT('',(0.257610597594,32.989210193681));
#564 = CARTESIAN_POINT('',(0.171746941804,32.989210193681));
#565 = CARTESIAN_POINT('',(8.586612209566E-02,32.989210193681));
#566 = CARTESIAN_POINT('',(0.,32.989210193681));
#567 = ( GEOMETRIC_REPRESENTATION_CONTEXT(2) 
PARAMETRIC_REPRESENTATION_CONTEXT() REPRESENTATION_CONTEXT('2D SPACE',''
  ) );
#568 = PCURVE('',#569,#574);
#569 = PLANE('',#570);
#570 = AXIS2_PLACEMENT_3D('',#571,#572,#573);
#571 = CARTESIAN_POINT('',(-100.,-100.,283.6));
#572 = DIRECTION('',(0.,0.,1.));
#573 = DIRECTION('',(1.,0.,0.));
#574 = DEFINITIONAL_REPRESENTATION('',(#575),#748);
#575 = B_SPLINE_CURVE_WITH_KNOTS('',6,(#576,#577,#578,#579,#580,#581,
    #582,#583,#584,#585,#586,#587,#588,#589,#590,#591,#592,#593,#594,
    #595,#596,#597,#598,#599,#600,#601,#602,#603,#604,#605,#606,#607,
    #608,#609,#610,#611,#612,#613,#614,#615,#616,#617,#618,#619,#620,
    #621,#622,#623,#624,#625,#626,#627,#628,#629,#630,#631,#632,#633,
    #634,#635,#636,#637,#638,#639,#640,#641,#642,#643,#644,#645,#646,
    #647,#648,#649,#650,#651,#652,#653,#654,#655,#656,#657,#658,#659,
    #660,#661,#662,#663,#664,#665,#666,#667,#668,#669,#670,#671,#672,
    #673,#674,#675,#676,#677,#678,#679,#680,#681,#682,#683,#684,#685,
    #686,#687,#688,#689,#690,#691,#692,#693,#694,#695,#696,#697,#698,
    #699,#700,#701,#702,#703,#704,#705,#706,#707,#708,#709,#710,#711,
    #712,#713,#714,#715,#716,#717,#718,#719,#720,#721,#722,#723,#724,
    #725,#726,#727,#728,#729,#730,#731,#732,#733,#734,#735,#736,#737,
    #738,#739,#740,#741,#742,#743,#744,#745,#746,#747),.UNSPECIFIED.,.F.
  ,.F.,(7,5,5,5,5,5,5,5,5,5,5,5,5,5,5,5,5,5,5,5,5,5,5,5,5,5,5,5,5,5,5,5,
    5,5,7),(0.,2.900012655515E-02,5.300023128734E-02,7.800034038379E-02,
    9.700042329587E-02,0.125000545486,0.141000615307,0.170000741862,
    0.199000868417,0.228000994972,0.256001117162,0.285001243717,
    0.309001348449,0.338001475004,0.367001601559,0.401001749945,
    0.42800186777,0.460002007422,0.487002125248,0.505002203796,
    0.5270022998,0.546002382712,0.591002381303,0.620002507858,
    0.649002634413,0.675002747874,0.704002874429,0.732002996619,
    0.759003114445,0.788003241,0.813003350097,0.842003476652,
    0.870003598842,0.918003535533,1.),.UNSPECIFIED.);
#576 = CARTESIAN_POINT('',(131.70248132428,100.));
#577 = CARTESIAN_POINT('',(131.70248136503,99.037236672209));
#578 = CARTESIAN_POINT('',(131.66739574271,98.074470696437));
#579 = CARTESIAN_POINT('',(131.59722479058,97.113306063482));
#580 = CARTESIAN_POINT('',(131.4920655057,96.155337933025));
#581 = CARTESIAN_POINT('',(131.3521115489,95.202152633634));
#582 = CARTESIAN_POINT('',(131.03327394619,93.471748050319));
#583 = CARTESIAN_POINT('',(130.86526219848,92.692521814479));
#584 = CARTESIAN_POINT('',(130.67378266709,91.918542041097));
#585 = CARTESIAN_POINT('',(130.45904404851,91.150690215393));
#586 = CARTESIAN_POINT('',(130.22129907031,90.389836221954));
#587 = CARTESIAN_POINT('',(129.68953768383,88.852465595891));
#588 = CARTESIAN_POINT('',(129.39358859598,88.076615034965));
#589 = CARTESIAN_POINT('',(129.07333296185,87.310256881652));
#590 = CARTESIAN_POINT('',(128.7291556493,86.554339910111));
#591 = CARTESIAN_POINT('',(128.36149065984,85.809791448955));
#592 = CARTESIAN_POINT('',(127.67391221547,84.520988925775));
#593 = CARTESIAN_POINT('',(127.36371540742,83.971549223001));
#594 = CARTESIAN_POINT('',(127.04044262713,83.429595446441));
#595 = CARTESIAN_POINT('',(126.70432104748,82.895515424254));
#596 = CARTESIAN_POINT('',(126.35559309157,82.369687639255));
#597 = CARTESIAN_POINT('',(125.46240377109,81.090282685559));
#598 = CARTESIAN_POINT('',(124.9034711211,80.346805236547));
#599 = CARTESIAN_POINT('',(124.31854493394,79.623232219384));
#600 = CARTESIAN_POINT('',(123.70851631837,78.920692794317));
#601 = CARTESIAN_POINT('',(123.07434104071,78.240261944332));
#602 = CARTESIAN_POINT('',(122.04143844997,77.207359398657));
#603 = CARTESIAN_POINT('',(121.65828536783,76.839310137689));
#604 = CARTESIAN_POINT('',(121.26777029291,76.479002693447));
#605 = CARTESIAN_POINT('',(120.87008927224,76.126620395488));
#606 = CARTESIAN_POINT('',(120.46544438537,75.782339901729));
#607 = CARTESIAN_POINT('',(119.30838062651,74.83731581274));
#608 = CARTESIAN_POINT('',(118.54052131422,74.255472705419));
#609 = CARTESIAN_POINT('',(117.75170831409,73.701816255087));
#610 = CARTESIAN_POINT('',(116.94323843962,73.177280387648));
#611 = CARTESIAN_POINT('',(116.11646281119,72.682718576304));
#612 = CARTESIAN_POINT('',(114.4291109403,71.755089035397));
#613 = CARTESIAN_POINT('',(113.56853005695,71.322018754484));
#614 = CARTESIAN_POINT('',(112.69244995447,70.920465435237));
#615 = CARTESIAN_POINT('',(111.80231521062,70.55111255253));
#616 = CARTESIAN_POINT('',(110.89960923255,70.214554619688));
#617 = CARTESIAN_POINT('',(109.07209930666,69.608039679943));
#618 = CARTESIAN_POINT('',(108.14729033247,69.338081004883));
#619 = CARTESIAN_POINT('',(107.21294978063,69.101926082489));
#620 = CARTESIAN_POINT('',(106.27062216384,68.899985307029));
#621 = CARTESIAN_POINT('',(105.32187406096,68.732574547859));
#622 = CARTESIAN_POINT('',(103.44759615818,68.471830128528));
#623 = CARTESIAN_POINT('',(102.52238920006,68.376140478848));
#624 = CARTESIAN_POINT('',(101.59410287958,68.313044814957));
#625 = CARTESIAN_POINT('',(100.66417107194,68.282657502916));
#626 = CARTESIAN_POINT('',(99.734031890705,68.28500866027));
#627 = CARTESIAN_POINT('',(97.843048428159,68.356330841024));
#628 = CARTESIAN_POINT('',(96.882288907468,68.427678359547));
#629 = CARTESIAN_POINT('',(95.924451964285,68.534025923888));
#630 = CARTESIAN_POINT('',(94.971127969051,68.675216484051));
#631 = CARTESIAN_POINT('',(94.023894824091,68.850996727785));
#632 = CARTESIAN_POINT('',(92.306736788063,69.234827052494));
#633 = CARTESIAN_POINT('',(91.534396607245,69.432088602431));
#634 = CARTESIAN_POINT('',(90.768183666183,69.652603521418));
#635 = CARTESIAN_POINT('',(90.00897095797,69.896130037911));
#636 = CARTESIAN_POINT('',(89.257618223767,70.162382817796));
#637 = CARTESIAN_POINT('',(87.617608052072,70.799818364026));
#638 = CARTESIAN_POINT('',(86.73295235469,71.181307055979));
#639 = CARTESIAN_POINT('',(85.862499773411,71.59491764326));
#640 = CARTESIAN_POINT('',(85.007701970851,72.039981830659));
#641 = CARTESIAN_POINT('',(84.169967359488,72.515744424738));
#642 = CARTESIAN_POINT('',(82.53135480104,73.526982173563));
#643 = CARTESIAN_POINT('',(81.730472347118,74.062460109615));
#644 = CARTESIAN_POINT('',(80.949378552196,74.626954483104));
#645 = CARTESIAN_POINT('',(80.189379947968,75.219545012677));
#646 = CARTESIAN_POINT('',(79.451724785531,75.839233794508));
#647 = CARTESIAN_POINT('',(77.900357310664,77.241985752746));
#648 = CARTESIAN_POINT('',(77.095452616524,78.034802363352));
#649 = CARTESIAN_POINT('',(76.324808266706,78.86165851705));
#650 = CARTESIAN_POINT('',(75.590206775562,79.720695455733));
#651 = CARTESIAN_POINT('',(74.893293858044,80.609932280262));
#652 = CARTESIAN_POINT('',(73.713274457866,82.255737374384));
#653 = CARTESIAN_POINT('',(73.215685957794,83.001931729849));
#654 = CARTESIAN_POINT('',(72.743566682176,83.764797365058));
#655 = CARTESIAN_POINT('',(72.29760772239,84.543245304216));
#656 = CARTESIAN_POINT('',(71.878437508497,85.336149247526));
#657 = CARTESIAN_POINT('',(71.022247811887,87.097836931206));
#658 = CARTESIAN_POINT('',(70.596294810446,88.072005915144));
#659 = CARTESIAN_POINT('',(70.209705002719,89.06291248964));
#660 = CARTESIAN_POINT('',(69.863285500067,90.068567026248));
#661 = CARTESIAN_POINT('',(69.557708327425,91.086930301441));
#662 = CARTESIAN_POINT('',(69.070593231463,92.98411853003));
#663 = CARTESIAN_POINT('',(68.877133198413,93.85988878937));
#664 = CARTESIAN_POINT('',(68.713451887717,94.741970994338));
#665 = CARTESIAN_POINT('',(68.579798936577,95.629099776672));
#666 = CARTESIAN_POINT('',(68.476352055829,96.519997680135));
#667 = CARTESIAN_POINT('',(68.354460303598,98.008960420215));
#668 = CARTESIAN_POINT('',(68.319175389056,98.605648775344));
#669 = CARTESIAN_POINT('',(68.297393492877,99.203058790095));
#670 = CARTESIAN_POINT('',(68.289131418711,99.800808666594));
#671 = CARTESIAN_POINT('',(68.294391567305,100.39851624491));
#672 = CARTESIAN_POINT('',(68.336103485026,101.72581116132));
#673 = CARTESIAN_POINT('',(68.379227017016,102.45518974147));
#674 = CARTESIAN_POINT('',(68.442510505779,103.18323586586));
#675 = CARTESIAN_POINT('',(68.525899936898,103.90925388353));
#676 = CARTESIAN_POINT('',(68.62930930823,104.63255137012));
#677 = CARTESIAN_POINT('',(68.859116773513,105.9741604448));
#678 = CARTESIAN_POINT('',(68.980457268489,106.59333936159));
#679 = CARTESIAN_POINT('',(69.116566084149,107.20953216964));
#680 = CARTESIAN_POINT('',(69.267349772235,107.82229922637));
#681 = CARTESIAN_POINT('',(69.432697466908,108.43120495518));
#682 = CARTESIAN_POINT('',(70.038281886923,110.46778962451));
#683 = CARTESIAN_POINT('',(70.545065448154,111.87570590404));
#684 = CARTESIAN_POINT('',(71.131119426797,113.25379136435));
#685 = CARTESIAN_POINT('',(71.79419720777,114.59651496141));
#686 = CARTESIAN_POINT('',(72.531568677448,115.89856762695));
#687 = CARTESIAN_POINT('',(73.860941748095,117.96451701631));
#688 = CARTESIAN_POINT('',(74.411419942419,118.75516427178));
#689 = CARTESIAN_POINT('',(74.990536434132,119.52547946908));
#690 = CARTESIAN_POINT('',(75.597346479284,120.27417365449));
#691 = CARTESIAN_POINT('',(76.230828823738,121.0000176076));
#692 = CARTESIAN_POINT('',(77.548942523205,122.40366613078));
#693 = CARTESIAN_POINT('',(78.233577503553,123.08147456145));
#694 = CARTESIAN_POINT('',(78.942692394023,123.73409810246));
#695 = CARTESIAN_POINT('',(79.675124524861,124.3604403315));
#696 = CARTESIAN_POINT('',(80.429646806761,124.95947743479));
#697 = CARTESIAN_POINT('',(81.900083195763,126.04199287729));
#698 = CARTESIAN_POINT('',(82.611919636308,126.53101717532));
#699 = CARTESIAN_POINT('',(83.339546730327,126.99664642545));
#700 = CARTESIAN_POINT('',(84.082001218922,127.43824932274));
#701 = CARTESIAN_POINT('',(84.838286906464,127.85524793302));
#702 = CARTESIAN_POINT('',(86.465203048409,128.68420313352));
#703 = CARTESIAN_POINT('',(87.338962353301,129.0900282216));
#704 = CARTESIAN_POINT('',(88.227223257708,129.46386505749));
#705 = CARTESIAN_POINT('',(89.128520428206,129.80507587886));
#706 = CARTESIAN_POINT('',(90.041352515511,130.11311306068));
#707 = CARTESIAN_POINT('',(91.855190150221,130.65246298791));
#708 = CARTESIAN_POINT('',(92.755522589614,130.88605648736));
#709 = CARTESIAN_POINT('',(93.663795896695,131.08788848492));
#710 = CARTESIAN_POINT('',(94.578609648952,131.25763050763));
#711 = CARTESIAN_POINT('',(95.498546577328,131.39503673827));
#712 = CARTESIAN_POINT('',(97.312811986076,131.60110467107));
#713 = CARTESIAN_POINT('',(98.206885559913,131.67204673261));
#714 = CARTESIAN_POINT('',(99.103107653608,131.71262439353));
#715 = CARTESIAN_POINT('',(100.00019057112,131.72276475328));
#716 = CARTESIAN_POINT('',(100.8968445545,131.70246781718));
#717 = CARTESIAN_POINT('',(102.75300218504,131.59739256481));
#718 = CARTESIAN_POINT('',(103.71224623969,131.5079489031));
#719 = CARTESIAN_POINT('',(104.66790853977,131.38356649927));
#720 = CARTESIAN_POINT('',(105.6184019575,131.22443235142));
#721 = CARTESIAN_POINT('',(106.56215364542,131.0308294678));
#722 = CARTESIAN_POINT('',(108.3040289372,130.6068501251));
#723 = CARTESIAN_POINT('',(109.10428751536,130.38522845746));
#724 = CARTESIAN_POINT('',(109.89738326162,130.13851480237));
#725 = CARTESIAN_POINT('',(110.68233539325,129.86700303212));
#726 = CARTESIAN_POINT('',(111.458179854,129.57103795276));
#727 = CARTESIAN_POINT('',(113.11228480732,128.87978921421));
#728 = CARTESIAN_POINT('',(113.98707427372,128.47618951837));
#729 = CARTESIAN_POINT('',(114.84685788321,128.04083499729));
#730 = CARTESIAN_POINT('',(115.69020122595,127.57443021557));
#731 = CARTESIAN_POINT('',(116.51571531235,127.07776552168));
#732 = CARTESIAN_POINT('',(118.10059308003,126.04380818669));
#733 = CARTESIAN_POINT('',(118.86126016662,125.50850452725));
#734 = CARTESIAN_POINT('',(119.60284911972,124.94659494357));
#735 = CARTESIAN_POINT('',(120.32420334586,124.35893463692));
#736 = CARTESIAN_POINT('',(121.02421837116,123.74644513597));
#737 = CARTESIAN_POINT('',(122.86347625115,122.01926698156));
#738 = CARTESIAN_POINT('',(123.95933668536,120.85832934321));
#739 = CARTESIAN_POINT('',(124.98408252296,119.63230658132));
#740 = CARTESIAN_POINT('',(125.93297378088,118.34667785383));
#741 = CARTESIAN_POINT('',(126.80180773668,117.00734449403));
#742 = CARTESIAN_POINT('',(128.92827059042,113.25189388125));
#743 = CARTESIAN_POINT('',(130.02571383344,110.74448420363));
#744 = CARTESIAN_POINT('',(130.86083265633,108.13073902217));
#745 = CARTESIAN_POINT('',(131.42198953819,105.44481454893));
#746 = CARTESIAN_POINT('',(131.70248156105,102.72216708954));
#747 = CARTESIAN_POINT('',(131.70248132428,100.));
#748 = ( GEOMETRIC_REPRESENTATION_CONTEXT(2) 
PARAMETRIC_REPRESENTATION_CONTEXT() REPRESENTATION_CONTEXT('2D SPACE',''
  ) );
#749 = ORIENTED_EDGE('',*,*,#750,.T.);
#750 = EDGE_CURVE('',#197,#751,#753,.T.);
#751 = VERTEX_POINT('',#752);
#752 = CARTESIAN_POINT('',(13.976228435536,0.,358.16888470414));
#753 = SEAM_CURVE('',#754,(#769,#776),.PCURVE_S1.);
#754 = B_SPLINE_CURVE_WITH_KNOTS('',3,(#755,#756,#757,#758,#759,#760,
    #761,#762,#763,#764,#765,#766,#767,#768),.UNSPECIFIED.,.F.,.F.,(4,1,
    1,1,1,1,1,1,1,1,1,4),(0.,14.049307893001,27.732272203201,
    40.756352705305,52.975501325771,64.452031882525,75.477058579181,
    86.502085275838,97.978615832591,110.19776445305,123.22184495516,
    136.90480926536),.UNSPECIFIED.);
#755 = CARTESIAN_POINT('',(0.,0.,275.6));
#756 = CARTESIAN_POINT('',(4.673968952145,0.,275.60565330477));
#757 = CARTESIAN_POINT('',(13.960024320652,0.,276.53276711909));
#758 = CARTESIAN_POINT('',(26.997503260573,0.,280.67882686552));
#759 = CARTESIAN_POINT('',(38.293052796732,0.,287.31001673884));
#760 = CARTESIAN_POINT('',(47.074779701527,0.,296.04827267266));
#761 = CARTESIAN_POINT('',(52.69485310849,0.,306.37720575498));
#762 = CARTESIAN_POINT('',(54.639531621527,0.,317.59999131089));
#763 = CARTESIAN_POINT('',(52.694639399222,0.,328.82282971312));
#764 = CARTESIAN_POINT('',(47.075699788224,0.,339.15159412718));
#765 = CARTESIAN_POINT('',(38.28925393563,0.,347.89052778855));
#766 = CARTESIAN_POINT('',(27.013022170004,0.,354.5189502435));
#767 = CARTESIAN_POINT('',(18.419124958031,-0.,357.24305425308));
#768 = CARTESIAN_POINT('',(13.976228435536,0.,358.16888470414));
#769 = PCURVE('',#374,#770);
#770 = DEFINITIONAL_REPRESENTATION('',(#771),#775);
#771 = LINE('',#772,#773);
#772 = CARTESIAN_POINT('',(0.,0.));
#773 = VECTOR('',#774,1.);
#774 = DIRECTION('',(0.,1.));
#775 = ( GEOMETRIC_REPRESENTATION_CONTEXT(2) 
PARAMETRIC_REPRESENTATION_CONTEXT() REPRESENTATION_CONTEXT('2D SPACE',''
  ) );
#776 = PCURVE('',#374,#777);
#777 = DEFINITIONAL_REPRESENTATION('',(#778),#782);
#778 = LINE('',#779,#780);
#779 = CARTESIAN_POINT('',(6.28318530718,0.));
#780 = VECTOR('',#781,1.);
#781 = DIRECTION('',(0.,1.));
#782 = ( GEOMETRIC_REPRESENTATION_CONTEXT(2) 
PARAMETRIC_REPRESENTATION_CONTEXT() REPRESENTATION_CONTEXT('2D SPACE',''
  ) );
#783 = ORIENTED_EDGE('',*,*,#784,.F.);
#784 = EDGE_CURVE('',#751,#751,#785,.T.);
#785 = SURFACE_CURVE('',#786,(#791,#798),.PCURVE_S1.);
#786 = CIRCLE('',#787,13.976228435536);
#787 = AXIS2_PLACEMENT_3D('',#788,#789,#790);
#788 = CARTESIAN_POINT('',(0.,0.,358.16888470414));
#789 = DIRECTION('',(0.,0.,1.));
#790 = DIRECTION('',(1.,0.,-0.));
#791 = PCURVE('',#374,#792);
#792 = DEFINITIONAL_REPRESENTATION('',(#793),#797);
#793 = LINE('',#794,#795);
#794 = CARTESIAN_POINT('',(0.,136.90480926536));
#795 = VECTOR('',#796,1.);
#796 = DIRECTION('',(1.,0.));
#797 = ( GEOMETRIC_REPRESENTATION_CONTEXT(2) 
PARAMETRIC_REPRESENTATION_CONTEXT() REPRESENTATION_CONTEXT('2D SPACE',''
  ) );
#798 = PCURVE('',#799,#804);
#799 = CONICAL_SURFACE('',#800,13.976228435536,1.468755581163);
#800 = AXIS2_PLACEMENT_3D('',#801,#802,#803);
#801 = CARTESIAN_POINT('',(0.,0.,358.16888470414));
#802 = DIRECTION('',(-0.,-0.,-1.));
#803 = DIRECTION('',(1.,0.,-0.));
#804 = DEFINITIONAL_REPRESENTATION('',(#805),#809);
#805 = LINE('',#806,#807);
#806 = CARTESIAN_POINT('',(-0.,-0.));
#807 = VECTOR('',#808,1.);
#808 = DIRECTION('',(-1.,-0.));
#809 = ( GEOMETRIC_REPRESENTATION_CONTEXT(2) 
PARAMETRIC_REPRESENTATION_CONTEXT() REPRESENTATION_CONTEXT('2D SPACE',''
  ) );
#810 = ORIENTED_EDGE('',*,*,#750,.F.);
#811 = ADVANCED_FACE('',(#812),#569,.F.);
#812 = FACE_BOUND('',#813,.F.);
#813 = EDGE_LOOP('',(#814));
#814 = ORIENTED_EDGE('',*,*,#196,.F.);
#815 = ADVANCED_FACE('',(#816),#799,.T.);
#816 = FACE_BOUND('',#817,.T.);
#817 = EDGE_LOOP('',(#818,#819,#842));
#818 = ORIENTED_EDGE('',*,*,#784,.T.);
#819 = ORIENTED_EDGE('',*,*,#820,.T.);
#820 = EDGE_CURVE('',#751,#821,#823,.T.);
#821 = VERTEX_POINT('',#822);
#822 = CARTESIAN_POINT('',(0.,0.,359.6));
#823 = SEAM_CURVE('',#824,(#828,#835),.PCURVE_S1.);
#824 = LINE('',#825,#826);
#825 = CARTESIAN_POINT('',(13.976228435536,0.,358.16888470414));
#826 = VECTOR('',#827,1.);
#827 = DIRECTION('',(-0.994798358893,0.,0.101863757757));
#828 = PCURVE('',#799,#829);
#829 = DEFINITIONAL_REPRESENTATION('',(#830),#834);
#830 = LINE('',#831,#832);
#831 = CARTESIAN_POINT('',(-0.,-0.));
#832 = VECTOR('',#833,1.);
#833 = DIRECTION('',(-0.,-1.));
#834 = ( GEOMETRIC_REPRESENTATION_CONTEXT(2) 
PARAMETRIC_REPRESENTATION_CONTEXT() REPRESENTATION_CONTEXT('2D SPACE',''
  ) );
#835 = PCURVE('',#799,#836);
#836 = DEFINITIONAL_REPRESENTATION('',(#837),#841);
#837 = LINE('',#838,#839);
#838 = CARTESIAN_POINT('',(-6.28318530718,-0.));
#839 = VECTOR('',#840,1.);
#840 = DIRECTION('',(-0.,-1.));
#841 = ( GEOMETRIC_REPRESENTATION_CONTEXT(2) 
PARAMETRIC_REPRESENTATION_CONTEXT() REPRESENTATION_CONTEXT('2D SPACE',''
  ) );
#842 = ORIENTED_EDGE('',*,*,#820,.F.);
#843 = ( GEOMETRIC_REPRESENTATION_CONTEXT(3) 
GLOBAL_UNCERTAINTY_ASSIGNED_CONTEXT((#847)) GLOBAL_UNIT_ASSIGNED_CONTEXT
((#844,#845,#846)) REPRESENTATION_CONTEXT('Context #1',
  '3D Context with UNIT and UNCERTAINTY') );
#844 = ( LENGTH_UNIT() NAMED_UNIT(*) SI_UNIT(.MILLI.,.METRE.) );
#845 = ( NAMED_UNIT(*) PLANE_ANGLE_UNIT() SI_UNIT($,.RADIAN.) );
#846 = ( NAMED_UNIT(*) SI_UNIT($,.STERADIAN.) SOLID_ANGLE_UNIT() );
#847 = UNCERTAINTY_MEASURE_WITH_UNIT(LENGTH_MEASURE(2.E-06),#844,
  'distance_accuracy_value','confusion accuracy');
#848 = CONTEXT_DEPENDENT_SHAPE_REPRESENTATION(#849,#851);
#849 = ( REPRESENTATION_RELATIONSHIP('','',#189,#10) 
REPRESENTATION_RELATIONSHIP_WITH_TRANSFORMATION(#850) 
SHAPE_REPRESENTATION_RELATIONSHIP() );
#850 = ITEM_DEFINED_TRANSFORMATION('','',#11,#19);
#851 = PRODUCT_DEFINITION_SHAPE('Placement','Placement of an item',#852
  );
#852 = NEXT_ASSEMBLY_USAGE_OCCURRENCE('2','head','',#5,#184,$);
#853 = PRODUCT_RELATED_PRODUCT_CATEGORY('part',$,(#186));
#854 = SHAPE_DEFINITION_REPRESENTATION(#855,#861);
#855 = PRODUCT_DEFINITION_SHAPE('','',#856);
#856 = PRODUCT_DEFINITION('design','',#857,#860);
#857 = PRODUCT_DEFINITION_FORMATION('','',#858);
#858 = PRODUCT('visor','visor','',(#859));
#859 = PRODUCT_CONTEXT('',#2,'mechanical');
#860 = PRODUCT_DEFINITION_CONTEXT('part definition',#2,'design');
#861 = ADVANCED_BREP_SHAPE_REPRESENTATION('',(#11,#862),#1952);
#862 = MANIFOLD_SOLID_BREP('',#863);
#863 = CLOSED_SHELL('',(#864,#1893,#1948));
#864 = ADVANCED_FACE('',(#865),#1149,.T.);
#865 = FACE_BOUND('',#866,.T.);
#866 = EDGE_LOOP('',(#867));
#867 = ORIENTED_EDGE('',*,*,#868,.T.);
#868 = EDGE_CURVE('',#869,#869,#871,.T.);
#869 = VERTEX_POINT('',#870);
#870 = CARTESIAN_POINT('',(37.382055032686,40.,319.6));
#871 = SURFACE_CURVE('',#872,(#1148,#1526),.PCURVE_S1.);
#872 = B_SPLINE_CURVE_WITH_KNOTS('',8,(#873,#874,#875,#876,#877,#878,
    #879,#880,#881,#882,#883,#884,#885,#886,#887,#888,#889,#890,#891,
    #892,#893,#894,#895,#896,#897,#898,#899,#900,#901,#902,#903,#904,
    #905,#906,#907,#908,#909,#910,#911,#912,#913,#914,#915,#916,#917,
    #918,#919,#920,#921,#922,#923,#924,#925,#926,#927,#928,#929,#930,
    #931,#932,#933,#934,#935,#936,#937,#938,#939,#940,#941,#942,#943,
    #944,#945,#946,#947,#948,#949,#950,#951,#952,#953,#954,#955,#956,
    #957,#958,#959,#960,#961,#962,#963,#964,#965,#966,#967,#968,#969,
    #970,#971,#972,#973,#974,#975,#976,#977,#978,#979,#980,#981,#982,
    #983,#984,#985,#986,#987,#988,#989,#990,#991,#992,#993,#994,#995,
    #996,#997,#998,#999,#1000,#1001,#1002,#1003,#1004,#1005,#1006,#1007,
    #1008,#1009,#1010,#1011,#1012,#1013,#1014,#1015,#1016,#1017,#1018,
    #1019,#1020,#1021,#1022,#1023,#1024,#1025,#1026,#1027,#1028,#1029,
    #1030,#1031,#1032,#1033,#1034,#1035,#1036,#1037,#1038,#1039,#1040,
    #1041,#1042,#1043,#1044,#1045,#1046,#1047,#1048,#1049,#1050,#1051,
    #1052,#1053,#1054,#1055,#1056,#1057,#1058,#1059,#1060,#1061,#1062,
    #1063,#1064,#1065,#1066,#1067,#1068,#1069,#1070,#1071,#1072,#1073,
    #1074,#1075,#1076,#1077,#1078,#1079,#1080,#1081,#1082,#1083,#1084,
    #1085,#1086,#1087,#1088,#1089,#1090,#1091,#1092,#1093,#1094,#1095,
    #1096,#1097,#1098,#1099,#1100,#1101,#1102,#1103,#1104,#1105,#1106,
    #1107,#1108,#1109,#1110,#1111,#1112,#1113,#1114,#1115,#1116,#1117,
    #1118,#1119,#1120,#1121,#1122,#1123,#1124,#1125,#1126,#1127,#1128,
    #1129,#1130,#1131,#1132,#1133,#1134,#1135,#1136,#1137,#1138,#1139,
    #1140,#1141,#1142,#1143,#1144,#1145,#1146,#1147),.UNSPECIFIED.,.T.,
  .F.,(9,7,7,7,7,7,7,7,7,7,7,7,7,7,7,7,7,7,7,7,7,7,7,7,7,7,7,7,7,7,7,7,7
    ,7,7,7,7,7,7,9),(0.,0.109560839881,0.223006917636,0.312305733596,
    0.53761833728,0.596912557008,0.654619003841,0.771903269469,1.,
    1.227812399789,1.406523273266,1.46394960783,1.687439694197,
    1.77676554119,1.84721671373,1.887306763483,1.971719742206,
    2.01065948681,2.050056605925,2.076652595897,2.11112815249,
    2.188902474127,2.275306176348,2.338131542952,2.382612705703,
    2.425881350178,2.515564611442,2.764472786989,2.886487133895,
    3.005955486927,3.12726509281,3.247437254347,3.496345403808,
    3.631089924487,3.673779690023,3.73488103352,3.821397077094,
    3.932299024167,3.9677329799,4.011888598972),.UNSPECIFIED.);
#873 = CARTESIAN_POINT('',(37.382055032686,40.,319.6));
#874 = CARTESIAN_POINT('',(37.329947055334,40.,320.18177721512));
#875 = CARTESIAN_POINT('',(37.289262628973,39.973137706131,
    320.76430405051));
#876 = CARTESIAN_POINT('',(37.26032499298,39.919292039253,
    321.34639786718));
#877 = CARTESIAN_POINT('',(37.243284015065,39.838546306104,
    321.92691596455));
#878 = CARTESIAN_POINT('',(37.23811281867,39.731171821972,
    322.50475820605));
#879 = CARTESIAN_POINT('',(37.244613174578,39.597613433657,
    323.07886955589));
#880 = CARTESIAN_POINT('',(37.262429656743,39.438476942711,
    323.64824252708));
#881 = CARTESIAN_POINT('',(37.320731200378,39.064036392883,
    324.7955856237));
#882 = CARTESIAN_POINT('',(37.362001041816,38.846918896457,
    325.37321085887));
#883 = CARTESIAN_POINT('',(37.414346684897,38.603970039566,
    325.94380681525));
#884 = CARTESIAN_POINT('',(37.477090720935,38.336109548338,
    326.5065491532));
#885 = CARTESIAN_POINT('',(37.549458115377,38.044322254841,
    327.06076107462));
#886 = CARTESIAN_POINT('',(37.630615645294,37.729615415677,
    327.60589834781));
#887 = CARTESIAN_POINT('',(37.719706393285,37.392983869453,
    328.14153590685));
#888 = CARTESIAN_POINT('',(37.891581575639,36.753898367458,
    329.08125410747));
#889 = CARTESIAN_POINT('',(37.971678178993,36.459416687708,
    329.4890754222));
#890 = CARTESIAN_POINT('',(38.055844176098,36.152387997128,
    329.89068765756));
#891 = CARTESIAN_POINT('',(38.143753877175,35.833248851434,
    330.28598720629));
#892 = CARTESIAN_POINT('',(38.235084128114,35.502418300902,
    330.67489647421));
#893 = CARTESIAN_POINT('',(38.329517604175,35.160293832453,
    331.05736118855));
#894 = CARTESIAN_POINT('',(38.426746103687,34.807247311736,
    331.43334770618));
#895 = CARTESIAN_POINT('',(38.778099981248,33.526143945987,
    332.73511856538));
#896 = CARTESIAN_POINT('',(39.04554871421,32.541631620163,
    333.62573366946));
#897 = CARTESIAN_POINT('',(39.32414075299,31.495292243892,
    334.47486543424));
#898 = CARTESIAN_POINT('',(39.609531940553,30.391627566066,
    335.28269436683));
#899 = CARTESIAN_POINT('',(39.897779347328,29.234505655709,
    336.04942127771));
#900 = CARTESIAN_POINT('',(40.185365807516,28.027172727795,
    336.77526128189));
#901 = CARTESIAN_POINT('',(40.469182894844,26.77220392747,
    337.46041220507));
#902 = CARTESIAN_POINT('',(40.819445002805,25.129066174925,
    338.27462916512));
#903 = CARTESIAN_POINT('',(40.891960549285,24.783589235144,
    338.44143925185));
#904 = CARTESIAN_POINT('',(40.963965502353,24.435005055081,
    338.60542605634));
#905 = CARTESIAN_POINT('',(41.035412855625,24.083353409525,
    338.76658767957));
#906 = CARTESIAN_POINT('',(41.106249176192,23.728676685006,
    338.92491968227));
#907 = CARTESIAN_POINT('',(41.176424491058,23.371015772396,
    339.08041695709));
#908 = CARTESIAN_POINT('',(41.245900168168,23.010406720633,
    339.23307519899));
#909 = CARTESIAN_POINT('',(41.381519403421,22.293104836235,
    339.52868806842));
#910 = CARTESIAN_POINT('',(41.447702626876,21.936566188237,
    339.67179300845));
#911 = CARTESIAN_POINT('',(41.513139390968,21.577307900186,
    339.81219605893));
#912 = CARTESIAN_POINT('',(41.577790093891,21.215365659677,
    339.9498899572));
#913 = CARTESIAN_POINT('',(41.641615816537,20.850775656491,
    340.08486639934));
#914 = CARTESIAN_POINT('',(41.704578322497,20.483574582591,
    340.21711604023));
#915 = CARTESIAN_POINT('',(41.76664005806,20.113799632129,
    340.34662849351));
#916 = CARTESIAN_POINT('',(41.951994543941,18.984792500474,
    340.73103085338));
#917 = CARTESIAN_POINT('',(42.072350927205,18.217624315623,
    340.97731452766));
#918 = CARTESIAN_POINT('',(42.188524490842,17.440299281865,
    341.21214987461));
#919 = CARTESIAN_POINT('',(42.300214871522,16.653155790248,
    341.43542424311));
#920 = CARTESIAN_POINT('',(42.407131393104,15.856559514351,
    341.64700963659));
#921 = CARTESIAN_POINT('',(42.508994306002,15.050907636761,
    341.8467665387));
#922 = CARTESIAN_POINT('',(42.605536026544,14.236633075537,
    342.0345477391));
#923 = CARTESIAN_POINT('',(42.873415510122,11.814741742735,
    342.55181830618));
#924 = CARTESIAN_POINT('',(43.029286021928,10.184045510403,
    342.8476533832));
#925 = CARTESIAN_POINT('',(43.162171448792,8.526088506179,
    343.09644543329));
#926 = CARTESIAN_POINT('',(43.27038841668,6.84527921028,343.29700113602)
  );
#927 = CARTESIAN_POINT('',(43.352564071057,5.146512975271,
    343.44827148868));
#928 = CARTESIAN_POINT('',(43.40770210721,3.435230969582,343.54943277391
    ));
#929 = CARTESIAN_POINT('',(43.43526370961,1.717484745849,343.6));
#930 = CARTESIAN_POINT('',(43.43526370961,-1.715343839612,343.6));
#931 = CARTESIAN_POINT('',(43.407770777295,-3.430948147989,
    343.54955876317));
#932 = CARTESIAN_POINT('',(43.35277015748,-5.140113071768,
    343.44864959285));
#933 = CARTESIAN_POINT('',(43.270797919467,-6.836808993418,
    343.29775495301));
#934 = CARTESIAN_POINT('',(43.162845479042,-8.515613298791,
    343.09769458332));
#935 = CARTESIAN_POINT('',(43.030279190774,-10.17164631269,
    342.8495127766));
#936 = CARTESIAN_POINT('',(42.874774715985,-11.8005127907,
    342.55439789657));
#937 = CARTESIAN_POINT('',(42.559800846375,-14.65162861196,
    341.94626882253));
#938 = CARTESIAN_POINT('',(42.408388347444,-15.88604471612,
    341.65078010619));
#939 = CARTESIAN_POINT('',(42.244922013302,-17.09988034824,
    341.32767048181));
#940 = CARTESIAN_POINT('',(42.070370975874,-18.29170327956,
    340.97744416861));
#941 = CARTESIAN_POINT('',(41.885765820779,-19.46023515758,
    340.60055853965));
#942 = CARTESIAN_POINT('',(41.69219087028,-20.60431833301,
    340.19739849123));
#943 = CARTESIAN_POINT('',(41.490782789136,-21.72288672845,
    339.76824683005));
#944 = CARTESIAN_POINT('',(41.215882320592,-23.16585761421,
    339.16704378711));
#945 = CARTESIAN_POINT('',(41.148344134876,-23.51403326189,
    339.01816964985));
#946 = CARTESIAN_POINT('',(41.080161988922,-23.85943269947,
    338.86663402179));
#947 = CARTESIAN_POINT('',(41.011372660429,-24.20202237216,
    338.71244083182));
#948 = CARTESIAN_POINT('',(40.942022435076,-24.54176482368,
    338.55559459186));
#949 = CARTESIAN_POINT('',(40.87215965878,-24.87862166021,338.396099055)
  );
#950 = CARTESIAN_POINT('',(40.801826844523,-25.21255662772,
    338.23395575779));
#951 = CARTESIAN_POINT('',(40.455715795145,-26.83160524382,
    337.4278425649));
#952 = CARTESIAN_POINT('',(40.174051955569,-28.074490025,336.74660839885
    ));
#953 = CARTESIAN_POINT('',(39.888783808167,-29.27041786506,
    336.0253378277));
#954 = CARTESIAN_POINT('',(39.60295421807,-30.41686366253,
    335.26383484448));
#955 = CARTESIAN_POINT('',(39.32000261584,-31.51064998284,
    334.46188798525));
#956 = CARTESIAN_POINT('',(39.043780998885,-32.54799459459,
    333.61930092541));
#957 = CARTESIAN_POINT('',(38.778530006255,-33.52449986523,
    332.73589887849));
#958 = CARTESIAN_POINT('',(38.429007514551,-34.79903170615,
    331.44204587122));
#959 = CARTESIAN_POINT('',(38.331695391138,-35.15239957926,
    331.06608298031));
#960 = CARTESIAN_POINT('',(38.237174588827,-35.49484551227,
    330.68363763346));
#961 = CARTESIAN_POINT('',(38.145753443861,-35.825997667,330.29474324959
    ));
#962 = CARTESIAN_POINT('',(38.057749447887,-36.1454585421,
    329.89945384805));
#963 = CARTESIAN_POINT('',(37.973485959385,-36.45280902459,
    329.49784673897));
#964 = CARTESIAN_POINT('',(37.89328891509,-36.7476124413,329.09002521351
    ));
#965 = CARTESIAN_POINT('',(37.757695947573,-37.25167874787,
    328.34967573545));
#966 = CARTESIAN_POINT('',(37.700636908653,-37.46585265609,
    328.01944882096));
#967 = CARTESIAN_POINT('',(37.646508684471,-37.67171429431,
    327.68551356965));
#968 = CARTESIAN_POINT('',(37.595515878632,-37.86903078425,
    327.34795942783));
#969 = CARTESIAN_POINT('',(37.547861446763,-38.05756510125,
    327.00689337888));
#970 = CARTESIAN_POINT('',(37.503743180262,-38.23707915563,
    326.66244129039));
#971 = CARTESIAN_POINT('',(37.463350665565,-38.40733726395,
    326.31474943859));
#972 = CARTESIAN_POINT('',(37.40609935129,-38.6595973081,325.76438534091
    ));
#973 = CARTESIAN_POINT('',(37.386600310997,-38.74801308398,
    325.56378995695));
#974 = CARTESIAN_POINT('',(37.368398494113,-38.83331496558,
    325.36223134371));
#975 = CARTESIAN_POINT('',(37.351525550386,-38.91546135577,
    325.15974287677));
#976 = CARTESIAN_POINT('',(37.336011662418,-38.9944116767,
    324.95636008389));
#977 = CARTESIAN_POINT('',(37.321885324837,-39.07012661384,
    324.75212070709));
#978 = CARTESIAN_POINT('',(37.309173123464,-39.14256836,324.54706476467)
  );
#979 = CARTESIAN_POINT('',(37.274161980587,-39.35726516352,
    323.9078418812));
#980 = CARTESIAN_POINT('',(37.256801533464,-39.4881635362,
    323.47100019087));
#981 = CARTESIAN_POINT('',(37.246048263323,-39.60405116816,
    323.03112344077));
#982 = CARTESIAN_POINT('',(37.24208783174,-39.70462909639,
    322.58865014349));
#983 = CARTESIAN_POINT('',(37.245054381917,-39.78964924167,
    322.14404336002));
#984 = CARTESIAN_POINT('',(37.255025018403,-39.85892000291,
    321.69779054977));
#985 = CARTESIAN_POINT('',(37.272015856292,-39.91231240819,
    321.25040333613));
#986 = CARTESIAN_POINT('',(37.307034143926,-39.96704456069,
    320.59576097848));
#987 = CARTESIAN_POINT('',(37.319572736698,-39.98093094138,
    320.3889738905));
#988 = CARTESIAN_POINT('',(37.33359082146,-39.99142019815,
    320.18210679745));
#989 = CARTESIAN_POINT('',(37.349081221801,-39.9985095318,
    319.97521011193));
#990 = CARTESIAN_POINT('',(37.366034181654,-40.00219911057,
    319.7683337855));
#991 = CARTESIAN_POINT('',(37.384437365295,-40.00249207008,
    319.56152730874));
#992 = CARTESIAN_POINT('',(37.404275857345,-39.99939451336,
    319.35483971124));
#993 = CARTESIAN_POINT('',(37.447038138355,-39.98636040796,
    318.93937368843));
#994 = CARTESIAN_POINT('',(37.4699959447,-39.97634388158,318.7305987106)
  );
#995 = CARTESIAN_POINT('',(37.49438500444,-39.96287507881,
    318.52204414193));
#996 = CARTESIAN_POINT('',(37.52019376545,-39.94596636878,
    318.31376038617));
#997 = CARTESIAN_POINT('',(37.547382023258,-39.92563220443,
    318.10579165683));
#998 = CARTESIAN_POINT('',(37.57594870321,-39.90189061115,
    317.89818790213));
#999 = CARTESIAN_POINT('',(37.605845074335,-39.87476087841,
    317.69099005629));
#1000 = CARTESIAN_POINT('',(37.658127771738,-39.82367873901,
    317.34467467499));
#1001 = CARTESIAN_POINT('',(37.679798230913,-39.80155814913,
    317.20531116072));
#1002 = CARTESIAN_POINT('',(37.702063814522,-39.77791059231,
    317.06616708121));
#1003 = CARTESIAN_POINT('',(37.724919327671,-39.75274342676,
    316.92725592547));
#1004 = CARTESIAN_POINT('',(37.7483591806,-39.72606444188,
    316.78859084625));
#1005 = CARTESIAN_POINT('',(37.772377388686,-39.69788185826,
    316.65018466002));
#1006 = CARTESIAN_POINT('',(37.79696757244,-39.66820432765,
    316.51204984699));
#1007 = CARTESIAN_POINT('',(37.85473110266,-39.59664479139,
    316.19550619339));
#1008 = CARTESIAN_POINT('',(37.888289019989,-39.55375185726,
    316.01729011018));
#1009 = CARTESIAN_POINT('',(37.922782041854,-39.50838179886,
    315.83957677382));
#1010 = CARTESIAN_POINT('',(37.958194541346,-39.46055529312,
    315.66239149549));
#1011 = CARTESIAN_POINT('',(37.994510016487,-39.41029391731,
    315.48575845246));
#1012 = CARTESIAN_POINT('',(38.031711174424,-39.35762004068,
    315.3097007153));
#1013 = CARTESIAN_POINT('',(38.069780015632,-39.30255671617,
    315.13424027507));
#1014 = CARTESIAN_POINT('',(38.196493845515,-39.1155716441,
    314.56496690862));
#1015 = CARTESIAN_POINT('',(38.288610911306,-38.97397544891,
    314.17368230716));
#1016 = CARTESIAN_POINT('',(38.384835071498,-38.82061069439,
    313.78578364311));
#1017 = CARTESIAN_POINT('',(38.484937770247,-38.65576162223,
    313.40147950119));
#1018 = CARTESIAN_POINT('',(38.588680159125,-38.47971991473,
    313.02094988706));
#1019 = CARTESIAN_POINT('',(38.695817316404,-38.29277960146,
    312.64434844044));
#1020 = CARTESIAN_POINT('',(38.806102466341,-38.09523196597,
    312.27180464813));
#1021 = CARTESIAN_POINT('',(39.04503868554,-37.65642474056,
    311.49417434781));
#1022 = CARTESIAN_POINT('',(39.174368895029,-37.41274900356,
    311.09006666243));
#1023 = CARTESIAN_POINT('',(39.306947074107,-37.15672008708,
    310.69124380564));
#1024 = CARTESIAN_POINT('',(39.442440766878,-36.88871557126,
    310.29781929573));
#1025 = CARTESIAN_POINT('',(39.580522986733,-36.6091000543,
    309.90988197353));
#1026 = CARTESIAN_POINT('',(39.720875388703,-36.318221436,
    309.52749861111));
#1027 = CARTESIAN_POINT('',(39.863191441816,-36.01640720122,
    309.1507165205));
#1028 = CARTESIAN_POINT('',(40.111875449938,-35.47677638995,
    308.50969743337));
#1029 = CARTESIAN_POINT('',(40.21745440077,-35.24397271422,
    308.24280827195));
#1030 = CARTESIAN_POINT('',(40.323803750728,-35.00566718297,
    307.97891089856));
#1031 = CARTESIAN_POINT('',(40.430813877032,-34.76197265167,
    307.71801487143));
#1032 = CARTESIAN_POINT('',(40.538378415578,-34.51299710877,
    307.46012729892));
#1033 = CARTESIAN_POINT('',(40.646394439182,-34.25884345984,
    307.20525305175));
#1034 = CARTESIAN_POINT('',(40.754762635813,-33.99960931181,
    306.9533949752));
#1035 = CARTESIAN_POINT('',(40.940295270068,-33.54831381046,
    306.52837158137));
#1036 = CARTESIAN_POINT('',(41.017331336987,-33.35874062049,
    306.35370186412));
#1037 = CARTESIAN_POINT('',(41.094460465039,-33.1667000625,
    306.18054547231));
#1038 = CARTESIAN_POINT('',(41.171661376903,-32.97222443284,
    306.00890318849));
#1039 = CARTESIAN_POINT('',(41.248906204887,-32.77534480488,
    305.83877544719));
#1040 = CARTESIAN_POINT('',(41.326165712792,-32.57609117034,
    305.67016248794));
#1041 = CARTESIAN_POINT('',(41.403417594763,-32.37449268788,
    305.50306461259));
#1042 = CARTESIAN_POINT('',(41.555747861787,-31.97222058925,
    305.17641281065));
#1043 = CARTESIAN_POINT('',(41.630828301988,-31.77167171775,
    305.01677753073));
#1044 = CARTESIAN_POINT('',(41.705853361386,-31.56895657338,
    304.85857616314));
#1045 = CARTESIAN_POINT('',(41.780800318751,-31.36410025318,
    304.7018088679));
#1046 = CARTESIAN_POINT('',(41.855646861502,-31.15712712365,
    304.54647585237));
#1047 = CARTESIAN_POINT('',(41.930371085702,-30.94806082076,
    304.39257737132));
#1048 = CARTESIAN_POINT('',(42.004951496063,-30.7369242499,
    304.24011372686));
#1049 = CARTESIAN_POINT('',(42.233608621215,-30.08187004855,
    303.77604738951));
#1050 = CARTESIAN_POINT('',(42.38714098681,-29.6312040203,
    303.46917683868));
#1051 = CARTESIAN_POINT('',(42.539777014519,-29.17193682398,
    303.16847518274));
#1052 = CARTESIAN_POINT('',(42.691335439751,-28.70425482179,
    302.87394802561));
#1053 = CARTESIAN_POINT('',(42.841640661666,-28.22833573961,
    302.58560470166));
#1054 = CARTESIAN_POINT('',(42.990522583294,-27.74434899131,
    302.30345796891));
#1055 = CARTESIAN_POINT('',(43.137816451674,-27.25245600302,
    302.02752370232));
#1056 = CARTESIAN_POINT('',(43.687313782207,-25.36608753598,
    301.00928279506));
#1057 = CARTESIAN_POINT('',(44.077758687122,-23.91979950446,
    300.30882524063));
#1058 = CARTESIAN_POINT('',(44.451350764487,-22.41704880949,
    299.65672148881));
#1059 = CARTESIAN_POINT('',(44.804891187971,-20.86092709016,
    299.05373285456));
#1060 = CARTESIAN_POINT('',(45.13534587864,-19.25467375915,
    298.50092117112));
#1061 = CARTESIAN_POINT('',(45.439869444353,-17.60177774062,
    297.99955348104));
#1062 = CARTESIAN_POINT('',(45.715838155492,-15.90608234141,
    297.55103738804));
#1063 = CARTESIAN_POINT('',(46.081019910399,-13.32188609398,
    296.96358399028));
#1064 = CARTESIAN_POINT('',(46.193708330268,-12.46265059826,
    296.78340648537));
#1065 = CARTESIAN_POINT('',(46.298675897832,-11.59481269653,
    296.61647206621));
#1066 = CARTESIAN_POINT('',(46.395658671702,-10.71897822224,
    296.46295950529));
#1067 = CARTESIAN_POINT('',(46.484409020954,-9.835797007557,
    296.32304351309));
#1068 = CARTESIAN_POINT('',(46.564702227228,-8.945965647197,
    296.19689035703));
#1069 = CARTESIAN_POINT('',(46.636342764709,-8.050230698716,
    296.08465296939));
#1070 = CARTESIAN_POINT('',(46.76066695266,-6.267354846564,
    295.89032655106));
#1071 = CARTESIAN_POINT('',(46.813716455631,-5.380404091922,
    295.80765518909));
#1072 = CARTESIAN_POINT('',(46.85814807103,-4.489308740413,
    295.7385793045));
#1073 = CARTESIAN_POINT('',(46.893829937852,-3.594856552019,
    295.6832056457));
#1074 = CARTESIAN_POINT('',(46.920660710995,-2.697856808067,
    295.64161747298));
#1075 = CARTESIAN_POINT('',(46.93857125589,-1.799140888551,
    295.61387236081));
#1076 = CARTESIAN_POINT('',(46.947526343138,-0.899562849441,295.6));
#1077 = CARTESIAN_POINT('',(46.947526343138,0.913426961725,295.6));
#1078 = CARTESIAN_POINT('',(46.938293092466,1.826870225995,
    295.61430326786));
#1079 = CARTESIAN_POINT('',(46.91982619004,2.739410614787,
    295.64291022592));
#1080 = CARTESIAN_POINT('',(46.892163106636,3.650154016055,
    295.68578928527));
#1081 = CARTESIAN_POINT('',(46.855377333884,4.558230743939,
    295.74287924702));
#1082 = CARTESIAN_POINT('',(46.80957653326,5.46279489896,295.81409170346
    ));
#1083 = CARTESIAN_POINT('',(46.754900685079,6.36302372822,
    295.89931343932));
#1084 = CARTESIAN_POINT('',(46.628734068746,8.14481751302,
    296.09657507102));
#1085 = CARTESIAN_POINT('',(46.557404246861,9.026499618288,
    296.20835824098));
#1086 = CARTESIAN_POINT('',(46.477695467078,9.902400615513,
    296.33362894777));
#1087 = CARTESIAN_POINT('',(46.389796162673,10.771809854503,
    296.47224027813));
#1088 = CARTESIAN_POINT('',(46.293922044623,11.63406380128,
    296.62403299452));
#1089 = CARTESIAN_POINT('',(46.190310200079,12.488543003276,
    296.78884006757));
#1090 = CARTESIAN_POINT('',(46.07921300606,13.334669427324,
    296.96649074188));
#1091 = CARTESIAN_POINT('',(45.715846074341,15.906032856405,
    297.55102453271));
#1092 = CARTESIAN_POINT('',(45.439878092943,17.601729366531,
    297.99953928428));
#1093 = CARTESIAN_POINT('',(45.135355198769,19.254626582475,
    298.50090566715));
#1094 = CARTESIAN_POINT('',(44.80490111806,20.860881186402,
    299.05371607439));
#1095 = CARTESIAN_POINT('',(44.45136124,22.417004247258,299.65670345924)
  );
#1096 = CARTESIAN_POINT('',(44.077769640581,23.919756349039,
    300.30880598359));
#1097 = CARTESIAN_POINT('',(43.6873251429,25.366045852738,
    301.00926232714));
#1098 = CARTESIAN_POINT('',(43.064698745165,27.503463107858,
    302.16301347086));
#1099 = CARTESIAN_POINT('',(42.842082071932,28.236641902445,
    302.5822866026));
#1100 = CARTESIAN_POINT('',(42.616061344469,28.951802421494,
    303.0155619945));
#1101 = CARTESIAN_POINT('',(42.387201805295,29.648389294224,
    303.46279566768));
#1102 = CARTESIAN_POINT('',(42.156098933287,30.325797919475,
    303.92395530944));
#1103 = CARTESIAN_POINT('',(41.923379955358,30.983373821745,
    304.39902123324));
#1104 = CARTESIAN_POINT('',(41.689704903082,31.620409580684,
    304.8879889733));
#1105 = CARTESIAN_POINT('',(41.381651064429,32.431214864207,
    305.55019741817));
#1106 = CARTESIAN_POINT('',(41.307508928938,32.624150128261,
    305.71091685339));
#1107 = CARTESIAN_POINT('',(41.2333645217,32.814920202715,
    305.87303174936));
#1108 = CARTESIAN_POINT('',(41.159237543724,33.003499169396,
    306.03654182381));
#1109 = CARTESIAN_POINT('',(41.085153999348,33.189860415805,
    306.20144685841));
#1110 = CARTESIAN_POINT('',(41.011138572284,33.373976402281,
    306.36774645983));
#1111 = CARTESIAN_POINT('',(40.937209878652,33.555818530088,
    306.53543991847));
#1112 = CARTESIAN_POINT('',(40.757755391987,33.99233004395,
    306.94653874806));
#1113 = CARTESIAN_POINT('',(40.652354103033,34.244584014809,
    307.19140464218));
#1114 = CARTESIAN_POINT('',(40.547283438866,34.492034892219,
    307.4391234711));
#1115 = CARTESIAN_POINT('',(40.442634671111,34.734593003268,
    307.6896926393));
#1116 = CARTESIAN_POINT('',(40.338502299452,34.972163951335,
    307.94310776279));
#1117 = CARTESIAN_POINT('',(40.234983899561,35.204648800412,
    308.19936248709));
#1118 = CARTESIAN_POINT('',(40.132179971029,35.431944259431,
    308.45844830528));
#1119 = CARTESIAN_POINT('',(39.88578711951,35.968280327452,
    309.09119854618));
#1120 = CARTESIAN_POINT('',(39.743021688199,36.271994664099,
    309.46769312879));
#1121 = CARTESIAN_POINT('',(39.602188968082,36.564783287796,
    309.84980887813));
#1122 = CARTESIAN_POINT('',(39.463595549756,36.846319343498,
    310.23749991969));
#1123 = CARTESIAN_POINT('',(39.327560015625,37.11625536731,
    310.63070116224));
#1124 = CARTESIAN_POINT('',(39.194409817835,37.374226943935,
    311.02932570998));
#1125 = CARTESIAN_POINT('',(39.064478156208,37.619856364127,
    311.43326227471));
#1126 = CARTESIAN_POINT('',(38.776102132464,38.151302694062,
    312.36679705807));
#1127 = CARTESIAN_POINT('',(38.619941735082,38.428935896934,
    312.89972862619));
#1128 = CARTESIAN_POINT('',(38.470332055648,38.684827500273,
    313.44085432477));
#1129 = CARTESIAN_POINT('',(38.327992253076,38.918124039724,
    313.98977214592));
#1130 = CARTESIAN_POINT('',(38.193628159548,39.127967891537,
    314.54598088526));
#1131 = CARTESIAN_POINT('',(38.067907983249,39.313525490614,
    315.10886850144));
#1132 = CARTESIAN_POINT('',(37.951433807884,39.474022852144,
    315.67769899123));
#1133 = CARTESIAN_POINT('',(37.810609523232,39.651846940589,
    316.43496249853));
#1134 = CARTESIAN_POINT('',(37.777505710525,39.692278699335,
    316.6188447671));
#1135 = CARTESIAN_POINT('',(37.745411544291,39.730061815447,
    316.80321607557));
#1136 = CARTESIAN_POINT('',(37.71434993913,39.7651756881,316.98804796503
    ));
#1137 = CARTESIAN_POINT('',(37.684319523923,39.797600684123,
    317.17330813251));
#1138 = CARTESIAN_POINT('',(37.655354471582,39.827319079403,
    317.35896794521));
#1139 = CARTESIAN_POINT('',(37.627445597362,39.854313979098,
    317.54499213821));
#1140 = CARTESIAN_POINT('',(37.567185792019,39.908797862169,
    317.9635754789));
#1141 = CARTESIAN_POINT('',(37.53543199329,39.934773103939,
    318.1963194491));
#1142 = CARTESIAN_POINT('',(37.505394176759,39.956467641374,
    318.42951813993));
#1143 = CARTESIAN_POINT('',(37.477107500522,39.973856446467,
    318.6631068475));
#1144 = CARTESIAN_POINT('',(37.450603850682,39.986918498437,
    318.89701893361));
#1145 = CARTESIAN_POINT('',(37.425911564776,39.995637067722,
    319.13118582261));
#1146 = CARTESIAN_POINT('',(37.40305515521,39.999999999964,
    319.36553699814));
#1147 = CARTESIAN_POINT('',(37.382055032686,40.,319.6));
#1148 = PCURVE('',#1149,#1168);
#1149 = SURFACE_OF_REVOLUTION('',#1150,#1165);
#1150 = B_SPLINE_CURVE_WITH_KNOTS('',3,(#1151,#1152,#1153,#1154,#1155,
    #1156,#1157,#1158,#1159,#1160,#1161,#1162,#1163,#1164),
  .UNSPECIFIED.,.F.,.F.,(4,1,1,1,1,1,1,1,1,1,1,4),(0.,14.302474112054,
    28.190682886908,41.410124596543,53.812560446317,65.461238961421,
    76.651641058528,87.842043155634,99.490721670739,111.89315752051,
    125.11259923014,139.000808005),.UNSPECIFIED.);
#1151 = CARTESIAN_POINT('',(0.,0.,274.6));
#1152 = CARTESIAN_POINT('',(4.73186784554,0.,274.8314241457));
#1153 = CARTESIAN_POINT('',(14.148544235889,0.,275.97626022536));
#1154 = CARTESIAN_POINT('',(27.40430058773,0.,280.10898843808));
#1155 = CARTESIAN_POINT('',(38.866999294791,0.,286.8595901132));
#1156 = CARTESIAN_POINT('',(47.781010759151,0.,295.72404183989));
#1157 = CARTESIAN_POINT('',(53.485248634066,0.,306.2091019654));
#1158 = CARTESIAN_POINT('',(55.459131768065,0.,317.59992855454));
#1159 = CARTESIAN_POINT('',(53.485056984959,0.,328.99118966818));
#1160 = CARTESIAN_POINT('',(47.781835869804,0.,339.47486293314));
#1161 = CARTESIAN_POINT('',(38.863592571521,0.,348.34488721723));
#1162 = CARTESIAN_POINT('',(27.418217556122,0.,355.07273402941));
#1163 = CARTESIAN_POINT('',(18.695411832401,-0.,357.83770006687));
#1164 = CARTESIAN_POINT('',(14.185871862069,0.,358.7774179747));
#1165 = AXIS1_PLACEMENT('',#1166,#1167);
#1166 = CARTESIAN_POINT('',(0.,0.,0.));
#1167 = DIRECTION('',(0.,0.,1.));
#1168 = DEFINITIONAL_REPRESENTATION('',(#1169),#1525);
#1169 = B_SPLINE_CURVE_WITH_KNOTS('',3,(#1170,#1171,#1172,#1173,#1174,
    #1175,#1176,#1177,#1178,#1179,#1180,#1181,#1182,#1183,#1184,#1185,
    #1186,#1187,#1188,#1189,#1190,#1191,#1192,#1193,#1194,#1195,#1196,
    #1197,#1198,#1199,#1200,#1201,#1202,#1203,#1204,#1205,#1206,#1207,
    #1208,#1209,#1210,#1211,#1212,#1213,#1214,#1215,#1216,#1217,#1218,
    #1219,#1220,#1221,#1222,#1223,#1224,#1225,#1226,#1227,#1228,#1229,
    #1230,#1231,#1232,#1233,#1234,#1235,#1236,#1237,#1238,#1239,#1240,
    #1241,#1242,#1243,#1244,#1245,#1246,#1247,#1248,#1249,#1250,#1251,
    #1252,#1253,#1254,#1255,#1256,#1257,#1258,#1259,#1260,#1261,#1262,
    #1263,#1264,#1265,#1266,#1267,#1268,#1269,#1270,#1271,#1272,#1273,
    #1274,#1275,#1276,#1277,#1278,#1279,#1280,#1281,#1282,#1283,#1284,
    #1285,#1286,#1287,#1288,#1289,#1290,#1291,#1292,#1293,#1294,#1295,
    #1296,#1297,#1298,#1299,#1300,#1301,#1302,#1303,#1304,#1305,#1306,
    #1307,#1308,#1309,#1310,#1311,#1312,#1313,#1314,#1315,#1316,#1317,
    #1318,#1319,#1320,#1321,#1322,#1323,#1324,#1325,#1326,#1327,#1328,
    #1329,#1330,#1331,#1332,#1333,#1334,#1335,#1336,#1337,#1338,#1339,
    #1340,#1341,#1342,#1343,#1344,#1345,#1346,#1347,#1348,#1349,#1350,
    #1351,#1352,#1353,#1354,#1355,#1356,#1357,#1358,#1359,#1360,#1361,
    #1362,#1363,#1364,#1365,#1366,#1367,#1368,#1369,#1370,#1371,#1372,
    #1373,#1374,#1375,#1376,#1377,#1378,#1379,#1380,#1381,#1382,#1383,
    #1384,#1385,#1386,#1387,#1388,#1389,#1390,#1391,#1392,#1393,#1394,
    #1395,#1396,#1397,#1398,#1399,#1400,#1401,#1402,#1403,#1404,#1405,
    #1406,#1407,#1408,#1409,#1410,#1411,#1412,#1413,#1414,#1415,#1416,
    #1417,#1418,#1419,#1420,#1421,#1422,#1423,#1424,#1425,#1426,#1427,
    #1428,#1429,#1430,#1431,#1432,#1433,#1434,#1435,#1436,#1437,#1438,
    #1439,#1440,#1441,#1442,#1443,#1444,#1445,#1446,#1447,#1448,#1449,
    #1450,#1451,#1452,#1453,#1454,#1455,#1456,#1457,#1458,#1459,#1460,
    #1461,#1462,#1463,#1464,#1465,#1466,#1467,#1468,#1469,#1470,#1471,
    #1472,#1473,#1474,#1475,#1476,#1477,#1478,#1479,#1480,#1481,#1482,
    #1483,#1484,#1485,#1486,#1487,#1488,#1489,#1490,#1491,#1492,#1493,
    #1494,#1495,#1496,#1497,#1498,#1499,#1500,#1501,#1502,#1503,#1504,
    #1505,#1506,#1507,#1508,#1509,#1510,#1511,#1512,#1513,#1514,#1515,
    #1516,#1517,#1518,#1519,#1520,#1521,#1522,#1523,#1524),
  .UNSPECIFIED.,.T.,.F.,(4,1,1,1,1,1,1,1,1,1,1,1,1,1,1,1,1,1,1,1,1,1,1,1
    ,1,1,1,1,1,1,1,1,1,1,1,1,1,1,1,1,1,1,1,1,1,1,1,1,1,1,1,1,1,1,1,1,1,1
    ,1,1,1,1,1,1,1,1,1,1,1,1,1,1,1,1,1,1,1,1,1,1,1,1,1,1,1,1,1,1,1,1,1,1
    ,1,1,1,1,1,1,1,1,1,1,1,1,1,1,1,1,1,1,1,1,1,1,1,1,1,1,1,1,1,1,1,1,1,1
    ,1,1,1,1,1,1,1,1,1,1,1,1,1,1,1,1,1,1,1,1,1,1,1,1,1,1,1,1,1,1,1,1,1,1
    ,1,1,1,1,1,1,1,1,1,1,1,1,1,1,1,1,1,1,1,1,1,1,1,1,1,1,1,1,1,1,1,1,1,1
    ,1,1,1,1,1,1,1,1,1,1,1,1,1,1,1,1,1,1,1,1,1,1,1,1,1,1,1,1,1,1,1,1,1,1
    ,1,1,1,1,1,1,1,1,1,1,1,1,1,1,1,1,1,1,1,1,1,1,1,1,1,1,1,1,1,1,1,1,1,1
    ,1,1,1,1,1,1,1,1,1,1,1,1,1,1,1,1,1,1,1,1,1,1,1,1,1,1,1,1,1,1,1,1,1,1
    ,1,1,1,1,1,1,1,1,1,1,1,1,1,1,1,1,1,1,1,1,1,1,1,1,1,1,1,1,1,1,1,1,1,1
    ,1,1,1,1,1,1,1,1,1,1,1,1,1,1,1,1,1,1,1,1,1,1,4),(0.,
    1.139741079254E-02,2.279482158507E-02,3.419223237761E-02,
    4.558964317014E-02,5.698705396268E-02,6.838446475521E-02,
    7.978187554775E-02,9.117928634028E-02,0.102576697133,0.113974107925,
    0.125371518718,0.13676892951,0.148166340303,0.159563751095,
    0.170961161888,0.182358572681,0.193755983473,0.205153394266,
    0.216550805058,0.227948215851,0.239345626643,0.250743037436,
    0.262140448228,0.273537859021,0.284935269813,0.296332680606,
    0.307730091398,0.319127502191,0.330524912984,0.341922323776,
    0.353319734569,0.364717145361,0.376114556154,0.387511966946,
    0.398909377739,0.410306788531,0.421704199324,0.433101610116,
    0.444499020909,0.455896431701,0.467293842494,0.478691253286,
    0.490088664079,0.501486074872,0.512883485664,0.524280896457,
    0.535678307249,0.547075718042,0.558473128834,0.569870539627,
    0.581267950419,0.592665361212,0.604062772004,0.615460182797,
    0.626857593589,0.638255004382,0.649652415175,0.661049825967,
    0.67244723676,0.683844647552,0.695242058345,0.706639469137,
    0.71803687993,0.729434290722,0.740831701515,0.752229112307,
    0.7636265231,0.775023933892,0.786421344685,0.797818755477,
    0.80921616627,0.820613577063,0.832010987855,0.843408398648,
    0.85480580944,0.866203220233,0.877600631025,0.888998041818,
    0.90039545261,0.911792863403,0.923190274195,0.934587684988,
    0.94598509578,0.957382506573,0.968779917366,0.980177328158,
    0.991574738951,1.002972149743,1.014369560536,1.025766971328,
    1.037164382121,1.048561792913,1.059959203706,1.071356614498,
    1.082754025291,1.094151436083,1.105548846876,1.116946257668,
    1.128343668461,1.139741079254,1.151138490046,1.162535900839,
    1.173933311631,1.185330722424,1.196728133216,1.208125544009,
    1.219522954801,1.230920365594,1.242317776386,1.253715187179,
    1.265112597971,1.276510008764,1.287907419557,1.299304830349,
    1.310702241142,1.322099651934,1.333497062727,1.344894473519,
    1.356291884312,1.367689295104,1.379086705897,1.390484116689,
    1.401881527482,1.413278938274,1.424676349067,1.436073759859,
    1.447471170652,1.458868581445,1.470265992237,1.48166340303,
    1.493060813822,1.504458224615,1.515855635407,1.5272530462,
    1.538650456992,1.550047867785,1.561445278577,1.57284268937,
    1.584240100162,1.595637510955,1.607034921748,1.61843233254,
    1.629829743333,1.641227154125,1.652624564918,1.66402197571,
    1.675419386503,1.686816797295,1.698214208088,1.70961161888,
    1.721009029673,1.732406440465,1.743803851258,1.75520126205,
    1.766598672843,1.777996083636,1.789393494428,1.800790905221,
    1.812188316013,1.823585726806,1.834983137598,1.846380548391,
    1.857777959183,1.869175369976,1.880572780768,1.891970191561,
    1.903367602353,1.914765013146,1.926162423938,1.937559834731,
    1.948957245524,1.960354656316,1.971752067109,1.983149477901,
    1.994546888694,2.005944299486,2.017341710279,2.028739121071,
    2.040136531864,2.051533942656,2.062931353449,2.074328764241,
    2.085726175034,2.097123585827,2.108520996619,2.119918407412,
    2.131315818204,2.142713228997,2.154110639789,2.165508050582,
    2.176905461374,2.188302872167,2.199700282959,2.211097693752,
    2.222495104544,2.233892515337,2.245289926129,2.256687336922,
    2.268084747715,2.279482158507,2.2908795693,2.302276980092,
    2.313674390885,2.325071801677,2.33646921247,2.347866623262,
    2.359264034055,2.370661444847,2.38205885564,2.393456266432,
    2.404853677225,2.416251088018,2.42764849881,2.439045909603,
    2.450443320395,2.461840731188,2.47323814198,2.484635552773,
    2.496032963565,2.507430374358,2.51882778515,2.530225195943,
    2.541622606735,2.553020017528,2.56441742832,2.575814839113,
    2.587212249906,2.598609660698,2.610007071491,2.621404482283,
    2.632801893076,2.644199303868,2.655596714661,2.666994125453,
    2.678391536246,2.689788947038,2.701186357831,2.712583768623,
    2.723981179416,2.735378590209,2.746776001001,2.758173411794,
    2.769570822586,2.780968233379,2.792365644171,2.803763054964,
    2.815160465756,2.826557876549,2.837955287341,2.849352698134,
    2.860750108926,2.872147519719,2.883544930511,2.894942341304,
    2.906339752097,2.917737162889,2.929134573682,2.940531984474,
    2.951929395267,2.963326806059,2.974724216852,2.986121627644,
    2.997519038437,3.008916449229,3.020313860022,3.031711270814,
    3.043108681607,3.0545060924,3.065903503192,3.077300913985,
    3.088698324777,3.10009573557,3.111493146362,3.122890557155,
    3.134287967947,3.14568537874,3.157082789532,3.168480200325,
    3.179877611117,3.19127502191,3.202672432702,3.214069843495,
    3.225467254288,3.23686466508,3.248262075873,3.259659486665,
    3.271056897458,3.28245430825,3.293851719043,3.305249129835,
    3.316646540628,3.32804395142,3.339441362213,3.350838773005,
    3.362236183798,3.37363359459,3.385031005383,3.396428416176,
    3.407825826968,3.419223237761,3.430620648553,3.442018059346,
    3.453415470138,3.464812880931,3.476210291723,3.487607702516,
    3.499005113308,3.510402524101,3.521799934893,3.533197345686,
    3.544594756479,3.555992167271,3.567389578064,3.578786988856,
    3.590184399649,3.601581810441,3.612979221234,3.624376632026,
    3.635774042819,3.647171453611,3.658568864404,3.669966275196,
    3.681363685989,3.692761096781,3.704158507574,3.715555918367,
    3.726953329159,3.738350739952,3.749748150744,3.761145561537,
    3.772542972329,3.783940383122,3.795337793914,3.806735204707,
    3.818132615499,3.829530026292,3.840927437084,3.852324847877,
    3.86372225867,3.875119669462,3.886517080255,3.897914491047,
    3.90931190184,3.920709312632,3.932106723425,3.943504134217,
    3.95490154501,3.966298955802,3.977696366595,3.989093777387,
    4.00049118818,4.011888598972),.QUASI_UNIFORM_KNOTS.);
#1170 = CARTESIAN_POINT('',(7.102401994119,78.644376539828));
#1171 = CARTESIAN_POINT('',(7.10259495459,78.805366076306));
#1172 = CARTESIAN_POINT('',(7.102882391339,79.12762890993));
#1173 = CARTESIAN_POINT('',(7.103016769644,79.611540429111));
#1174 = CARTESIAN_POINT('',(7.102852774111,80.09563248298));
#1175 = CARTESIAN_POINT('',(7.102389762445,80.579577860271));
#1176 = CARTESIAN_POINT('',(7.101627701485,81.063055074478));
#1177 = CARTESIAN_POINT('',(7.100567243542,81.54574879632));
#1178 = CARTESIAN_POINT('',(7.099209687602,82.027349520816));
#1179 = CARTESIAN_POINT('',(7.097556977769,82.507552190516));
#1180 = CARTESIAN_POINT('',(7.095611665679,82.986059887503));
#1181 = CARTESIAN_POINT('',(7.093376976746,83.462568416771));
#1182 = CARTESIAN_POINT('',(7.090856399551,83.936841093416));
#1183 = CARTESIAN_POINT('',(7.088053917503,84.408636151502));
#1184 = CARTESIAN_POINT('',(7.084973870309,84.877730536488));
#1185 = CARTESIAN_POINT('',(7.081620866489,85.343922103705));
#1186 = CARTESIAN_POINT('',(7.077999729766,85.807027670286));
#1187 = CARTESIAN_POINT('',(7.07411544074,86.266882305789));
#1188 = CARTESIAN_POINT('',(7.069973078841,86.723338327857));
#1189 = CARTESIAN_POINT('',(7.065577782117,87.176264695781));
#1190 = CARTESIAN_POINT('',(7.060934648801,87.625545497661));
#1191 = CARTESIAN_POINT('',(7.056048866705,88.071081981627));
#1192 = CARTESIAN_POINT('',(7.050924849152,88.512780846701));
#1193 = CARTESIAN_POINT('',(7.04556639225,88.950539180644));
#1194 = CARTESIAN_POINT('',(7.039977303461,89.384266543035));
#1195 = CARTESIAN_POINT('',(7.034161228302,89.813880424029));
#1196 = CARTESIAN_POINT('',(7.028121675624,90.239306943741));
#1197 = CARTESIAN_POINT('',(7.021861988307,90.660480033949));
#1198 = CARTESIAN_POINT('',(7.015385326623,91.077341404418));
#1199 = CARTESIAN_POINT('',(7.008694648293,91.489838812938));
#1200 = CARTESIAN_POINT('',(7.001793522729,91.897879991965));
#1201 = CARTESIAN_POINT('',(6.994684183567,92.301448022127));
#1202 = CARTESIAN_POINT('',(6.987368944329,92.700510290962));
#1203 = CARTESIAN_POINT('',(6.979849932564,93.09503604164));
#1204 = CARTESIAN_POINT('',(6.972129164135,93.484991709574));
#1205 = CARTESIAN_POINT('',(6.964208525953,93.870342198178));
#1206 = CARTESIAN_POINT('',(6.956089782829,94.251050550811));
#1207 = CARTESIAN_POINT('',(6.947774577478,94.62707804025));
#1208 = CARTESIAN_POINT('',(6.93926443195,94.998384134297));
#1209 = CARTESIAN_POINT('',(6.930560748304,95.364926482769));
#1210 = CARTESIAN_POINT('',(6.921664809078,95.726660887282));
#1211 = CARTESIAN_POINT('',(6.912577777445,96.083541263767));
#1212 = CARTESIAN_POINT('',(6.903300697008,96.435519597137));
#1213 = CARTESIAN_POINT('',(6.893834491473,96.782545880792));
#1214 = CARTESIAN_POINT('',(6.88417996326,97.124568070645));
#1215 = CARTESIAN_POINT('',(6.874337794571,97.461531941707));
#1216 = CARTESIAN_POINT('',(6.864308537727,97.793381264232));
#1217 = CARTESIAN_POINT('',(6.854092643982,98.120056741698));
#1218 = CARTESIAN_POINT('',(6.843690347098,98.441499522115));
#1219 = CARTESIAN_POINT('',(6.833102087339,98.757637591393));
#1220 = CARTESIAN_POINT('',(6.82232932581,99.068365174326));
#1221 = CARTESIAN_POINT('',(6.811372418294,99.373605326236));
#1222 = CARTESIAN_POINT('',(6.800232040809,99.673268790033));
#1223 = CARTESIAN_POINT('',(6.788908756453,99.967256128549));
#1224 = CARTESIAN_POINT('',(6.7774031374,100.25545849588));
#1225 = CARTESIAN_POINT('',(6.765715877076,100.53776351216));
#1226 = CARTESIAN_POINT('',(6.75384774377,100.81405446649));
#1227 = CARTESIAN_POINT('',(6.741799641832,101.08421047864));
#1228 = CARTESIAN_POINT('',(6.72957260958,101.34810659095));
#1229 = CARTESIAN_POINT('',(6.717167826277,101.60561393516));
#1230 = CARTESIAN_POINT('',(6.704586681136,101.85659936452));
#1231 = CARTESIAN_POINT('',(6.691830704251,102.1009271013));
#1232 = CARTESIAN_POINT('',(6.678901660744,102.33845756761));
#1233 = CARTESIAN_POINT('',(6.665801550793,102.56904805222));
#1234 = CARTESIAN_POINT('',(6.652532626618,102.79255305316));
#1235 = CARTESIAN_POINT('',(6.63909740723,103.00882471011));
#1236 = CARTESIAN_POINT('',(6.625498684123,103.21771336325));
#1237 = CARTESIAN_POINT('',(6.611739563775,103.41906768389));
#1238 = CARTESIAN_POINT('',(6.597823369642,103.6127365631));
#1239 = CARTESIAN_POINT('',(6.583754066374,103.79856457174));
#1240 = CARTESIAN_POINT('',(6.56953446043,103.97641502934));
#1241 = CARTESIAN_POINT('',(6.555169216941,104.14613089685));
#1242 = CARTESIAN_POINT('',(6.540663478398,104.30755638878));
#1243 = CARTESIAN_POINT('',(6.526022665922,104.46053964817));
#1244 = CARTESIAN_POINT('',(6.511252536014,104.6049327457));
#1245 = CARTESIAN_POINT('',(6.496359167276,104.74059241088));
#1246 = CARTESIAN_POINT('',(6.481348964242,104.86738058063));
#1247 = CARTESIAN_POINT('',(6.466228654881,104.98516500837));
#1248 = CARTESIAN_POINT('',(6.451005287988,105.09381986658));
#1249 = CARTESIAN_POINT('',(6.435686228751,105.19322635836));
#1250 = CARTESIAN_POINT('',(6.420279152905,105.28327333146));
#1251 = CARTESIAN_POINT('',(6.40479203937,105.36385789382));
#1252 = CARTESIAN_POINT('',(6.389233161325,105.43488602807));
#1253 = CARTESIAN_POINT('',(6.373611076075,105.49627320305));
#1254 = CARTESIAN_POINT('',(6.357934612406,105.54794497934));
#1255 = CARTESIAN_POINT('',(6.34221286058,105.58983760878));
#1256 = CARTESIAN_POINT('',(6.326455146016,105.62189861745));
#1257 = CARTESIAN_POINT('',(6.310671057727,105.64408740129));
#1258 = CARTESIAN_POINT('',(6.294870266798,105.6563757146));
#1259 = CARTESIAN_POINT('',(6.279063123327,105.6587484897));
#1260 = CARTESIAN_POINT('',(6.263258000061,105.65120328746));
#1261 = CARTESIAN_POINT('',(6.247464700101,105.63374864565));
#1262 = CARTESIAN_POINT('',(6.231693158795,105.6064067128));
#1263 = CARTESIAN_POINT('',(6.215953022955,105.56921221025));
#1264 = CARTESIAN_POINT('',(6.200253741428,105.52221201228));
#1265 = CARTESIAN_POINT('',(6.184604519944,105.46546454099));
#1266 = CARTESIAN_POINT('',(6.169014313775,105.39903919364));
#1267 = CARTESIAN_POINT('',(6.153491811839,105.3230157467));
#1268 = CARTESIAN_POINT('',(6.138045424779,105.23748375435));
#1269 = CARTESIAN_POINT('',(6.122683273767,105.1425419395));
#1270 = CARTESIAN_POINT('',(6.107413180941,105.03829758074));
#1271 = CARTESIAN_POINT('',(6.092242661312,104.92486589734));
#1272 = CARTESIAN_POINT('',(6.077178916138,104.80236943381));
#1273 = CARTESIAN_POINT('',(6.062228827991,104.67093744951));
#1274 = CARTESIAN_POINT('',(6.047398956597,104.53070530286));
#1275 = CARTESIAN_POINT('',(6.032695538811,104.3818138782));
#1276 = CARTESIAN_POINT('',(6.018124479994,104.22440888563));
#1277 = CARTESIAN_POINT('',(6.003691384103,104.05864067437));
#1278 = CARTESIAN_POINT('',(5.989401445663,103.88466217733));
#1279 = CARTESIAN_POINT('',(5.975259863181,103.70263388311));
#1280 = CARTESIAN_POINT('',(5.961270081506,103.5126995819));
#1281 = CARTESIAN_POINT('',(5.947435683792,103.31500809555));
#1282 = CARTESIAN_POINT('',(5.933760190615,103.10971150002));
#1283 = CARTESIAN_POINT('',(5.920246764577,102.89696041341));
#1284 = CARTESIAN_POINT('',(5.90689830428,102.67690466969));
#1285 = CARTESIAN_POINT('',(5.893717434561,102.44969257124));
#1286 = CARTESIAN_POINT('',(5.88070652502,102.21547054373));
#1287 = CARTESIAN_POINT('',(5.867867701337,101.97438270383));
#1288 = CARTESIAN_POINT('',(5.855202858802,101.72657047013));
#1289 = CARTESIAN_POINT('',(5.842713675428,101.47217218102));
#1290 = CARTESIAN_POINT('',(5.830401625297,101.2113227293));
#1291 = CARTESIAN_POINT('',(5.818267991733,100.94415320514));
#1292 = CARTESIAN_POINT('',(5.806313880942,100.67079056536));
#1293 = CARTESIAN_POINT('',(5.794540233612,100.39135725996));
#1294 = CARTESIAN_POINT('',(5.782947843573,100.10597106823));
#1295 = CARTESIAN_POINT('',(5.77153734935,99.814744198518));
#1296 = CARTESIAN_POINT('',(5.760309508822,99.517789805922));
#1297 = CARTESIAN_POINT('',(5.749264854832,99.215213553259));
#1298 = CARTESIAN_POINT('',(5.738403998731,98.907107250098));
#1299 = CARTESIAN_POINT('',(5.72772754775,98.593556715613));
#1300 = CARTESIAN_POINT('',(5.717236040144,98.274641831502));
#1301 = CARTESIAN_POINT('',(5.70693096896,97.950467921676));
#1302 = CARTESIAN_POINT('',(5.696812367493,97.621091370007));
#1303 = CARTESIAN_POINT('',(5.686880654227,97.28657339021));
#1304 = CARTESIAN_POINT('',(5.677136306407,96.946970904706));
#1305 = CARTESIAN_POINT('',(5.667579944828,96.602339117593));
#1306 = CARTESIAN_POINT('',(5.658212308877,96.252730941121));
#1307 = CARTESIAN_POINT('',(5.649034261416,95.898197252801));
#1308 = CARTESIAN_POINT('',(5.640046786083,95.538786917961));
#1309 = CARTESIAN_POINT('',(5.631250987047,95.174546863468));
#1310 = CARTESIAN_POINT('',(5.622648088511,94.805522126384));
#1311 = CARTESIAN_POINT('',(5.61423943467,94.431755897657));
#1312 = CARTESIAN_POINT('',(5.606026489978,94.053289557041));
#1313 = CARTESIAN_POINT('',(5.598010839635,93.670162694355));
#1314 = CARTESIAN_POINT('',(5.590194190697,93.282413140035));
#1315 = CARTESIAN_POINT('',(5.582578372352,92.890076917312));
#1316 = CARTESIAN_POINT('',(5.575165340765,92.493188442912));
#1317 = CARTESIAN_POINT('',(5.567957168347,92.091779755321));
#1318 = CARTESIAN_POINT('',(5.560956092671,91.685883326573));
#1319 = CARTESIAN_POINT('',(5.554164344301,91.275521453753));
#1320 = CARTESIAN_POINT('',(5.547584801325,90.860745688887));
#1321 = CARTESIAN_POINT('',(5.541220904195,90.441640107854));
#1322 = CARTESIAN_POINT('',(5.535075563247,90.018250340464));
#1323 = CARTESIAN_POINT('',(5.529152078331,89.590641282738));
#1324 = CARTESIAN_POINT('',(5.523453869195,89.158882355319));
#1325 = CARTESIAN_POINT('',(5.517984522708,88.723051920143));
#1326 = CARTESIAN_POINT('',(5.512747762009,88.283236988082));
#1327 = CARTESIAN_POINT('',(5.507747418254,87.83953254523));
#1328 = CARTESIAN_POINT('',(5.502987476968,87.392047239901));
#1329 = CARTESIAN_POINT('',(5.498472944841,86.940872286981));
#1330 = CARTESIAN_POINT('',(5.494208885401,86.486112235485));
#1331 = CARTESIAN_POINT('',(5.49020041388,86.027888243662));
#1332 = CARTESIAN_POINT('',(5.486452629234,85.566338364402));
#1333 = CARTESIAN_POINT('',(5.482970564777,85.101618593796));
#1334 = CARTESIAN_POINT('',(5.479759138659,84.633903998771));
#1335 = CARTESIAN_POINT('',(5.476823092727,84.163390896459));
#1336 = CARTESIAN_POINT('',(5.474166906276,83.690293123321));
#1337 = CARTESIAN_POINT('',(5.471794747657,83.214845909359));
#1338 = CARTESIAN_POINT('',(5.469710341346,82.737288774014));
#1339 = CARTESIAN_POINT('',(5.467917075248,82.257902994461));
#1340 = CARTESIAN_POINT('',(5.466417760431,81.776975482258));
#1341 = CARTESIAN_POINT('',(5.465214629038,81.294803107052));
#1342 = CARTESIAN_POINT('',(5.464309299457,80.811692333156));
#1343 = CARTESIAN_POINT('',(5.463702750269,80.327958845301));
#1344 = CARTESIAN_POINT('',(5.463395292825,79.843932061081));
#1345 = CARTESIAN_POINT('',(5.463386540227,79.359940272397));
#1346 = CARTESIAN_POINT('',(5.463675417587,78.876299854568));
#1347 = CARTESIAN_POINT('',(5.464260207567,78.393332130071));
#1348 = CARTESIAN_POINT('',(5.465138543978,77.911349893997));
#1349 = CARTESIAN_POINT('',(5.466307460473,77.430655359105));
#1350 = CARTESIAN_POINT('',(5.467763483487,76.951538848992));
#1351 = CARTESIAN_POINT('',(5.469502512365,76.474274619657));
#1352 = CARTESIAN_POINT('',(5.471520612877,75.999128043915));
#1353 = CARTESIAN_POINT('',(5.473814447008,75.52636003245));
#1354 = CARTESIAN_POINT('',(5.476380068464,75.056214379736));
#1355 = CARTESIAN_POINT('',(5.479213222865,74.588918103828));
#1356 = CARTESIAN_POINT('',(5.482309345375,74.124679950964));
#1357 = CARTESIAN_POINT('',(5.48566363371,73.663690984706));
#1358 = CARTESIAN_POINT('',(5.489271099699,73.206123874782));
#1359 = CARTESIAN_POINT('',(5.493126643916,72.752131937653));
#1360 = CARTESIAN_POINT('',(5.497225102024,72.30185115424));
#1361 = CARTESIAN_POINT('',(5.501561286012,71.855400925849));
#1362 = CARTESIAN_POINT('',(5.506130025182,71.41288532079));
#1363 = CARTESIAN_POINT('',(5.510926217453,70.974393283842));
#1364 = CARTESIAN_POINT('',(5.515944845437,70.54000224717));
#1365 = CARTESIAN_POINT('',(5.521181044434,70.109773844973));
#1366 = CARTESIAN_POINT('',(5.526630128242,69.683757652365));
#1367 = CARTESIAN_POINT('',(5.532287563174,69.261995606914));
#1368 = CARTESIAN_POINT('',(5.538148996628,68.844521563546));
#1369 = CARTESIAN_POINT('',(5.544210274643,68.431362017011));
#1370 = CARTESIAN_POINT('',(5.550467455121,68.022536952481));
#1371 = CARTESIAN_POINT('',(5.55691685531,67.618059013014));
#1372 = CARTESIAN_POINT('',(5.563554942187,67.217940976518));
#1373 = CARTESIAN_POINT('',(5.570378438649,66.822189865888));
#1374 = CARTESIAN_POINT('',(5.577384273819,66.430811394843));
#1375 = CARTESIAN_POINT('',(5.584569577516,66.043810001074));
#1376 = CARTESIAN_POINT('',(5.591931704801,65.661189938622));
#1377 = CARTESIAN_POINT('',(5.599468175086,65.282951937422));
#1378 = CARTESIAN_POINT('',(5.607176886092,64.909113224075));
#1379 = CARTESIAN_POINT('',(5.615056153052,64.539707182132));
#1380 = CARTESIAN_POINT('',(5.623104361549,64.174764364363));
#1381 = CARTESIAN_POINT('',(5.631320045706,63.814317204091));
#1382 = CARTESIAN_POINT('',(5.639701847619,63.458399236409));
#1383 = CARTESIAN_POINT('',(5.648248518374,63.107045732096));
#1384 = CARTESIAN_POINT('',(5.656958915794,62.760293546192));
#1385 = CARTESIAN_POINT('',(5.665831955178,62.418182964423));
#1386 = CARTESIAN_POINT('',(5.674866673618,62.080755071131));
#1387 = CARTESIAN_POINT('',(5.684062174485,61.748053809835));
#1388 = CARTESIAN_POINT('',(5.693417608557,61.420126467857));
#1389 = CARTESIAN_POINT('',(5.702932172362,61.097023512268));
#1390 = CARTESIAN_POINT('',(5.712605111578,60.778798313643));
#1391 = CARTESIAN_POINT('',(5.7224356869,60.465507983914));
#1392 = CARTESIAN_POINT('',(5.732423284836,60.157209888621));
#1393 = CARTESIAN_POINT('',(5.742566902199,59.853976920675));
#1394 = CARTESIAN_POINT('',(5.752865949415,59.555872524034));
#1395 = CARTESIAN_POINT('',(5.763319827153,59.262964276974));
#1396 = CARTESIAN_POINT('',(5.773927874085,58.97532485741));
#1397 = CARTESIAN_POINT('',(5.784689371473,58.693031499854));
#1398 = CARTESIAN_POINT('',(5.795603532473,58.41616586328));
#1399 = CARTESIAN_POINT('',(5.80666949547,58.144813793683));
#1400 = CARTESIAN_POINT('',(5.817886316274,57.879065117721));
#1401 = CARTESIAN_POINT('',(5.82925296057,57.619013429006));
#1402 = CARTESIAN_POINT('',(5.840768296234,57.364755875451));
#1403 = CARTESIAN_POINT('',(5.852431085648,57.116392943595));
#1404 = CARTESIAN_POINT('',(5.864239977964,56.874028239173));
#1405 = CARTESIAN_POINT('',(5.876193501363,56.637768262362));
#1406 = CARTESIAN_POINT('',(5.888290055287,56.407722176309));
#1407 = CARTESIAN_POINT('',(5.900527902661,56.184001567945));
#1408 = CARTESIAN_POINT('',(5.912905162219,55.966720198269));
#1409 = CARTESIAN_POINT('',(5.92541980048,55.75599374661));
#1410 = CARTESIAN_POINT('',(5.938069625173,55.551939525798));
#1411 = CARTESIAN_POINT('',(5.950852273507,55.354676248608));
#1412 = CARTESIAN_POINT('',(5.963765219981,55.164323539621));
#1413 = CARTESIAN_POINT('',(5.976805711684,54.981002328522));
#1414 = CARTESIAN_POINT('',(5.989970974749,54.804831879616));
#1415 = CARTESIAN_POINT('',(6.003256975316,54.635944983548));
#1416 = CARTESIAN_POINT('',(6.016660097612,54.474464185088));
#1417 = CARTESIAN_POINT('',(6.03017646862,54.320511328559));
#1418 = CARTESIAN_POINT('',(6.043801978944,54.174206449001));
#1419 = CARTESIAN_POINT('',(6.057532271909,54.035667418174));
#1420 = CARTESIAN_POINT('',(6.071362742356,53.905009418188));
#1421 = CARTESIAN_POINT('',(6.085288534191,53.78234439116));
#1422 = CARTESIAN_POINT('',(6.099304537542,53.667780735596));
#1423 = CARTESIAN_POINT('',(6.11340539205,53.561422926733));
#1424 = CARTESIAN_POINT('',(6.127585468479,53.463370372471));
#1425 = CARTESIAN_POINT('',(6.141838932897,53.373716414463));
#1426 = CARTESIAN_POINT('',(6.156159841991,53.292547544905));
#1427 = CARTESIAN_POINT('',(6.170541784774,53.219944939224));
#1428 = CARTESIAN_POINT('',(6.184978264126,53.155981673618));
#1429 = CARTESIAN_POINT('',(6.199462616547,53.100723002005));
#1430 = CARTESIAN_POINT('',(6.213988044411,53.054225905163));
#1431 = CARTESIAN_POINT('',(6.228547618129,53.016538850267));
#1432 = CARTESIAN_POINT('',(6.243134289872,52.987701511978));
#1433 = CARTESIAN_POINT('',(6.257740894558,52.967744518884));
#1434 = CARTESIAN_POINT('',(6.272360193257,52.956689225303));
#1435 = CARTESIAN_POINT('',(6.286984762354,52.954547450645));
#1436 = CARTESIAN_POINT('',(6.301607527759,52.961321431951));
#1437 = CARTESIAN_POINT('',(6.316221147194,52.977004015466));
#1438 = CARTESIAN_POINT('',(6.330818302405,53.001578378846));
#1439 = CARTESIAN_POINT('',(6.345391786539,53.035018322423));
#1440 = CARTESIAN_POINT('',(6.359934494531,53.077288481259));
#1441 = CARTESIAN_POINT('',(6.374439438997,53.128344579502));
#1442 = CARTESIAN_POINT('',(6.388899758577,53.188133691612));
#1443 = CARTESIAN_POINT('',(6.403308728092,53.256594524695));
#1444 = CARTESIAN_POINT('',(6.417659765735,53.333657694224));
#1445 = CARTESIAN_POINT('',(6.43194644675,53.419246083166));
#1446 = CARTESIAN_POINT('',(6.446162490283,53.51327494549));
#1447 = CARTESIAN_POINT('',(6.460302125693,53.615654906008));
#1448 = CARTESIAN_POINT('',(6.474359573779,53.726289093718));
#1449 = CARTESIAN_POINT('',(6.488329356866,53.845075452948));
#1450 = CARTESIAN_POINT('',(6.50220624039,53.971907266029));
#1451 = CARTESIAN_POINT('',(6.51598524684,54.106674324668));
#1452 = CARTESIAN_POINT('',(6.529661651173,54.249262918771));
#1453 = CARTESIAN_POINT('',(6.543230975688,54.399556384076));
#1454 = CARTESIAN_POINT('',(6.556689002733,54.557435791568));
#1455 = CARTESIAN_POINT('',(6.570031712841,54.722779660338));
#1456 = CARTESIAN_POINT('',(6.583255498338,54.895467445025));
#1457 = CARTESIAN_POINT('',(6.596356332576,55.075368839166));
#1458 = CARTESIAN_POINT('',(6.609330899055,55.26235852404));
#1459 = CARTESIAN_POINT('',(6.622176475019,55.456316928923));
#1460 = CARTESIAN_POINT('',(6.634890416097,55.657123600874));
#1461 = CARTESIAN_POINT('',(6.647470285083,55.864659393979));
#1462 = CARTESIAN_POINT('',(6.659913807971,56.078806274878));
#1463 = CARTESIAN_POINT('',(6.672218876153,56.299447747888));
#1464 = CARTESIAN_POINT('',(6.68438353614,56.526469096447));
#1465 = CARTESIAN_POINT('',(6.696405982565,56.759757657661));
#1466 = CARTESIAN_POINT('',(6.70828455025,56.99920307342));
#1467 = CARTESIAN_POINT('',(6.720017706496,57.244697534835));
#1468 = CARTESIAN_POINT('',(6.731604043306,57.496136017169));
#1469 = CARTESIAN_POINT('',(6.743042269632,57.753416507629));
#1470 = CARTESIAN_POINT('',(6.754331203633,58.016440227338));
#1471 = CARTESIAN_POINT('',(6.765469764952,58.285111848049));
#1472 = CARTESIAN_POINT('',(6.776456967101,58.55933970826));
#1473 = CARTESIAN_POINT('',(6.787291909579,58.839036018086));
#1474 = CARTESIAN_POINT('',(6.797973771178,59.124117099353));
#1475 = CARTESIAN_POINT('',(6.808501799085,59.414503494533));
#1476 = CARTESIAN_POINT('',(6.818875313882,59.710120572414));
#1477 = CARTESIAN_POINT('',(6.829093655446,60.010897294407));
#1478 = CARTESIAN_POINT('',(6.839156349614,60.316771867096));
#1479 = CARTESIAN_POINT('',(6.849062375209,60.627669382481));
#1480 = CARTESIAN_POINT('',(6.858811025662,60.943527499191));
#1481 = CARTESIAN_POINT('',(6.868401659717,61.264290173326));
#1482 = CARTESIAN_POINT('',(6.877833551717,61.589902960904));
#1483 = CARTESIAN_POINT('',(6.88710592897,61.920314304654));
#1484 = CARTESIAN_POINT('',(6.896217958657,62.255475230349));
#1485 = CARTESIAN_POINT('',(6.905168747814,62.595339478014));
#1486 = CARTESIAN_POINT('',(6.913957339773,62.939863542302));
#1487 = CARTESIAN_POINT('',(6.922582710091,63.289006700659));
#1488 = CARTESIAN_POINT('',(6.931043766429,63.642731241853));
#1489 = CARTESIAN_POINT('',(6.939339331581,64.001001967497));
#1490 = CARTESIAN_POINT('',(6.947468188375,64.36378846503));
#1491 = CARTESIAN_POINT('',(6.955428822353,64.731053822098));
#1492 = CARTESIAN_POINT('',(6.963219696684,65.102766245388));
#1493 = CARTESIAN_POINT('',(6.970839146827,65.478894534437));
#1494 = CARTESIAN_POINT('',(6.978285351582,65.859408876429));
#1495 = CARTESIAN_POINT('',(6.985555935617,66.244305460419));
#1496 = CARTESIAN_POINT('',(6.992648352802,66.633581119992));
#1497 = CARTESIAN_POINT('',(6.99955983556,67.027231728527));
#1498 = CARTESIAN_POINT('',(7.006287407504,67.425251990395));
#1499 = CARTESIAN_POINT('',(7.012827904183,67.827636416837));
#1500 = CARTESIAN_POINT('',(7.019177888795,68.234373576594));
#1501 = CARTESIAN_POINT('',(7.02533377875,68.645452404919));
#1502 = CARTESIAN_POINT('',(7.03129174503,69.060856085122));
#1503 = CARTESIAN_POINT('',(7.037047733793,69.480561318048));
#1504 = CARTESIAN_POINT('',(7.042597485247,69.904537793247));
#1505 = CARTESIAN_POINT('',(7.047936553894,70.332747792151));
#1506 = CARTESIAN_POINT('',(7.053060320168,70.765145074889));
#1507 = CARTESIAN_POINT('',(7.057964029295,71.201676475927));
#1508 = CARTESIAN_POINT('',(7.062642762152,71.642275396429));
#1509 = CARTESIAN_POINT('',(7.067091409512,72.086855331392));
#1510 = CARTESIAN_POINT('',(7.071304812261,72.53531782141));
#1511 = CARTESIAN_POINT('',(7.075277774776,72.987549588118));
#1512 = CARTESIAN_POINT('',(7.079005112081,73.443422216819));
#1513 = CARTESIAN_POINT('',(7.082481691379,73.902791067274));
#1514 = CARTESIAN_POINT('',(7.085702478482,74.365494292107));
#1515 = CARTESIAN_POINT('',(7.08866258714,74.831351713549));
#1516 = CARTESIAN_POINT('',(7.091357329623,75.300163634547));
#1517 = CARTESIAN_POINT('',(7.093782278305,75.771709499166));
#1518 = CARTESIAN_POINT('',(7.09593333485,76.245753099347));
#1519 = CARTESIAN_POINT('',(7.097806843587,76.722041631093));
#1520 = CARTESIAN_POINT('',(7.099399392901,77.200309400915));
#1521 = CARTESIAN_POINT('',(7.100706699151,77.680289468541));
#1522 = CARTESIAN_POINT('',(7.101724997188,78.161698836256));
#1523 = CARTESIAN_POINT('',(7.102209144555,78.483391286361));
#1524 = CARTESIAN_POINT('',(7.102401994119,78.644376539828));
#1525 = ( GEOMETRIC_REPRESENTATION_CONTEXT(2) 
PARAMETRIC_REPRESENTATION_CONTEXT() REPRESENTATION_CONTEXT('2D SPACE',''
  ) );
#1526 = PCURVE('',#1527,#1535);
#1527 = SURFACE_OF_LINEAR_EXTRUSION('',#1528,#1533);
#1528 = ELLIPSE('',#1529,40.,24.);
#1529 = AXIS2_PLACEMENT_3D('',#1530,#1531,#1532);
#1530 = CARTESIAN_POINT('',(0.,0.,319.6));
#1531 = DIRECTION('',(1.,0.,0.));
#1532 = DIRECTION('',(0.,1.,0.));
#1533 = VECTOR('',#1534,1.);
#1534 = DIRECTION('',(-1.,-0.,-0.));
#1535 = DEFINITIONAL_REPRESENTATION('',(#1536),#1892);
#1536 = B_SPLINE_CURVE_WITH_KNOTS('',3,(#1537,#1538,#1539,#1540,#1541,
    #1542,#1543,#1544,#1545,#1546,#1547,#1548,#1549,#1550,#1551,#1552,
    #1553,#1554,#1555,#1556,#1557,#1558,#1559,#1560,#1561,#1562,#1563,
    #1564,#1565,#1566,#1567,#1568,#1569,#1570,#1571,#1572,#1573,#1574,
    #1575,#1576,#1577,#1578,#1579,#1580,#1581,#1582,#1583,#1584,#1585,
    #1586,#1587,#1588,#1589,#1590,#1591,#1592,#1593,#1594,#1595,#1596,
    #1597,#1598,#1599,#1600,#1601,#1602,#1603,#1604,#1605,#1606,#1607,
    #1608,#1609,#1610,#1611,#1612,#1613,#1614,#1615,#1616,#1617,#1618,
    #1619,#1620,#1621,#1622,#1623,#1624,#1625,#1626,#1627,#1628,#1629,
    #1630,#1631,#1632,#1633,#1634,#1635,#1636,#1637,#1638,#1639,#1640,
    #1641,#1642,#1643,#1644,#1645,#1646,#1647,#1648,#1649,#1650,#1651,
    #1652,#1653,#1654,#1655,#1656,#1657,#1658,#1659,#1660,#1661,#1662,
    #1663,#1664,#1665,#1666,#1667,#1668,#1669,#1670,#1671,#1672,#1673,
    #1674,#1675,#1676,#1677,#1678,#1679,#1680,#1681,#1682,#1683,#1684,
    #1685,#1686,#1687,#1688,#1689,#1690,#1691,#1692,#1693,#1694,#1695,
    #1696,#1697,#1698,#1699,#1700,#1701,#1702,#1703,#1704,#1705,#1706,
    #1707,#1708,#1709,#1710,#1711,#1712,#1713,#1714,#1715,#1716,#1717,
    #1718,#1719,#1720,#1721,#1722,#1723,#1724,#1725,#1726,#1727,#1728,
    #1729,#1730,#1731,#1732,#1733,#1734,#1735,#1736,#1737,#1738,#1739,
    #1740,#1741,#1742,#1743,#1744,#1745,#1746,#1747,#1748,#1749,#1750,
    #1751,#1752,#1753,#1754,#1755,#1756,#1757,#1758,#1759,#1760,#1761,
    #1762,#1763,#1764,#1765,#1766,#1767,#1768,#1769,#1770,#1771,#1772,
    #1773,#1774,#1775,#1776,#1777,#1778,#1779,#1780,#1781,#1782,#1783,
    #1784,#1785,#1786,#1787,#1788,#1789,#1790,#1791,#1792,#1793,#1794,
    #1795,#1796,#1797,#1798,#1799,#1800,#1801,#1802,#1803,#1804,#1805,
    #1806,#1807,#1808,#1809,#1810,#1811,#1812,#1813,#1814,#1815,#1816,
    #1817,#1818,#1819,#1820,#1821,#1822,#1823,#1824,#1825,#1826,#1827,
    #1828,#1829,#1830,#1831,#1832,#1833,#1834,#1835,#1836,#1837,#1838,
    #1839,#1840,#1841,#1842,#1843,#1844,#1845,#1846,#1847,#1848,#1849,
    #1850,#1851,#1852,#1853,#1854,#1855,#1856,#1857,#1858,#1859,#1860,
    #1861,#1862,#1863,#1864,#1865,#1866,#1867,#1868,#1869,#1870,#1871,
    #1872,#1873,#1874,#1875,#1876,#1877,#1878,#1879,#1880,#1881,#1882,
    #1883,#1884,#1885,#1886,#1887,#1888,#1889,#1890,#1891),
  .UNSPECIFIED.,.F.,.F.,(4,1,1,1,1,1,1,1,1,1,1,1,1,1,1,1,1,1,1,1,1,1,1,1
    ,1,1,1,1,1,1,1,1,1,1,1,1,1,1,1,1,1,1,1,1,1,1,1,1,1,1,1,1,1,1,1,1,1,1
    ,1,1,1,1,1,1,1,1,1,1,1,1,1,1,1,1,1,1,1,1,1,1,1,1,1,1,1,1,1,1,1,1,1,1
    ,1,1,1,1,1,1,1,1,1,1,1,1,1,1,1,1,1,1,1,1,1,1,1,1,1,1,1,1,1,1,1,1,1,1
    ,1,1,1,1,1,1,1,1,1,1,1,1,1,1,1,1,1,1,1,1,1,1,1,1,1,1,1,1,1,1,1,1,1,1
    ,1,1,1,1,1,1,1,1,1,1,1,1,1,1,1,1,1,1,1,1,1,1,1,1,1,1,1,1,1,1,1,1,1,1
    ,1,1,1,1,1,1,1,1,1,1,1,1,1,1,1,1,1,1,1,1,1,1,1,1,1,1,1,1,1,1,1,1,1,1
    ,1,1,1,1,1,1,1,1,1,1,1,1,1,1,1,1,1,1,1,1,1,1,1,1,1,1,1,1,1,1,1,1,1,1
    ,1,1,1,1,1,1,1,1,1,1,1,1,1,1,1,1,1,1,1,1,1,1,1,1,1,1,1,1,1,1,1,1,1,1
    ,1,1,1,1,1,1,1,1,1,1,1,1,1,1,1,1,1,1,1,1,1,1,1,1,1,1,1,1,1,1,1,1,1,1
    ,1,1,1,1,1,1,1,1,1,1,1,1,1,1,1,1,1,1,1,1,1,1,4),(0.,
    1.139741079254E-02,2.279482158507E-02,3.419223237761E-02,
    4.558964317014E-02,5.698705396268E-02,6.838446475521E-02,
    7.978187554775E-02,9.117928634028E-02,0.102576697133,0.113974107925,
    0.125371518718,0.13676892951,0.148166340303,0.159563751095,
    0.170961161888,0.182358572681,0.193755983473,0.205153394266,
    0.216550805058,0.227948215851,0.239345626643,0.250743037436,
    0.262140448228,0.273537859021,0.284935269813,0.296332680606,
    0.307730091398,0.319127502191,0.330524912984,0.341922323776,
    0.353319734569,0.364717145361,0.376114556154,0.387511966946,
    0.398909377739,0.410306788531,0.421704199324,0.433101610116,
    0.444499020909,0.455896431701,0.467293842494,0.478691253286,
    0.490088664079,0.501486074872,0.512883485664,0.524280896457,
    0.535678307249,0.547075718042,0.558473128834,0.569870539627,
    0.581267950419,0.592665361212,0.604062772004,0.615460182797,
    0.626857593589,0.638255004382,0.649652415175,0.661049825967,
    0.67244723676,0.683844647552,0.695242058345,0.706639469137,
    0.71803687993,0.729434290722,0.740831701515,0.752229112307,
    0.7636265231,0.775023933892,0.786421344685,0.797818755477,
    0.80921616627,0.820613577063,0.832010987855,0.843408398648,
    0.85480580944,0.866203220233,0.877600631025,0.888998041818,
    0.90039545261,0.911792863403,0.923190274195,0.934587684988,
    0.94598509578,0.957382506573,0.968779917366,0.980177328158,
    0.991574738951,1.002972149743,1.014369560536,1.025766971328,
    1.037164382121,1.048561792913,1.059959203706,1.071356614498,
    1.082754025291,1.094151436083,1.105548846876,1.116946257668,
    1.128343668461,1.139741079254,1.151138490046,1.162535900839,
    1.173933311631,1.185330722424,1.196728133216,1.208125544009,
    1.219522954801,1.230920365594,1.242317776386,1.253715187179,
    1.265112597971,1.276510008764,1.287907419557,1.299304830349,
    1.310702241142,1.322099651934,1.333497062727,1.344894473519,
    1.356291884312,1.367689295104,1.379086705897,1.390484116689,
    1.401881527482,1.413278938274,1.424676349067,1.436073759859,
    1.447471170652,1.458868581445,1.470265992237,1.48166340303,
    1.493060813822,1.504458224615,1.515855635407,1.5272530462,
    1.538650456992,1.550047867785,1.561445278577,1.57284268937,
    1.584240100162,1.595637510955,1.607034921748,1.61843233254,
    1.629829743333,1.641227154125,1.652624564918,1.66402197571,
    1.675419386503,1.686816797295,1.698214208088,1.70961161888,
    1.721009029673,1.732406440465,1.743803851258,1.75520126205,
    1.766598672843,1.777996083636,1.789393494428,1.800790905221,
    1.812188316013,1.823585726806,1.834983137598,1.846380548391,
    1.857777959183,1.869175369976,1.880572780768,1.891970191561,
    1.903367602353,1.914765013146,1.926162423938,1.937559834731,
    1.948957245524,1.960354656316,1.971752067109,1.983149477901,
    1.994546888694,2.005944299486,2.017341710279,2.028739121071,
    2.040136531864,2.051533942656,2.062931353449,2.074328764241,
    2.085726175034,2.097123585827,2.108520996619,2.119918407412,
    2.131315818204,2.142713228997,2.154110639789,2.165508050582,
    2.176905461374,2.188302872167,2.199700282959,2.211097693752,
    2.222495104544,2.233892515337,2.245289926129,2.256687336922,
    2.268084747715,2.279482158507,2.2908795693,2.302276980092,
    2.313674390885,2.325071801677,2.33646921247,2.347866623262,
    2.359264034055,2.370661444847,2.38205885564,2.393456266432,
    2.404853677225,2.416251088018,2.42764849881,2.439045909603,
    2.450443320395,2.461840731188,2.47323814198,2.484635552773,
    2.496032963565,2.507430374358,2.51882778515,2.530225195943,
    2.541622606735,2.553020017528,2.56441742832,2.575814839113,
    2.587212249906,2.598609660698,2.610007071491,2.621404482283,
    2.632801893076,2.644199303868,2.655596714661,2.666994125453,
    2.678391536246,2.689788947038,2.701186357831,2.712583768623,
    2.723981179416,2.735378590209,2.746776001001,2.758173411794,
    2.769570822586,2.780968233379,2.792365644171,2.803763054964,
    2.815160465756,2.826557876549,2.837955287341,2.849352698134,
    2.860750108926,2.872147519719,2.883544930511,2.894942341304,
    2.906339752097,2.917737162889,2.929134573682,2.940531984474,
    2.951929395267,2.963326806059,2.974724216852,2.986121627644,
    2.997519038437,3.008916449229,3.020313860022,3.031711270814,
    3.043108681607,3.0545060924,3.065903503192,3.077300913985,
    3.088698324777,3.10009573557,3.111493146362,3.122890557155,
    3.134287967947,3.14568537874,3.157082789532,3.168480200325,
    3.179877611117,3.19127502191,3.202672432702,3.214069843495,
    3.225467254288,3.23686466508,3.248262075873,3.259659486665,
    3.271056897458,3.28245430825,3.293851719043,3.305249129835,
    3.316646540628,3.32804395142,3.339441362213,3.350838773005,
    3.362236183798,3.37363359459,3.385031005383,3.396428416176,
    3.407825826968,3.419223237761,3.430620648553,3.442018059346,
    3.453415470138,3.464812880931,3.476210291723,3.487607702516,
    3.499005113308,3.510402524101,3.521799934893,3.533197345686,
    3.544594756479,3.555992167271,3.567389578064,3.578786988856,
    3.590184399649,3.601581810441,3.612979221234,3.624376632026,
    3.635774042819,3.647171453611,3.658568864404,3.669966275196,
    3.681363685989,3.692761096781,3.704158507574,3.715555918367,
    3.726953329159,3.738350739952,3.749748150744,3.761145561537,
    3.772542972329,3.783940383122,3.795337793914,3.806735204707,
    3.818132615499,3.829530026292,3.840927437084,3.852324847877,
    3.86372225867,3.875119669462,3.886517080255,3.897914491047,
    3.90931190184,3.920709312632,3.932106723425,3.943504134217,
    3.95490154501,3.966298955802,3.977696366595,3.989093777387,
    4.00049118818,4.011888598972),.QUASI_UNIFORM_KNOTS.);
#1537 = CARTESIAN_POINT('',(0.,-37.38205503268));
#1538 = CARTESIAN_POINT('',(6.724605784583E-03,-37.36759698832));
#1539 = CARTESIAN_POINT('',(2.018002118294E-02,-37.34099938594));
#1540 = CARTESIAN_POINT('',(4.037187306104E-02,-37.30812601017));
#1541 = CARTESIAN_POINT('',(6.056244903012E-02,-37.28235665867));
#1542 = CARTESIAN_POINT('',(8.074217133956E-02,-37.26372533071));
#1543 = CARTESIAN_POINT('',(0.100901701535,-37.25223552009));
#1544 = CARTESIAN_POINT('',(0.121031948435,-37.24785637535));
#1545 = CARTESIAN_POINT('',(0.14112404003,-37.25052461299));
#1546 = CARTESIAN_POINT('',(0.161169253538,-37.26014509378));
#1547 = CARTESIAN_POINT('',(0.181159157793,-37.2765923372));
#1548 = CARTESIAN_POINT('',(0.201084956316,-37.29971096392));
#1549 = CARTESIAN_POINT('',(0.220940606417,-37.32932184991));
#1550 = CARTESIAN_POINT('',(0.240719781037,-37.36522231206));
#1551 = CARTESIAN_POINT('',(0.260416858992,-37.40718920409));
#1552 = CARTESIAN_POINT('',(0.280027015908,-37.45498214619));
#1553 = CARTESIAN_POINT('',(0.299546143548,-37.50834619606));
#1554 = CARTESIAN_POINT('',(0.318970821,-37.56701447465));
#1555 = CARTESIAN_POINT('',(0.33829828217,-37.63071091674));
#1556 = CARTESIAN_POINT('',(0.357526375586,-37.69915195271));
#1557 = CARTESIAN_POINT('',(0.376653584753,-37.77205172577));
#1558 = CARTESIAN_POINT('',(0.395678836483,-37.84911362129));
#1559 = CARTESIAN_POINT('',(0.414602316288,-37.93008071148));
#1560 = CARTESIAN_POINT('',(0.433424734865,-38.01473238824));
#1561 = CARTESIAN_POINT('',(0.45214703389,-38.10284065874));
#1562 = CARTESIAN_POINT('',(0.470770479635,-38.19418119258));
#1563 = CARTESIAN_POINT('',(0.489296626554,-38.2885313124));
#1564 = CARTESIAN_POINT('',(0.507727314666,-38.38567148238));
#1565 = CARTESIAN_POINT('',(0.526064675515,-38.48538586129));
#1566 = CARTESIAN_POINT('',(0.544311083978,-38.58746309983));
#1567 = CARTESIAN_POINT('',(0.562467095134,-38.69168414667));
#1568 = CARTESIAN_POINT('',(0.580536585699,-38.79785219295));
#1569 = CARTESIAN_POINT('',(0.598522757932,-38.90577107594));
#1570 = CARTESIAN_POINT('',(0.616428918993,-39.01524952709));
#1571 = CARTESIAN_POINT('',(0.63425828473,-39.12610016891));
#1572 = CARTESIAN_POINT('',(0.652014044278,-39.23813990109));
#1573 = CARTESIAN_POINT('',(0.669699354269,-39.35118989657));
#1574 = CARTESIAN_POINT('',(0.687317351515,-39.46507568437));
#1575 = CARTESIAN_POINT('',(0.704871160436,-39.57962719134));
#1576 = CARTESIAN_POINT('',(0.72236390168,-39.69467877709));
#1577 = CARTESIAN_POINT('',(0.739798700303,-39.81006925302));
#1578 = CARTESIAN_POINT('',(0.757178693993,-39.92564188768));
#1579 = CARTESIAN_POINT('',(0.774507041391,-40.04124439847));
#1580 = CARTESIAN_POINT('',(0.791786930164,-40.15672892725));
#1581 = CARTESIAN_POINT('',(0.809021586449,-40.27195200997));
#1582 = CARTESIAN_POINT('',(0.826214279845,-40.38677450193));
#1583 = CARTESIAN_POINT('',(0.843368345897,-40.50106160234));
#1584 = CARTESIAN_POINT('',(0.860487144351,-40.61468244189));
#1585 = CARTESIAN_POINT('',(0.877574258386,-40.7275112345));
#1586 = CARTESIAN_POINT('',(0.894632795918,-40.83942252549));
#1587 = CARTESIAN_POINT('',(0.911664196572,-40.95028339731));
#1588 = CARTESIAN_POINT('',(0.928671652971,-41.05997610358));
#1589 = CARTESIAN_POINT('',(0.945657813926,-41.16838191139));
#1590 = CARTESIAN_POINT('',(0.962625431447,-41.27538985447));
#1591 = CARTESIAN_POINT('',(0.979577202301,-41.38089450768));
#1592 = CARTESIAN_POINT('',(0.996515690999,-41.48479115894));
#1593 = CARTESIAN_POINT('',(1.013443396632,-41.58697766561));
#1594 = CARTESIAN_POINT('',(1.030362700024,-41.68735340909));
#1595 = CARTESIAN_POINT('',(1.047275883521,-41.78581957191));
#1596 = CARTESIAN_POINT('',(1.064185140451,-41.88227907972));
#1597 = CARTESIAN_POINT('',(1.081092509045,-41.97663616656));
#1598 = CARTESIAN_POINT('',(1.097999982961,-42.06879709042));
#1599 = CARTESIAN_POINT('',(1.114909406856,-42.15866936892));
#1600 = CARTESIAN_POINT('',(1.13182249801,-42.24616200175));
#1601 = CARTESIAN_POINT('',(1.148740844108,-42.33118550514));
#1602 = CARTESIAN_POINT('',(1.16566590369,-42.41365198457));
#1603 = CARTESIAN_POINT('',(1.182599016309,-42.49347524265));
#1604 = CARTESIAN_POINT('',(1.199541367873,-42.57057070795));
#1605 = CARTESIAN_POINT('',(1.216494122285,-42.64485604476));
#1606 = CARTESIAN_POINT('',(1.233457929588,-42.71624921834));
#1607 = CARTESIAN_POINT('',(1.250435084253,-42.78467741791));
#1608 = CARTESIAN_POINT('',(1.267425900754,-42.8500618808));
#1609 = CARTESIAN_POINT('',(1.284430431914,-42.91232602152));
#1610 = CARTESIAN_POINT('',(1.301448701922,-42.97139640597));
#1611 = CARTESIAN_POINT('',(1.318480641583,-43.02720264184));
#1612 = CARTESIAN_POINT('',(1.335526102872,-43.07967756527));
#1613 = CARTESIAN_POINT('',(1.352584851741,-43.12875735391));
#1614 = CARTESIAN_POINT('',(1.369656566257,-43.1743816657));
#1615 = CARTESIAN_POINT('',(1.386740832814,-43.2164937765));
#1616 = CARTESIAN_POINT('',(1.40383714234,-43.25504072403));
#1617 = CARTESIAN_POINT('',(1.420944885985,-43.28997345596));
#1618 = CARTESIAN_POINT('',(1.438063350387,-43.32124698286));
#1619 = CARTESIAN_POINT('',(1.455191712548,-43.34882053573));
#1620 = CARTESIAN_POINT('',(1.472329033945,-43.37265772834));
#1621 = CARTESIAN_POINT('',(1.4894742553,-43.39272672397));
#1622 = CARTESIAN_POINT('',(1.506626186477,-43.40900040772));
#1623 = CARTESIAN_POINT('',(1.523783512098,-43.42145656076));
#1624 = CARTESIAN_POINT('',(1.54094473583,-43.43007804924));
#1625 = CARTESIAN_POINT('',(1.558108350803,-43.43485298121));
#1626 = CARTESIAN_POINT('',(1.575272163099,-43.43577500515));
#1627 = CARTESIAN_POINT('',(1.592436146009,-43.43284308055));
#1628 = CARTESIAN_POINT('',(1.609598712856,-43.42606082474));
#1629 = CARTESIAN_POINT('',(1.626758097546,-43.41543755844));
#1630 = CARTESIAN_POINT('',(1.64391278201,-43.4009879156));
#1631 = CARTESIAN_POINT('',(1.661061370432,-43.38273170837));
#1632 = CARTESIAN_POINT('',(1.67820261253,-43.36069372963));
#1633 = CARTESIAN_POINT('',(1.695335387667,-43.33490357825));
#1634 = CARTESIAN_POINT('',(1.712458700177,-43.30539548431));
#1635 = CARTESIAN_POINT('',(1.72957167238,-43.27220814021));
#1636 = CARTESIAN_POINT('',(1.746673538855,-43.23538453624));
#1637 = CARTESIAN_POINT('',(1.763763641005,-43.19497180084));
#1638 = CARTESIAN_POINT('',(1.780841422116,-43.15102104558));
#1639 = CARTESIAN_POINT('',(1.797906422906,-43.10358721463));
#1640 = CARTESIAN_POINT('',(1.814958277269,-43.05272893978));
#1641 = CARTESIAN_POINT('',(1.831996709304,-42.99850839646));
#1642 = CARTESIAN_POINT('',(1.849021527491,-42.94099117829));
#1643 = CARTESIAN_POINT('',(1.866032631383,-42.88024612435));
#1644 = CARTESIAN_POINT('',(1.883029973483,-42.81634534458));
#1645 = CARTESIAN_POINT('',(1.900013690189,-42.74936352806));
#1646 = CARTESIAN_POINT('',(1.916983603593,-42.67937994895));
#1647 = CARTESIAN_POINT('',(1.93394135147,-42.6064692534));
#1648 = CARTESIAN_POINT('',(1.950888161055,-42.53070991212));
#1649 = CARTESIAN_POINT('',(1.9678250759,-42.45218365825));
#1650 = CARTESIAN_POINT('',(1.984753327291,-42.37097377496));
#1651 = CARTESIAN_POINT('',(2.001674233561,-42.28716545594));
#1652 = CARTESIAN_POINT('',(2.018589226642,-42.20084562133));
#1653 = CARTESIAN_POINT('',(2.035499845268,-42.11210289041));
#1654 = CARTESIAN_POINT('',(2.052407737913,-42.0210275232));
#1655 = CARTESIAN_POINT('',(2.069314663945,-41.92771138127));
#1656 = CARTESIAN_POINT('',(2.086222496147,-41.83224789415));
#1657 = CARTESIAN_POINT('',(2.103133223721,-41.73473203551));
#1658 = CARTESIAN_POINT('',(2.120048956343,-41.63526030646));
#1659 = CARTESIAN_POINT('',(2.136971928173,-41.53393073171));
#1660 = CARTESIAN_POINT('',(2.153904505837,-41.43084284871));
#1661 = CARTESIAN_POINT('',(2.170849185674,-41.32609776355));
#1662 = CARTESIAN_POINT('',(2.187808635364,-41.21979799837));
#1663 = CARTESIAN_POINT('',(2.204785302219,-41.11204991847));
#1664 = CARTESIAN_POINT('',(2.221781945368,-41.00296076789));
#1665 = CARTESIAN_POINT('',(2.238801288837,-40.89264588677));
#1666 = CARTESIAN_POINT('',(2.255846105694,-40.78122491175));
#1667 = CARTESIAN_POINT('',(2.272919319059,-40.66881886751));
#1668 = CARTESIAN_POINT('',(2.290022317918,-40.55556303621));
#1669 = CARTESIAN_POINT('',(2.307158933818,-40.44157983307));
#1670 = CARTESIAN_POINT('',(2.324332516811,-40.32699845649));
#1671 = CARTESIAN_POINT('',(2.341546454815,-40.21195152958));
#1672 = CARTESIAN_POINT('',(2.358804046305,-40.09657611335));
#1673 = CARTESIAN_POINT('',(2.376108545913,-39.98101353067));
#1674 = CARTESIAN_POINT('',(2.393463163388,-39.86540949081));
#1675 = CARTESIAN_POINT('',(2.410871074784,-39.74991411561));
#1676 = CARTESIAN_POINT('',(2.42833543016,-39.63468197393));
#1677 = CARTESIAN_POINT('',(2.445859362063,-39.51987209607));
#1678 = CARTESIAN_POINT('',(2.463445993723,-39.40564797539));
#1679 = CARTESIAN_POINT('',(2.481098447243,-39.29217755585));
#1680 = CARTESIAN_POINT('',(2.498819852048,-39.1796332041));
#1681 = CARTESIAN_POINT('',(2.516613352628,-39.06819167218));
#1682 = CARTESIAN_POINT('',(2.534482119533,-38.95803402847));
#1683 = CARTESIAN_POINT('',(2.552429349158,-38.84934563992));
#1684 = CARTESIAN_POINT('',(2.570458306605,-38.74231589614));
#1685 = CARTESIAN_POINT('',(2.588572209448,-38.63713882963));
#1686 = CARTESIAN_POINT('',(2.606774707233,-38.53401032477));
#1687 = CARTESIAN_POINT('',(2.625068140039,-38.43313799052));
#1688 = CARTESIAN_POINT('',(2.64345345666,-38.33473979133));
#1689 = CARTESIAN_POINT('',(2.661933333782,-38.23902711808));
#1690 = CARTESIAN_POINT('',(2.680509635594,-38.14621847466));
#1691 = CARTESIAN_POINT('',(2.69918408448,-38.0565348989));
#1692 = CARTESIAN_POINT('',(2.717958078737,-37.97020021842));
#1693 = CARTESIAN_POINT('',(2.736832716714,-37.88744012218));
#1694 = CARTESIAN_POINT('',(2.755808834437,-37.8084811344));
#1695 = CARTESIAN_POINT('',(2.77488676397,-37.73355107257));
#1696 = CARTESIAN_POINT('',(2.794065902076,-37.66294017111));
#1697 = CARTESIAN_POINT('',(2.813345140394,-37.59693655532));
#1698 = CARTESIAN_POINT('',(2.832722723551,-37.53582559655));
#1699 = CARTESIAN_POINT('',(2.852196253233,-37.47988684079));
#1700 = CARTESIAN_POINT('',(2.871762648842,-37.42939179318));
#1701 = CARTESIAN_POINT('',(2.89141810279,-37.38460173649));
#1702 = CARTESIAN_POINT('',(2.911157996595,-37.34576464651));
#1703 = CARTESIAN_POINT('',(2.930977056881,-37.3131122924));
#1704 = CARTESIAN_POINT('',(2.950869193838,-37.28685749953));
#1705 = CARTESIAN_POINT('',(2.97082821265,-37.26719078658));
#1706 = CARTESIAN_POINT('',(2.990846243045,-37.2542793347));
#1707 = CARTESIAN_POINT('',(3.010915243542,-37.24826242139));
#1708 = CARTESIAN_POINT('',(3.03102681014,-37.24925000111));
#1709 = CARTESIAN_POINT('',(3.051172180711,-37.25732101344));
#1710 = CARTESIAN_POINT('',(3.071342238515,-37.27252208878));
#1711 = CARTESIAN_POINT('',(3.091527311139,-37.29486608625));
#1712 = CARTESIAN_POINT('',(3.111717775384,-37.3243320558));
#1713 = CARTESIAN_POINT('',(3.131904494639,-37.36086586815));
#1714 = CARTESIAN_POINT('',(3.152078099854,-37.40438086151));
#1715 = CARTESIAN_POINT('',(3.172229540687,-37.45475863695));
#1716 = CARTESIAN_POINT('',(3.192350157881,-37.51185056765));
#1717 = CARTESIAN_POINT('',(3.212431728667,-37.57548337518));
#1718 = CARTESIAN_POINT('',(3.232466631798,-37.64544800644));
#1719 = CARTESIAN_POINT('',(3.252447543692,-37.7215585156));
#1720 = CARTESIAN_POINT('',(3.272367246318,-37.80368539981));
#1721 = CARTESIAN_POINT('',(3.292219145789,-37.89166205362));
#1722 = CARTESIAN_POINT('',(3.311997256197,-37.98530563687));
#1723 = CARTESIAN_POINT('',(3.331696262258,-38.08441467898));
#1724 = CARTESIAN_POINT('',(3.35131149682,-38.18877277014));
#1725 = CARTESIAN_POINT('',(3.370838970956,-38.29815061477));
#1726 = CARTESIAN_POINT('',(3.390275423078,-38.41230903232));
#1727 = CARTESIAN_POINT('',(3.40961824274,-38.5310010162));
#1728 = CARTESIAN_POINT('',(3.428865441831,-38.65397363014));
#1729 = CARTESIAN_POINT('',(3.448015609922,-38.78096988275));
#1730 = CARTESIAN_POINT('',(3.467067917697,-38.91173083067));
#1731 = CARTESIAN_POINT('',(3.486021978884,-39.04599678895));
#1732 = CARTESIAN_POINT('',(3.504878031309,-39.18350950397));
#1733 = CARTESIAN_POINT('',(3.523636803924,-39.32401354183));
#1734 = CARTESIAN_POINT('',(3.542299331821,-39.46725607316));
#1735 = CARTESIAN_POINT('',(3.560866983966,-39.61298799579));
#1736 = CARTESIAN_POINT('',(3.579341443129,-39.76096476002));
#1737 = CARTESIAN_POINT('',(3.597724680897,-39.91094705306));
#1738 = CARTESIAN_POINT('',(3.616019016542,-40.0627023443));
#1739 = CARTESIAN_POINT('',(3.634226783958,-40.21600236474));
#1740 = CARTESIAN_POINT('',(3.652350607919,-40.37062582995));
#1741 = CARTESIAN_POINT('',(3.670393221997,-40.52635760036));
#1742 = CARTESIAN_POINT('',(3.688357461722,-40.68298836194));
#1743 = CARTESIAN_POINT('',(3.706246272188,-40.84031632772));
#1744 = CARTESIAN_POINT('',(3.724062699254,-40.99814216321));
#1745 = CARTESIAN_POINT('',(3.741809743414,-41.15629084054));
#1746 = CARTESIAN_POINT('',(3.759490429173,-41.31461427443));
#1747 = CARTESIAN_POINT('',(3.777107790194,-41.47296306936));
#1748 = CARTESIAN_POINT('',(3.794664866223,-41.63119340731));
#1749 = CARTESIAN_POINT('',(3.812164685816,-41.78916446082));
#1750 = CARTESIAN_POINT('',(3.829610261588,-41.94673902694));
#1751 = CARTESIAN_POINT('',(3.847004601282,-42.10378329099));
#1752 = CARTESIAN_POINT('',(3.864350622208,-42.260166035));
#1753 = CARTESIAN_POINT('',(3.881651291918,-42.41575972706));
#1754 = CARTESIAN_POINT('',(3.898909529558,-42.57043956487));
#1755 = CARTESIAN_POINT('',(3.916128186191,-42.72408316902));
#1756 = CARTESIAN_POINT('',(3.93331005779,-42.87657059041));
#1757 = CARTESIAN_POINT('',(3.950457904976,-43.02778437373));
#1758 = CARTESIAN_POINT('',(3.96757440951,-43.17760908231));
#1759 = CARTESIAN_POINT('',(3.984662373564,-43.32593292166));
#1760 = CARTESIAN_POINT('',(4.001723865483,-43.47264027227));
#1761 = CARTESIAN_POINT('',(4.01876160764,-43.61762367469));
#1762 = CARTESIAN_POINT('',(4.035778243614,-43.76077725728));
#1763 = CARTESIAN_POINT('',(4.052776276164,-43.90199617122));
#1764 = CARTESIAN_POINT('',(4.069758094033,-44.04117677533));
#1765 = CARTESIAN_POINT('',(4.086725973954,-44.17821662175));
#1766 = CARTESIAN_POINT('',(4.10368208837,-44.31301449687));
#1767 = CARTESIAN_POINT('',(4.120628510769,-44.44547044924));
#1768 = CARTESIAN_POINT('',(4.137567220866,-44.57548582298));
#1769 = CARTESIAN_POINT('',(4.154500109082,-44.70296329161));
#1770 = CARTESIAN_POINT('',(4.171428980518,-44.8278068938));
#1771 = CARTESIAN_POINT('',(4.188355558406,-44.94992207066));
#1772 = CARTESIAN_POINT('',(4.205281487072,-45.06921570466));
#1773 = CARTESIAN_POINT('',(4.222208334436,-45.18559616036));
#1774 = CARTESIAN_POINT('',(4.239137594016,-45.29897332664));
#1775 = CARTESIAN_POINT('',(4.256070686618,-45.40925866128));
#1776 = CARTESIAN_POINT('',(4.273008961099,-45.51636523512));
#1777 = CARTESIAN_POINT('',(4.289953696462,-45.6202077867));
#1778 = CARTESIAN_POINT('',(4.306906096871,-45.72070274592));
#1779 = CARTESIAN_POINT('',(4.323867310974,-45.81776838267));
#1780 = CARTESIAN_POINT('',(4.340838358331,-45.91132449772));
#1781 = CARTESIAN_POINT('',(4.357820400308,-46.00129383138));
#1782 = CARTESIAN_POINT('',(4.374813165196,-46.08759420509));
#1783 = CARTESIAN_POINT('',(4.391817131421,-46.17015047601));
#1784 = CARTESIAN_POINT('',(4.408832644679,-46.24888970334));
#1785 = CARTESIAN_POINT('',(4.425859953685,-46.32374144437));
#1786 = CARTESIAN_POINT('',(4.442899198247,-46.39463781545));
#1787 = CARTESIAN_POINT('',(4.459950409593,-46.46151367733));
#1788 = CARTESIAN_POINT('',(4.477013507364,-46.52430681835));
#1789 = CARTESIAN_POINT('',(4.494088295012,-46.58295813236));
#1790 = CARTESIAN_POINT('',(4.511174461395,-46.63741177976));
#1791 = CARTESIAN_POINT('',(4.528271554926,-46.68761523067));
#1792 = CARTESIAN_POINT('',(4.545379056267,-46.73351945593));
#1793 = CARTESIAN_POINT('',(4.562496482248,-46.77507937804));
#1794 = CARTESIAN_POINT('',(4.579622948882,-46.8122529847));
#1795 = CARTESIAN_POINT('',(4.596757618193,-46.84500266074));
#1796 = CARTESIAN_POINT('',(4.613899588047,-46.87329498708));
#1797 = CARTESIAN_POINT('',(4.631047916446,-46.89710090869));
#1798 = CARTESIAN_POINT('',(4.648201608653,-46.91639580377));
#1799 = CARTESIAN_POINT('',(4.66535961724,-46.931159579));
#1800 = CARTESIAN_POINT('',(4.682520826292,-46.94137675937));
#1801 = CARTESIAN_POINT('',(4.699684084648,-46.94703657357));
#1802 = CARTESIAN_POINT('',(4.716848057418,-46.94813306251));
#1803 = CARTESIAN_POINT('',(4.734011833908,-46.94466509565));
#1804 = CARTESIAN_POINT('',(4.751174183803,-46.93663628337));
#1805 = CARTESIAN_POINT('',(4.768333881062,-46.92405510694));
#1806 = CARTESIAN_POINT('',(4.785489787707,-46.9069347919));
#1807 = CARTESIAN_POINT('',(4.802640824504,-46.8852932266));
#1808 = CARTESIAN_POINT('',(4.819785972304,-46.85915286842));
#1809 = CARTESIAN_POINT('',(4.836924265319,-46.82854065385));
#1810 = CARTESIAN_POINT('',(4.854054787441,-46.79348790562));
#1811 = CARTESIAN_POINT('',(4.871176665861,-46.7540302478));
#1812 = CARTESIAN_POINT('',(4.88828907374,-46.71020749184));
#1813 = CARTESIAN_POINT('',(4.905391200689,-46.66206363092));
#1814 = CARTESIAN_POINT('',(4.92248268494,-46.6096454624));
#1815 = CARTESIAN_POINT('',(4.939562981303,-46.55300400021));
#1816 = CARTESIAN_POINT('',(4.956631725877,-46.49219346311));
#1817 = CARTESIAN_POINT('',(4.973688662193,-46.42727141788));
#1818 = CARTESIAN_POINT('',(4.990733654834,-46.35829860594));
#1819 = CARTESIAN_POINT('',(5.007766682323,-46.28533878138));
#1820 = CARTESIAN_POINT('',(5.024787830017,-46.20845854796));
#1821 = CARTESIAN_POINT('',(5.041797307533,-46.12772707116));
#1822 = CARTESIAN_POINT('',(5.058795371152,-46.04321632786));
#1823 = CARTESIAN_POINT('',(5.075782604224,-45.9549995222));
#1824 = CARTESIAN_POINT('',(5.092758848621,-45.86315671648));
#1825 = CARTESIAN_POINT('',(5.109724651727,-45.76776726754));
#1826 = CARTESIAN_POINT('',(5.126681153322,-45.66890967387));
#1827 = CARTESIAN_POINT('',(5.143629426235,-45.56666501618));
#1828 = CARTESIAN_POINT('',(5.16057065174,-45.46111596598));
#1829 = CARTESIAN_POINT('',(5.177506071882,-45.35234698422));
#1830 = CARTESIAN_POINT('',(5.194437002166,-45.24044420349));
#1831 = CARTESIAN_POINT('',(5.211364828642,-45.12549539736));
#1832 = CARTESIAN_POINT('',(5.228291009745,-45.0075899288));
#1833 = CARTESIAN_POINT('',(5.245217077421,-44.88681870641));
#1834 = CARTESIAN_POINT('',(5.262144639006,-44.76327414093));
#1835 = CARTESIAN_POINT('',(5.279075379485,-44.63705010381));
#1836 = CARTESIAN_POINT('',(5.296011064226,-44.50824188743));
#1837 = CARTESIAN_POINT('',(5.312953542206,-44.376946167));
#1838 = CARTESIAN_POINT('',(5.329904749694,-44.24326096429));
#1839 = CARTESIAN_POINT('',(5.346866714608,-44.10728561187));
#1840 = CARTESIAN_POINT('',(5.3638415609,-43.96912072344));
#1841 = CARTESIAN_POINT('',(5.380831515501,-43.82886814859));
#1842 = CARTESIAN_POINT('',(5.397838908594,-43.68663099286));
#1843 = CARTESIAN_POINT('',(5.414866201847,-43.54251340133));
#1844 = CARTESIAN_POINT('',(5.43191591563,-43.39662123147));
#1845 = CARTESIAN_POINT('',(5.448990936832,-43.24905941418));
#1846 = CARTESIAN_POINT('',(5.466093280248,-43.09994281061));
#1847 = CARTESIAN_POINT('',(5.48322554313,-42.94938381149));
#1848 = CARTESIAN_POINT('',(5.500390529018,-42.79749552342));
#1849 = CARTESIAN_POINT('',(5.517590997776,-42.64439408138));
#1850 = CARTESIAN_POINT('',(5.534829742021,-42.49019809099));
#1851 = CARTESIAN_POINT('',(5.552109576292,-42.33502883517));
#1852 = CARTESIAN_POINT('',(5.569433349657,-42.17901027342));
#1853 = CARTESIAN_POINT('',(5.586803953011,-42.02226908593));
#1854 = CARTESIAN_POINT('',(5.604224325802,-41.86493472558));
#1855 = CARTESIAN_POINT('',(5.621697472388,-41.70713937349));
#1856 = CARTESIAN_POINT('',(5.639226442983,-41.5490182523));
#1857 = CARTESIAN_POINT('',(5.656814449595,-41.39070858475));
#1858 = CARTESIAN_POINT('',(5.674464324729,-41.23235487769));
#1859 = CARTESIAN_POINT('',(5.692179101745,-41.07410332649));
#1860 = CARTESIAN_POINT('',(5.709961808958,-40.91610376506));
#1861 = CARTESIAN_POINT('',(5.727815458626,-40.75851168239));
#1862 = CARTESIAN_POINT('',(5.74574307554,-40.60152125101));
#1863 = CARTESIAN_POINT('',(5.763747667481,-40.44533175916));
#1864 = CARTESIAN_POINT('',(5.781832119829,-40.29014927867));
#1865 = CARTESIAN_POINT('',(5.799999208087,-40.13618615168));
#1866 = CARTESIAN_POINT('',(5.818251648816,-39.98366041406));
#1867 = CARTESIAN_POINT('',(5.836591848352,-39.8327976695));
#1868 = CARTESIAN_POINT('',(5.855022208857,-39.68382770429));
#1869 = CARTESIAN_POINT('',(5.873544848777,-39.53698691771));
#1870 = CARTESIAN_POINT('',(5.892161591324,-39.39251742247));
#1871 = CARTESIAN_POINT('',(5.910873955358,-39.25066623997));
#1872 = CARTESIAN_POINT('',(5.929683149982,-39.11168442427));
#1873 = CARTESIAN_POINT('',(5.948590035648,-38.97582637602));
#1874 = CARTESIAN_POINT('',(5.967595200067,-38.84334846814));
#1875 = CARTESIAN_POINT('',(5.986698695076,-38.71450896769));
#1876 = CARTESIAN_POINT('',(6.005899764978,-38.58956852557));
#1877 = CARTESIAN_POINT('',(6.025197207671,-38.4687857546));
#1878 = CARTESIAN_POINT('',(6.044589258944,-38.35241610339));
#1879 = CARTESIAN_POINT('',(6.064073588554,-38.24070981575));
#1880 = CARTESIAN_POINT('',(6.083647261748,-38.13391000627));
#1881 = CARTESIAN_POINT('',(6.103306704674,-38.0322505867));
#1882 = CARTESIAN_POINT('',(6.123047662581,-37.9359540738));
#1883 = CARTESIAN_POINT('',(6.142865153726,-37.84522942177));
#1884 = CARTESIAN_POINT('',(6.162753416013,-37.76026927556));
#1885 = CARTESIAN_POINT('',(6.182706128323,-37.68124806284));
#1886 = CARTESIAN_POINT('',(6.202716368044,-37.6083147565));
#1887 = CARTESIAN_POINT('',(6.222776761351,-37.5416100578));
#1888 = CARTESIAN_POINT('',(6.242879958755,-37.48135234899));
#1889 = CARTESIAN_POINT('',(6.263018006672,-37.42772982352));
#1890 = CARTESIAN_POINT('',(6.276460887611,-37.39650745326));
#1891 = CARTESIAN_POINT('',(6.28318530718,-37.38205503268));
#1892 = ( GEOMETRIC_REPRESENTATION_CONTEXT(2) 
PARAMETRIC_REPRESENTATION_CONTEXT() REPRESENTATION_CONTEXT('2D SPACE',''
  ) );
#1893 = ADVANCED_FACE('',(#1894),#1527,.F.);
#1894 = FACE_BOUND('',#1895,.F.);
#1895 = EDGE_LOOP('',(#1896,#1925,#1946,#1947));
#1896 = ORIENTED_EDGE('',*,*,#1897,.F.);
#1897 = EDGE_CURVE('',#1898,#1898,#1900,.T.);
#1898 = VERTEX_POINT('',#1899);
#1899 = CARTESIAN_POINT('',(0.,40.,319.6));
#1900 = SURFACE_CURVE('',#1901,(#1906,#1913),.PCURVE_S1.);
#1901 = ELLIPSE('',#1902,40.,24.);
#1902 = AXIS2_PLACEMENT_3D('',#1903,#1904,#1905);
#1903 = CARTESIAN_POINT('',(0.,0.,319.6));
#1904 = DIRECTION('',(1.,0.,0.));
#1905 = DIRECTION('',(0.,1.,0.));
#1906 = PCURVE('',#1527,#1907);
#1907 = DEFINITIONAL_REPRESENTATION('',(#1908),#1912);
#1908 = LINE('',#1909,#1910);
#1909 = CARTESIAN_POINT('',(0.,0.));
#1910 = VECTOR('',#1911,1.);
#1911 = DIRECTION('',(1.,0.));
#1912 = ( GEOMETRIC_REPRESENTATION_CONTEXT(2) 
PARAMETRIC_REPRESENTATION_CONTEXT() REPRESENTATION_CONTEXT('2D SPACE',''
  ) );
#1913 = PCURVE('',#1914,#1919);
#1914 = PLANE('',#1915);
#1915 = AXIS2_PLACEMENT_3D('',#1916,#1917,#1918);
#1916 = CARTESIAN_POINT('',(0.,2.601818332106,319.6));
#1917 = DIRECTION('',(1.,0.,0.));
#1918 = DIRECTION('',(-0.,0.,1.));
#1919 = DEFINITIONAL_REPRESENTATION('',(#1920),#1924);
#1920 = ELLIPSE('',#1921,40.,24.);
#1921 = AXIS2_PLACEMENT_2D('',#1922,#1923);
#1922 = CARTESIAN_POINT('',(0.,2.601818332106));
#1923 = DIRECTION('',(0.,-1.));
#1924 = ( GEOMETRIC_REPRESENTATION_CONTEXT(2) 
PARAMETRIC_REPRESENTATION_CONTEXT() REPRESENTATION_CONTEXT('2D SPACE',''
  ) );
#1925 = ORIENTED_EDGE('',*,*,#1926,.T.);
#1926 = EDGE_CURVE('',#1898,#869,#1927,.T.);
#1927 = SEAM_CURVE('',#1928,(#1932,#1939),.PCURVE_S1.);
#1928 = LINE('',#1929,#1930);
#1929 = CARTESIAN_POINT('',(0.,40.,319.6));
#1930 = VECTOR('',#1931,1.);
#1931 = DIRECTION('',(1.,0.,0.));
#1932 = PCURVE('',#1527,#1933);
#1933 = DEFINITIONAL_REPRESENTATION('',(#1934),#1938);
#1934 = LINE('',#1935,#1936);
#1935 = CARTESIAN_POINT('',(0.,0.));
#1936 = VECTOR('',#1937,1.);
#1937 = DIRECTION('',(0.,-1.));
#1938 = ( GEOMETRIC_REPRESENTATION_CONTEXT(2) 
PARAMETRIC_REPRESENTATION_CONTEXT() REPRESENTATION_CONTEXT('2D SPACE',''
  ) );
#1939 = PCURVE('',#1527,#1940);
#1940 = DEFINITIONAL_REPRESENTATION('',(#1941),#1945);
#1941 = LINE('',#1942,#1943);
#1942 = CARTESIAN_POINT('',(6.28318530718,0.));
#1943 = VECTOR('',#1944,1.);
#1944 = DIRECTION('',(0.,-1.));
#1945 = ( GEOMETRIC_REPRESENTATION_CONTEXT(2) 
PARAMETRIC_REPRESENTATION_CONTEXT() REPRESENTATION_CONTEXT('2D SPACE',''
  ) );
#1946 = ORIENTED_EDGE('',*,*,#868,.T.);
#1947 = ORIENTED_EDGE('',*,*,#1926,.F.);
#1948 = ADVANCED_FACE('',(#1949),#1914,.F.);
#1949 = FACE_BOUND('',#1950,.F.);
#1950 = EDGE_LOOP('',(#1951));
#1951 = ORIENTED_EDGE('',*,*,#1897,.T.);
#1952 = ( GEOMETRIC_REPRESENTATION_CONTEXT(3) 
GLOBAL_UNCERTAINTY_ASSIGNED_CONTEXT((#1956)) 
GLOBAL_UNIT_ASSIGNED_CONTEXT((#1953,#1954,#1955)) REPRESENTATION_CONTEXT
('Context #1','3D Context with UNIT and UNCERTAINTY') );
#1953 = ( LENGTH_UNIT() NAMED_UNIT(*) SI_UNIT(.MILLI.,.METRE.) );
#1954 = ( NAMED_UNIT(*) PLANE_ANGLE_UNIT() SI_UNIT($,.RADIAN.) );
#1955 = ( NAMED_UNIT(*) SI_UNIT($,.STERADIAN.) SOLID_ANGLE_UNIT() );
#1956 = UNCERTAINTY_MEASURE_WITH_UNIT(LENGTH_MEASURE(2.E-06),#1953,
  'distance_accuracy_value','confusion accuracy');
#1957 = CONTEXT_DEPENDENT_SHAPE_REPRESENTATION(#1958,#1960);
#1958 = ( REPRESENTATION_RELATIONSHIP('','',#861,#10) 
REPRESENTATION_RELATIONSHIP_WITH_TRANSFORMATION(#1959) 
SHAPE_REPRESENTATION_RELATIONSHIP() );
#1959 = ITEM_DEFINED_TRANSFORMATION('','',#11,#23);
#1960 = PRODUCT_DEFINITION_SHAPE('Placement','Placement of an item',
  #1961);
#1961 = NEXT_ASSEMBLY_USAGE_OCCURRENCE('3','visor','',#5,#856,$);
#1962 = PRODUCT_RELATED_PRODUCT_CATEGORY('part',$,(#858));
#1963 = SHAPE_DEFINITION_REPRESENTATION(#1964,#1970);
#1964 = PRODUCT_DEFINITION_SHAPE('','',#1965);
#1965 = PRODUCT_DEFINITION('design','',#1966,#1969);
#1966 = PRODUCT_DEFINITION_FORMATION('','',#1967);
#1967 = PRODUCT('eye_L','eye_L','',(#1968));
#1968 = PRODUCT_CONTEXT('',#2,'mechanical');
#1969 = PRODUCT_DEFINITION_CONTEXT('part definition',#2,'design');
#1970 = ADVANCED_BREP_SHAPE_REPRESENTATION('',(#11,#1971),#2072);
#1971 = MANIFOLD_SOLID_BREP('',#1972);
#1972 = CLOSED_SHELL('',(#1973,#2064,#2068));
#1973 = ADVANCED_FACE('',(#1974),#1988,.F.);
#1974 = FACE_BOUND('',#1975,.F.);
#1975 = EDGE_LOOP('',(#1976,#2009,#2036,#2037));
#1976 = ORIENTED_EDGE('',*,*,#1977,.T.);
#1977 = EDGE_CURVE('',#1978,#1980,#1982,.T.);
#1978 = VERTEX_POINT('',#1979);
#1979 = CARTESIAN_POINT('',(47.754268114958,27.759623608072,
    319.312971401));
#1980 = VERTEX_POINT('',#1981);
#1981 = CARTESIAN_POINT('',(53.754268114958,27.759623608072,
    319.312971401));
#1982 = SEAM_CURVE('',#1983,(#1987,#2002),.PCURVE_S1.);
#1983 = LINE('',#1984,#1985);
#1984 = CARTESIAN_POINT('',(47.754268114958,27.759623608072,
    319.312971401));
#1985 = VECTOR('',#1986,1.);
#1986 = DIRECTION('',(1.,0.,0.));
#1987 = PCURVE('',#1988,#1996);
#1988 = SURFACE_OF_LINEAR_EXTRUSION('',#1989,#1994);
#1989 = ELLIPSE('',#1990,11.,7.);
#1990 = AXIS2_PLACEMENT_3D('',#1991,#1992,#1993);
#1991 = CARTESIAN_POINT('',(47.754268114958,17.,321.6));
#1992 = DIRECTION('',(1.,-0.,0.));
#1993 = DIRECTION('',(0.,0.978147600734,-0.207911690818));
#1994 = VECTOR('',#1995,1.);
#1995 = DIRECTION('',(-1.,-0.,0.));
#1996 = DEFINITIONAL_REPRESENTATION('',(#1997),#2001);
#1997 = LINE('',#1998,#1999);
#1998 = CARTESIAN_POINT('',(0.,0.));
#1999 = VECTOR('',#2000,1.);
#2000 = DIRECTION('',(0.,-1.));
#2001 = ( GEOMETRIC_REPRESENTATION_CONTEXT(2) 
PARAMETRIC_REPRESENTATION_CONTEXT() REPRESENTATION_CONTEXT('2D SPACE',''
  ) );
#2002 = PCURVE('',#1988,#2003);
#2003 = DEFINITIONAL_REPRESENTATION('',(#2004),#2008);
#2004 = LINE('',#2005,#2006);
#2005 = CARTESIAN_POINT('',(6.28318530718,0.));
#2006 = VECTOR('',#2007,1.);
#2007 = DIRECTION('',(0.,-1.));
#2008 = ( GEOMETRIC_REPRESENTATION_CONTEXT(2) 
PARAMETRIC_REPRESENTATION_CONTEXT() REPRESENTATION_CONTEXT('2D SPACE',''
  ) );
#2009 = ORIENTED_EDGE('',*,*,#2010,.T.);
#2010 = EDGE_CURVE('',#1980,#1980,#2011,.T.);
#2011 = SURFACE_CURVE('',#2012,(#2017,#2024),.PCURVE_S1.);
#2012 = ELLIPSE('',#2013,11.,7.);
#2013 = AXIS2_PLACEMENT_3D('',#2014,#2015,#2016);
#2014 = CARTESIAN_POINT('',(53.754268114958,17.,321.6));
#2015 = DIRECTION('',(1.,-0.,0.));
#2016 = DIRECTION('',(0.,0.978147600734,-0.207911690818));
#2017 = PCURVE('',#1988,#2018);
#2018 = DEFINITIONAL_REPRESENTATION('',(#2019),#2023);
#2019 = LINE('',#2020,#2021);
#2020 = CARTESIAN_POINT('',(0.,-6.));
#2021 = VECTOR('',#2022,1.);
#2022 = DIRECTION('',(1.,0.));
#2023 = ( GEOMETRIC_REPRESENTATION_CONTEXT(2) 
PARAMETRIC_REPRESENTATION_CONTEXT() REPRESENTATION_CONTEXT('2D SPACE',''
  ) );
#2024 = PCURVE('',#2025,#2030);
#2025 = PLANE('',#2026);
#2026 = AXIS2_PLACEMENT_3D('',#2027,#2028,#2029);
#2027 = CARTESIAN_POINT('',(53.754268114958,17.620579478221,
    321.46809175986));
#2028 = DIRECTION('',(1.,0.,0.));
#2029 = DIRECTION('',(0.,0.207911690818,0.978147600734));
#2030 = DEFINITIONAL_REPRESENTATION('',(#2031),#2035);
#2031 = ELLIPSE('',#2032,11.,7.);
#2032 = AXIS2_PLACEMENT_2D('',#2033,#2034);
#2033 = CARTESIAN_POINT('',(-1.787459069647E-14,0.634443592925));
#2034 = DIRECTION('',(0.,-1.));
#2035 = ( GEOMETRIC_REPRESENTATION_CONTEXT(2) 
PARAMETRIC_REPRESENTATION_CONTEXT() REPRESENTATION_CONTEXT('2D SPACE',''
  ) );
#2036 = ORIENTED_EDGE('',*,*,#1977,.F.);
#2037 = ORIENTED_EDGE('',*,*,#2038,.F.);
#2038 = EDGE_CURVE('',#1978,#1978,#2039,.T.);
#2039 = SURFACE_CURVE('',#2040,(#2045,#2052),.PCURVE_S1.);
#2040 = ELLIPSE('',#2041,11.,7.);
#2041 = AXIS2_PLACEMENT_3D('',#2042,#2043,#2044);
#2042 = CARTESIAN_POINT('',(47.754268114958,17.,321.6));
#2043 = DIRECTION('',(1.,-0.,0.));
#2044 = DIRECTION('',(0.,0.978147600734,-0.207911690818));
#2045 = PCURVE('',#1988,#2046);
#2046 = DEFINITIONAL_REPRESENTATION('',(#2047),#2051);
#2047 = LINE('',#2048,#2049);
#2048 = CARTESIAN_POINT('',(0.,0.));
#2049 = VECTOR('',#2050,1.);
#2050 = DIRECTION('',(1.,0.));
#2051 = ( GEOMETRIC_REPRESENTATION_CONTEXT(2) 
PARAMETRIC_REPRESENTATION_CONTEXT() REPRESENTATION_CONTEXT('2D SPACE',''
  ) );
#2052 = PCURVE('',#2053,#2058);
#2053 = PLANE('',#2054);
#2054 = AXIS2_PLACEMENT_3D('',#2055,#2056,#2057);
#2055 = CARTESIAN_POINT('',(47.754268114958,17.620579478221,
    321.46809175986));
#2056 = DIRECTION('',(1.,0.,0.));
#2057 = DIRECTION('',(0.,0.207911690818,0.978147600734));
#2058 = DEFINITIONAL_REPRESENTATION('',(#2059),#2063);
#2059 = ELLIPSE('',#2060,11.,7.);
#2060 = AXIS2_PLACEMENT_2D('',#2061,#2062);
#2061 = CARTESIAN_POINT('',(-1.787459069647E-14,0.634443592925));
#2062 = DIRECTION('',(0.,-1.));
#2063 = ( GEOMETRIC_REPRESENTATION_CONTEXT(2) 
PARAMETRIC_REPRESENTATION_CONTEXT() REPRESENTATION_CONTEXT('2D SPACE',''
  ) );
#2064 = ADVANCED_FACE('',(#2065),#2053,.F.);
#2065 = FACE_BOUND('',#2066,.F.);
#2066 = EDGE_LOOP('',(#2067));
#2067 = ORIENTED_EDGE('',*,*,#2038,.T.);
#2068 = ADVANCED_FACE('',(#2069),#2025,.T.);
#2069 = FACE_BOUND('',#2070,.T.);
#2070 = EDGE_LOOP('',(#2071));
#2071 = ORIENTED_EDGE('',*,*,#2010,.T.);
#2072 = ( GEOMETRIC_REPRESENTATION_CONTEXT(3) 
GLOBAL_UNCERTAINTY_ASSIGNED_CONTEXT((#2076)) 
GLOBAL_UNIT_ASSIGNED_CONTEXT((#2073,#2074,#2075)) REPRESENTATION_CONTEXT
('Context #1','3D Context with UNIT and UNCERTAINTY') );
#2073 = ( LENGTH_UNIT() NAMED_UNIT(*) SI_UNIT(.MILLI.,.METRE.) );
#2074 = ( NAMED_UNIT(*) PLANE_ANGLE_UNIT() SI_UNIT($,.RADIAN.) );
#2075 = ( NAMED_UNIT(*) SI_UNIT($,.STERADIAN.) SOLID_ANGLE_UNIT() );
#2076 = UNCERTAINTY_MEASURE_WITH_UNIT(LENGTH_MEASURE(1.E-07),#2073,
  'distance_accuracy_value','confusion accuracy');
#2077 = CONTEXT_DEPENDENT_SHAPE_REPRESENTATION(#2078,#2080);
#2078 = ( REPRESENTATION_RELATIONSHIP('','',#1970,#10) 
REPRESENTATION_RELATIONSHIP_WITH_TRANSFORMATION(#2079) 
SHAPE_REPRESENTATION_RELATIONSHIP() );
#2079 = ITEM_DEFINED_TRANSFORMATION('','',#11,#27);
#2080 = PRODUCT_DEFINITION_SHAPE('Placement','Placement of an item',
  #2081);
#2081 = NEXT_ASSEMBLY_USAGE_OCCURRENCE('4','eye_L','',#5,#1965,$);
#2082 = PRODUCT_RELATED_PRODUCT_CATEGORY('part',$,(#1967));
#2083 = SHAPE_DEFINITION_REPRESENTATION(#2084,#2090);
#2084 = PRODUCT_DEFINITION_SHAPE('','',#2085);
#2085 = PRODUCT_DEFINITION('design','',#2086,#2089);
#2086 = PRODUCT_DEFINITION_FORMATION('','',#2087);
#2087 = PRODUCT('arm_L','arm_L','',(#2088));
#2088 = PRODUCT_CONTEXT('',#2,'mechanical');
#2089 = PRODUCT_DEFINITION_CONTEXT('part definition',#2,'design');
#2090 = ADVANCED_BREP_SHAPE_REPRESENTATION('',(#11,#2091),#2532);
#2091 = MANIFOLD_SOLID_BREP('',#2092);
#2092 = CLOSED_SHELL('',(#2093,#2524,#2528));
#2093 = ADVANCED_FACE('',(#2094),#2118,.F.);
#2094 = FACE_BOUND('',#2095,.F.);
#2095 = EDGE_LOOP('',(#2096,#2434,#2473,#2523));
#2096 = ORIENTED_EDGE('',*,*,#2097,.T.);
#2097 = EDGE_CURVE('',#2098,#2098,#2100,.T.);
#2098 = VERTEX_POINT('',#2099);
#2099 = CARTESIAN_POINT('',(1.387670481598,78.189730126848,250.65));
#2100 = SURFACE_CURVE('',#2101,(#2117,#2410),.PCURVE_S1.);
#2101 = B_SPLINE_CURVE_WITH_KNOTS('',14,(#2102,#2103,#2104,#2105,#2106,
    #2107,#2108,#2109,#2110,#2111,#2112,#2113,#2114,#2115,#2116),
  .UNSPECIFIED.,.T.,.F.,(15,15),(0.,1.),.PIECEWISE_BEZIER_KNOTS.);
#2102 = CARTESIAN_POINT('',(1.387670481598,78.189730126848,250.65));
#2103 = CARTESIAN_POINT('',(1.387670481598,78.762692378178,
    250.64999999999));
#2104 = CARTESIAN_POINT('',(1.086663144344,79.335654841032,
    250.65000000002));
#2105 = CARTESIAN_POINT('',(0.484664896856,79.763617381871,
    250.64999999995));
#2106 = CARTESIAN_POINT('',(-0.3283792896,79.901596218492,
    250.65000000006));
#2107 = CARTESIAN_POINT('',(-1.172174878612,79.656579298909,
    250.64999999995));
#2108 = CARTESIAN_POINT('',(-1.816671516186,79.039837081956,
    250.64999999997));
#2109 = CARTESIAN_POINT('',(-2.058886665264,78.189730126871,
    250.65000000006));
#2110 = CARTESIAN_POINT('',(-1.816671516185,77.339623171722,
    250.64999999997));
#2111 = CARTESIAN_POINT('',(-1.172174878614,76.722880954757,
    250.64999999995));
#2112 = CARTESIAN_POINT('',(-0.328379289598,76.477864035259,
    250.65000000008));
#2113 = CARTESIAN_POINT('',(0.484664896855,76.615842871782,
    250.64999999992));
#2114 = CARTESIAN_POINT('',(1.086663144344,77.043805412685,
    250.65000000003));
#2115 = CARTESIAN_POINT('',(1.387670481598,77.616767875513,
    250.64999999998));
#2116 = CARTESIAN_POINT('',(1.387670481598,78.189730126848,250.65));
#2117 = PCURVE('',#2118,#2404);
#2118 = ( BOUNDED_SURFACE() B_SPLINE_SURFACE(14,3,(
    (#2119,#2120,#2121,#2122,#2123,#2124,#2125,#2126,#2127,#2128,#2129
      ,#2130,#2131,#2132,#2133,#2134,#2135,#2136,#2137)
    ,(#2138,#2139,#2140,#2141,#2142,#2143,#2144,#2145,#2146,#2147,#2148
      ,#2149,#2150,#2151,#2152,#2153,#2154,#2155,#2156)
    ,(#2157,#2158,#2159,#2160,#2161,#2162,#2163,#2164,#2165,#2166,#2167
      ,#2168,#2169,#2170,#2171,#2172,#2173,#2174,#2175)
    ,(#2176,#2177,#2178,#2179,#2180,#2181,#2182,#2183,#2184,#2185,#2186
      ,#2187,#2188,#2189,#2190,#2191,#2192,#2193,#2194)
    ,(#2195,#2196,#2197,#2198,#2199,#2200,#2201,#2202,#2203,#2204,#2205
      ,#2206,#2207,#2208,#2209,#2210,#2211,#2212,#2213)
    ,(#2214,#2215,#2216,#2217,#2218,#2219,#2220,#2221,#2222,#2223,#2224
      ,#2225,#2226,#2227,#2228,#2229,#2230,#2231,#2232)
    ,(#2233,#2234,#2235,#2236,#2237,#2238,#2239,#2240,#2241,#2242,#2243
      ,#2244,#2245,#2246,#2247,#2248,#2249,#2250,#2251)
    ,(#2252,#2253,#2254,#2255,#2256,#2257,#2258,#2259,#2260,#2261,#2262
      ,#2263,#2264,#2265,#2266,#2267,#2268,#2269,#2270)
    ,(#2271,#2272,#2273,#2274,#2275,#2276,#2277,#2278,#2279,#2280,#2281
      ,#2282,#2283,#2284,#2285,#2286,#2287,#2288,#2289)
    ,(#2290,#2291,#2292,#2293,#2294,#2295,#2296,#2297,#2298,#2299,#2300
      ,#2301,#2302,#2303,#2304,#2305,#2306,#2307,#2308)
    ,(#2309,#2310,#2311,#2312,#2313,#2314,#2315,#2316,#2317,#2318,#2319
      ,#2320,#2321,#2322,#2323,#2324,#2325,#2326,#2327)
    ,(#2328,#2329,#2330,#2331,#2332,#2333,#2334,#2335,#2336,#2337,#2338
      ,#2339,#2340,#2341,#2342,#2343,#2344,#2345,#2346)
    ,(#2347,#2348,#2349,#2350,#2351,#2352,#2353,#2354,#2355,#2356,#2357
      ,#2358,#2359,#2360,#2361,#2362,#2363,#2364,#2365)
    ,(#2366,#2367,#2368,#2369,#2370,#2371,#2372,#2373,#2374,#2375,#2376
      ,#2377,#2378,#2379,#2380,#2381,#2382,#2383,#2384)
    ,(#2385,#2386,#2387,#2388,#2389,#2390,#2391,#2392,#2393,#2394,#2395
      ,#2396,#2397,#2398,#2399,#2400,#2401,#2402,#2403
)),.UNSPECIFIED.,.T.,.F.,.F.) B_SPLINE_SURFACE_WITH_KNOTS((15,15),(4,1,1
    ,1,1,1,1,1,1,1,1,1,1,1,1,1,4),(0.,1.),(0.,8.870780560762E-02,
    0.168735915902,0.23608723762,0.293697226228,0.350326545089,
    0.407739338453,0.466136813089,0.525343880785,0.584957658921,
    0.644477655999,0.703425065581,0.761464630681,0.81854132722,
    0.875086524375,0.934359648828,1.),.UNSPECIFIED.) 
GEOMETRIC_REPRESENTATION_ITEM() RATIONAL_B_SPLINE_SURFACE((
    (1.,1.000000000071,0.99999999997,1.000000000006,0.999999999999,1.,1.
      ,1.,1.,1.,1.,1.,1.,1.,1.,1.000000000001,0.999999999994
      ,1.000000000013,1.)
    ,(1.,1.000000000071,0.99999999997,1.000000000006,0.999999999999,1.
      ,1.,1.,1.,1.,1.,1.,1.,1.,1.,1.000000000001,0.999999999994
      ,1.000000000013,1.)
    ,(1.,1.000000000071,0.99999999997,1.000000000006,0.999999999999,1.
      ,1.,1.,1.,1.,1.,1.,1.,1.,1.,1.000000000001,0.999999999994
      ,1.000000000013,1.)
    ,(1.,1.000000000071,0.99999999997,1.000000000006,0.999999999999,1.
      ,1.,1.,1.,1.,1.,1.,1.,1.,1.,1.000000000001,0.999999999994
      ,1.000000000013,1.)
    ,(1.,1.000000000071,0.99999999997,1.000000000006,0.999999999999,1.
      ,1.,1.,1.,1.,1.,1.,1.,1.,1.,1.000000000001,0.999999999994
      ,1.000000000013,1.)
    ,(1.,1.000000000071,0.99999999997,1.000000000006,0.999999999999,1.
      ,1.,1.,1.,1.,1.,1.,1.,1.,1.,1.000000000001,0.999999999994
      ,1.000000000013,1.)
    ,(1.,1.000000000071,0.99999999997,1.000000000006,0.999999999999,1.
      ,1.,1.,1.,1.,1.,1.,1.,1.,1.,1.000000000001,0.999999999994
      ,1.000000000013,1.)
    ,(1.,1.000000000071,0.99999999997,1.000000000006,0.999999999999,1.
      ,1.,1.,1.,1.,1.,1.,1.,1.,1.,1.000000000001,0.999999999994
      ,1.000000000013,1.)
    ,(1.,1.000000000071,0.99999999997,1.000000000006,0.999999999999,1.
      ,1.,1.,1.,1.,1.,1.,1.,1.,1.,1.000000000001,0.999999999994
      ,1.000000000013,1.)
    ,(1.,1.000000000071,0.99999999997,1.000000000006,0.999999999999,1.
      ,1.,1.,1.,1.,1.,1.,1.,1.,1.,1.000000000001,0.999999999994
      ,1.000000000013,1.)
    ,(1.,1.000000000071,0.99999999997,1.000000000006,0.999999999999,1.
      ,1.,1.,1.,1.,1.,1.,1.,1.,1.,1.000000000001,0.999999999994
      ,1.000000000013,1.)
    ,(1.,1.000000000071,0.99999999997,1.000000000006,0.999999999999,1.
      ,1.,1.,1.,1.,1.,1.,1.,1.,1.,1.000000000001,0.999999999994
      ,1.000000000013,1.)
    ,(1.,1.000000000071,0.99999999997,1.000000000006,0.999999999999,1.
      ,1.,1.,1.,1.,1.,1.,1.,1.,1.,1.000000000001,0.999999999994
      ,1.000000000013,1.)
    ,(1.,1.000000000071,0.99999999997,1.000000000006,0.999999999999,1.
      ,1.,1.,1.,1.,1.,1.,1.,1.,1.,1.000000000001,0.999999999994
      ,1.000000000013,1.)
    ,(1.,1.000000000071,0.99999999997,1.000000000006,0.999999999999,1.
      ,1.,1.,1.,1.,1.,1.,1.,1.,1.,1.000000000001,0.999999999994
,1.000000000013,1.))) REPRESENTATION_ITEM('') SURFACE() );
#2119 = CARTESIAN_POINT('',(1.387670481598,78.189730126848,250.65));
#2120 = CARTESIAN_POINT('',(5.480163932109,78.160032984009,
    250.86130617109));
#2121 = CARTESIAN_POINT('',(8.853394290905,79.465220187625,
    241.5744166319));
#2122 = CARTESIAN_POINT('',(16.304587911341,80.377454624738,
    235.08353134859));
#2123 = CARTESIAN_POINT('',(21.081604249684,81.582219681626,
    226.51118253805));
#2124 = CARTESIAN_POINT('',(22.439048446966,82.832300764509,
    217.61639345084));
#2125 = CARTESIAN_POINT('',(21.657260314299,84.008448800961,
    209.24766532312));
#2126 = CARTESIAN_POINT('',(20.442476836771,85.172422356238,
    200.96556313027));
#2127 = CARTESIAN_POINT('',(18.614120498464,86.33249885377,
    192.71118994408));
#2128 = CARTESIAN_POINT('',(16.466318869638,87.490521108929,
    184.47143345187));
#2129 = CARTESIAN_POINT('',(14.158977270227,88.647674493595,
    176.23785929447));
#2130 = CARTESIAN_POINT('',(11.889450816576,89.805055726109,
    168.00266391537));
#2131 = CARTESIAN_POINT('',(9.835050512223,90.963558251697,
    159.75949012153));
#2132 = CARTESIAN_POINT('',(8.216159312715,92.125248971007,
    151.49363115045));
#2133 = CARTESIAN_POINT('',(7.114792868617,93.289793009761,
    143.20746975718));
#2134 = CARTESIAN_POINT('',(7.143212964211,94.484370511049,
    134.70760917176));
#2135 = CARTESIAN_POINT('',(5.929522390099,95.695825672127,
    126.08765780553));
#2136 = CARTESIAN_POINT('',(-0.109442596453,96.387071448542,
    121.16918851838));
#2137 = CARTESIAN_POINT('',(0.8,96.783282557975,118.35));
#2138 = CARTESIAN_POINT('',(1.387670481598,78.762692378178,
    250.64999999999));
#2139 = CARTESIAN_POINT('',(5.480163931866,80.422765445631,
    250.86130614682));
#2140 = CARTESIAN_POINT('',(8.853394291009,83.12074273447,
    241.57441664213));
#2141 = CARTESIAN_POINT('',(16.304587911319,87.109538011194,
    235.08353134643));
#2142 = CARTESIAN_POINT('',(21.08160424969,90.286709395281,
    226.51118253845));
#2143 = CARTESIAN_POINT('',(22.439048446965,92.097272446484,
    217.61639345074));
#2144 = CARTESIAN_POINT('',(21.657260314304,92.95062404502,
    209.24766532314));
#2145 = CARTESIAN_POINT('',(20.442476836775,93.613019534437,
    200.96556313028));
#2146 = CARTESIAN_POINT('',(18.614120498469,94.01817677866,
    192.71118994407));
#2147 = CARTESIAN_POINT('',(16.466318869641,94.289382406219,
    184.47143345186));
#2148 = CARTESIAN_POINT('',(14.158977270229,94.493845901691,
    176.23785929444));
#2149 = CARTESIAN_POINT('',(11.889450816579,94.714150930874,
    168.00266391541));
#2150 = CARTESIAN_POINT('',(9.835050512226,95.024401771979,
    159.75949012148));
#2151 = CARTESIAN_POINT('',(8.216159312716,95.517660353698,
    151.49363115047));
#2152 = CARTESIAN_POINT('',(7.114792868622,96.227455656469,
    143.20746975728));
#2153 = CARTESIAN_POINT('',(7.143212964199,97.43376767424,
    134.70760917142));
#2154 = CARTESIAN_POINT('',(5.929522390155,98.144096023352,
    126.08765780693));
#2155 = CARTESIAN_POINT('',(-0.109442596581,96.341883144911,
    121.16918851506));
#2156 = CARTESIAN_POINT('',(0.8,97.11359858555,118.34999999999));
#2157 = CARTESIAN_POINT('',(1.086663144344,79.335654841032,
    250.65000000002));
#2158 = CARTESIAN_POINT('',(4.291437647312,82.685498763793,
    250.86130618067));
#2159 = CARTESIAN_POINT('',(6.93296593484,86.776266621632,
    241.57441662774));
#2160 = CARTESIAN_POINT('',(12.7678886376,93.841623884493,
    235.08353134939));
#2161 = CARTESIAN_POINT('',(16.508701531287,98.991202321603,
    226.51118253812));
#2162 = CARTESIAN_POINT('',(17.571696587053,101.3622475484,
    217.61639345088));
#2163 = CARTESIAN_POINT('',(16.959489527908,101.89280258981,
    209.24766532317));
#2164 = CARTESIAN_POINT('',(16.008210032362,102.05361982832,
    200.9655631302));
#2165 = CARTESIAN_POINT('',(14.576450441231,101.70385754044,
    192.71118994415));
#2166 = CARTESIAN_POINT('',(12.89453783071,101.08824621323,
    184.47143345194));
#2167 = CARTESIAN_POINT('',(11.087691760422,100.34001946763,
    176.23785929461));
#2168 = CARTESIAN_POINT('',(9.310458187638,99.623247947699,
    168.00266391521));
#2169 = CARTESIAN_POINT('',(7.701686813128,99.085246791185,
    159.75949012182));
#2170 = CARTESIAN_POINT('',(6.433956363376,98.910072988377,
    151.49363115022));
#2171 = CARTESIAN_POINT('',(5.57149212028,99.165119387725,
    143.20746975728));
#2172 = CARTESIAN_POINT('',(5.593747480255,100.38316592585,
    134.70760917118));
#2173 = CARTESIAN_POINT('',(4.64332385705,100.59236727979,
    126.08765780786));
#2174 = CARTESIAN_POINT('',(-8.570299354974E-02,96.296694821316,
    121.16918851278));
#2175 = CARTESIAN_POINT('',(0.626467541829,97.443914735063,
    118.35000000003));
#2176 = CARTESIAN_POINT('',(0.484664896856,79.763617381871,
    250.64999999995));
#2177 = CARTESIAN_POINT('',(1.913983820332,84.375600924566,
    250.86130616313));
#2178 = CARTESIAN_POINT('',(3.092106657502,89.506685094526,
    241.57441663555));
#2179 = CARTESIAN_POINT('',(5.694485592155,98.870017125844,
    235.08353134793));
#2180 = CARTESIAN_POINT('',(7.362890243604,105.49284449138,
    226.51118253743));
#2181 = CARTESIAN_POINT('',(7.83698664594,108.28253036511,
    217.61639345076));
#2182 = CARTESIAN_POINT('',(7.563941949238,108.57197914941,
    209.24766532288));
#2183 = CARTESIAN_POINT('',(7.139670754932,108.35815281739,
    200.96556313041));
#2184 = CARTESIAN_POINT('',(6.501105165075,107.44451889418,
    192.7111899438));
#2185 = CARTESIAN_POINT('',(5.750971186757,106.16651786044,
    184.47143345162));
#2186 = CARTESIAN_POINT('',(4.945116814393,104.70669871168,
    176.23785929402));
#2187 = CARTESIAN_POINT('',(4.152469633193,103.2899971139,
    168.00266391576));
#2188 = CARTESIAN_POINT('',(3.43495668632,102.11841155403,
    159.75949012073));
#2189 = CARTESIAN_POINT('',(2.869548191331,101.44396591417,
    151.49363115087));
#2190 = CARTESIAN_POINT('',(2.484888632515,101.3593469612,
    143.20746975762));
#2191 = CARTESIAN_POINT('',(2.494814599999,102.58615835862,
    134.70760917042));
#2192 = CARTESIAN_POINT('',(2.070924864965,102.42105319725,
    126.08765781098));
#2193 = CARTESIAN_POINT('',(-3.822308347115E-02,96.262942333196,
    121.1691885053));
#2194 = CARTESIAN_POINT('',(0.279412095758,97.690637597039,
    118.34999999991));
#2195 = CARTESIAN_POINT('',(-0.3283792896,79.901596218492,
    250.65000000006));
#2196 = CARTESIAN_POINT('',(-1.296665607384,84.920504523738,
    250.86130615381));
#2197 = CARTESIAN_POINT('',(-2.094806792468,90.386995701841,
    241.57441663872));
#2198 = CARTESIAN_POINT('',(-3.857838626759,100.4912147366,
    235.08353134712));
#2199 = CARTESIAN_POINT('',(-4.988131329049,107.58903034034,
    226.51118254013));
#2200 = CARTESIAN_POINT('',(-5.309317050058,110.51368959034,
    217.61639345108));
#2201 = CARTESIAN_POINT('',(-5.124337675771,110.72540362575,
    209.24766532378));
#2202 = CARTESIAN_POINT('',(-4.836907011386,110.39078895639,
    200.96556313011));
#2203 = CARTESIAN_POINT('',(-4.404298493962,109.29535792453,
    192.71118994478));
#2204 = CARTESIAN_POINT('',(-3.896105830326,107.8037967032,
    184.47143345251));
#2205 = CARTESIAN_POINT('',(-3.350164315725,106.11455398779,
    176.23785929551));
#2206 = CARTESIAN_POINT('',(-2.813170267566,104.47218886072,
    168.00266391467));
#2207 = CARTESIAN_POINT('',(-2.327077344334,103.09633019141,
    159.75949012341));
#2208 = CARTESIAN_POINT('',(-1.944030518095,102.26091497818,
    151.49363114947));
#2209 = CARTESIAN_POINT('',(-1.683435469482,102.06678497038,
    143.20746975707));
#2210 = CARTESIAN_POINT('',(-1.69016018004,103.29642223492,
    134.70760917202));
#2211 = CARTESIAN_POINT('',(-1.402987241094,103.01063740258,
    126.08765780502));
#2212 = CARTESIAN_POINT('',(2.589361347458E-02,96.252060244547,
    121.16918852008));
#2213 = CARTESIAN_POINT('',(-0.189312545856,97.770183188521,
    118.35000000013));
#2214 = CARTESIAN_POINT('',(-1.172174878612,79.656579298909,
    250.64999999995));
#2215 = CARTESIAN_POINT('',(-4.629507617201,83.952888001692,
    250.86130615029));
#2216 = CARTESIAN_POINT('',(-7.479132633747,88.823777759259,
    241.57441664103));
#2217 = CARTESIAN_POINT('',(-13.77371888773,97.612361323018,
    235.08353134626));
#2218 = CARTESIAN_POINT('',(-17.80922618014,103.86671311896,
    226.51118253532));
#2219 = CARTESIAN_POINT('',(-18.95596196399,106.55169241722,
    217.61639344987));
#2220 = CARTESIAN_POINT('',(-18.29552638627,106.9014444967,
    209.24766532192));
#2221 = CARTESIAN_POINT('',(-17.26930686951,106.78132059316,
    200.96556313026));
#2222 = CARTESIAN_POINT('',(-15.72475593696,106.00871709527,
    192.71118994275));
#2223 = CARTESIAN_POINT('',(-13.91034539729,104.89638692563,
    184.4714334506));
#2224 = CARTESIAN_POINT('',(-11.96115937467,103.6145447724,
    176.23785929259));
#2225 = CARTESIAN_POINT('',(-10.04391866325,102.37290329367,
    168.0026639163));
#2226 = CARTESIAN_POINT('',(-8.308411299239,101.3597840798,
    159.75949011825));
#2227 = CARTESIAN_POINT('',(-6.940811381223,100.81021175367,
    151.49363115187));
#2228 = CARTESIAN_POINT('',(-6.010403946869,100.81054679536,
    143.20746975739));
#2229 = CARTESIAN_POINT('',(-6.034412062078,102.03516600671,
    134.70760917029));
#2230 = CARTESIAN_POINT('',(-5.009117785668,101.96367897227,
    126.08765780986));
#2231 = CARTESIAN_POINT('',(9.245825125663E-02,96.271384197543,
    121.16918850663));
#2232 = CARTESIAN_POINT('',(-0.675765547603,97.628929527669,
    118.34999999987));
#2233 = CARTESIAN_POINT('',(-1.816671516186,79.039837081956,
    250.64999999997));
#2234 = CARTESIAN_POINT('',(-7.173765502751,81.517260455924,
    250.86130619858));
#2235 = CARTESIAN_POINT('',(-11.58946132682,84.888937249523,
    241.57441662022));
#2236 = CARTESIAN_POINT('',(-21.34338571692,90.365880382961,
    235.08353135212));
#2237 = CARTESIAN_POINT('',(-27.59669905623,94.497114561842,
    226.51118254197));
#2238 = CARTESIAN_POINT('',(-29.37365017324,96.57878554091,
    217.61639345262));
#2239 = CARTESIAN_POINT('',(-28.35025689229,97.275998889976,
    209.24766532487));
#2240 = CARTESIAN_POINT('',(-26.76005466537,97.695778563646,
    200.96556313061));
#2241 = CARTESIAN_POINT('',(-24.36665997207,97.735777591941,
    192.71118994606));
#2242 = CARTESIAN_POINT('',(-21.55509807349,97.578025587409,
    184.47143345382));
#2243 = CARTESIAN_POINT('',(-18.53469169863,97.321668221109,
    176.23785929715));
#2244 = CARTESIAN_POINT('',(-15.56378693216,97.088704810249,
    168.00266391444));
#2245 = CARTESIAN_POINT('',(-12.87449124609,96.98865207255,
    159.75949012619));
#2246 = CARTESIAN_POINT('',(-10.75529521296,97.158586688397,
    151.49363114867));
#2247 = CARTESIAN_POINT('',(-9.313560399047,97.648417758119,
    143.20746975734));
#2248 = CARTESIAN_POINT('',(-9.350764274901,98.860405820015,
    134.70760917315));
#2249 = CARTESIAN_POINT('',(-7.761989525249,99.32833662461,
    126.08765780291));
#2250 = CARTESIAN_POINT('',(0.143258813119,96.320025342494,
    121.16918852731));
#2251 = CARTESIAN_POINT('',(-1.047321559565,97.27337409848,
    118.35000000005));
#2252 = CARTESIAN_POINT('',(-2.058886665264,78.189730126871,
    250.65000000006));
#2253 = CARTESIAN_POINT('',(-8.131621202819,78.160032963223,
    250.8613061561));
#2254 = CARTESIAN_POINT('',(-13.1369208432,79.465220196196,241.574416638
    ));
#2255 = CARTESIAN_POINT('',(-24.19321363915,80.377454622715,
    235.0835313456));
#2256 = CARTESIAN_POINT('',(-31.28148741467,81.58221968102,
    226.51118253324));
#2257 = CARTESIAN_POINT('',(-33.29570187594,82.832300764438,
    217.61639344849));
#2258 = CARTESIAN_POINT('',(-32.13566229961,84.008448800575,
    209.24766532109));
#2259 = CARTESIAN_POINT('',(-30.33313182613,85.172422354876,
    200.96556312958));
#2260 = CARTESIAN_POINT('',(-27.62016439773,86.332498853735,
    192.71118994175));
#2261 = CARTESIAN_POINT('',(-24.43319490883,87.490521107072,
    184.47143344951));
#2262 = CARTESIAN_POINT('',(-21.00949545039,88.64767449439,
    176.2378592914));
#2263 = CARTESIAN_POINT('',(-17.64190718026,89.805055725003,
    168.00266391606));
#2264 = CARTESIAN_POINT('',(-14.59352926701,90.963558251635,
    159.7594901162));
#2265 = CARTESIAN_POINT('',(-12.19137213451,92.125248971947,
    151.49363115227));
#2266 = CARTESIAN_POINT('',(-10.55713334821,93.289793007867,
    143.20746975666));
#2267 = CARTESIAN_POINT('',(-10.59930298229,94.484370509609,
    134.70760917046));
#2268 = CARTESIAN_POINT('',(-8.798397899426,95.695825671692,
    126.08765780668));
#2269 = CARTESIAN_POINT('',(0.162401183863,96.387071443458,
    121.16918851188));
#2270 = CARTESIAN_POINT('',(-1.186959983695,96.783282557998,
    118.35000000003));
#2271 = CARTESIAN_POINT('',(-1.816671516185,77.339623171722,
    250.64999999997));
#2272 = CARTESIAN_POINT('',(-7.173765506711,74.802805501148,
    250.86130618411));
#2273 = CARTESIAN_POINT('',(-11.58946132515,74.041503130594,
    241.57441662682));
#2274 = CARTESIAN_POINT('',(-21.34338571729,70.389028865817,
    235.08353135161));
#2275 = CARTESIAN_POINT('',(-27.59669905615,68.6673248034,
    226.51118254254));
#2276 = CARTESIAN_POINT('',(-29.37365017324,69.085815987983,
    217.61639345336));
#2277 = CARTESIAN_POINT('',(-28.35025689234,70.740898712687,
    209.24766532496));
#2278 = CARTESIAN_POINT('',(-26.76005466535,72.649066151257,
    200.96556313117));
#2279 = CARTESIAN_POINT('',(-24.36665997209,74.929220115629,
    192.71118994627));
#2280 = CARTESIAN_POINT('',(-21.5550980735,77.403016633811,
    184.47143345416));
#2281 = CARTESIAN_POINT('',(-18.53469169864,79.973680764595,
    176.23785929731));
#2282 = CARTESIAN_POINT('',(-15.56378693217,82.521406643967,
    168.00266391504));
#2283 = CARTESIAN_POINT('',(-12.87449124609,84.938464430905,
    159.7594901265));
#2284 = CARTESIAN_POINT('',(-10.75529521296,87.091911251965,
    151.49363114894));
#2285 = CARTESIAN_POINT('',(-9.313560399026,88.931168264557,
    143.20746975774));
#2286 = CARTESIAN_POINT('',(-9.350764274993,90.108335205588,
    134.70760917336));
#2287 = CARTESIAN_POINT('',(-7.761989524925,92.063314716648,
    126.0876578032));
#2288 = CARTESIAN_POINT('',(0.143258812373,96.454117572805,
    121.16918852802));
#2289 = CARTESIAN_POINT('',(-1.047321559564,96.29319101745,
    118.34999999991));
#2290 = CARTESIAN_POINT('',(-1.172174878614,76.722880954757,
    250.64999999995));
#2291 = CARTESIAN_POINT('',(-4.629507616814,72.367177939402,
    250.86130614186));
#2292 = CARTESIAN_POINT('',(-7.47913263392,70.106662627142,
    241.57441664379));
#2293 = CARTESIAN_POINT('',(-13.77371888767,63.142547923898,
    235.08353134435));
#2294 = CARTESIAN_POINT('',(-17.80922618016,59.297726243497,
    226.51118253501));
#2295 = CARTESIAN_POINT('',(-18.95596196401,59.112909111792,
    217.61639344864));
#2296 = CARTESIAN_POINT('',(-18.2955263862,61.115453104752,
    209.24766532181));
#2297 = CARTESIAN_POINT('',(-17.26930686954,63.56352411755,
    200.96556312942));
#2298 = CARTESIAN_POINT('',(-15.72475593694,66.656280612319,
    192.71118994241));
#2299 = CARTESIAN_POINT('',(-13.91034539729,70.084655289733,
    184.4714334501));
#2300 = CARTESIAN_POINT('',(-11.96115937465,73.680804215984,
    176.23785929233));
#2301 = CARTESIAN_POINT('',(-10.04391866323,77.237208157095,
    168.00266391543));
#2302 = CARTESIAN_POINT('',(-8.308411299239,80.567332423591,
    159.75949011776));
#2303 = CARTESIAN_POINT('',(-6.94081138122,83.440286189658,
    151.49363115149));
#2304 = CARTESIAN_POINT('',(-6.010403946863,85.769039221694,
    143.20746975677));
#2305 = CARTESIAN_POINT('',(-6.034412062085,86.933575013573,
    134.70760917007));
#2306 = CARTESIAN_POINT('',(-5.009117785561,89.42797237117,
    126.08765780907));
#2307 = CARTESIAN_POINT('',(9.245825095858E-02,96.502758693405,
    121.16918850643));
#2308 = CARTESIAN_POINT('',(-0.675765547604,95.937635588249,
    118.35000000007));
#2309 = CARTESIAN_POINT('',(-0.328379289598,76.477864035259,
    250.65000000008));
#2310 = CARTESIAN_POINT('',(-1.296665607903,71.399561428494,
    250.86130616369));
#2311 = CARTESIAN_POINT('',(-2.094806792241,68.543444680101,
    241.57441663528));
#2312 = CARTESIAN_POINT('',(-3.857838626821,60.26369451151,
    235.08353134902));
#2313 = CARTESIAN_POINT('',(-4.988131329035,55.575409023954,
    226.51118254037));
#2314 = CARTESIAN_POINT('',(-5.309317050046,55.150911938471,
    217.61639345218));
#2315 = CARTESIAN_POINT('',(-5.124337675832,57.291493976451,
    209.24766532391));
#2316 = CARTESIAN_POINT('',(-4.836907011355,59.954055757079,
    200.96556313088));
#2317 = CARTESIAN_POINT('',(-4.40429849398,63.369639782907,
    192.7111899451));
#2318 = CARTESIAN_POINT('',(-3.89610583033,67.177245516145,
    184.47143345297));
#2319 = CARTESIAN_POINT('',(-3.350164315742,71.180794998594,
    176.23785929577));
#2320 = CARTESIAN_POINT('',(-2.813170267576,75.137922592342,
    168.00266391543));
#2321 = CARTESIAN_POINT('',(-2.327077344334,78.830786311905,
    159.75949012385));
#2322 = CARTESIAN_POINT('',(-1.944030518097,81.989582963035,
    151.49363114986));
#2323 = CARTESIAN_POINT('',(-1.683435469489,84.512801050433,
    143.20746975744));
#2324 = CARTESIAN_POINT('',(-1.69016018003,85.672318788658,
    134.70760917294));
#2325 = CARTESIAN_POINT('',(-1.402987241203,88.381013940297,
    126.08765780278));
#2326 = CARTESIAN_POINT('',(2.589361377298E-02,96.522082660573,
    121.16918852729));
#2327 = CARTESIAN_POINT('',(-0.189312545854,95.796381927484,
    118.34999999996));
#2328 = CARTESIAN_POINT('',(0.484664896855,76.615842871782,
    250.64999999992));
#2329 = CARTESIAN_POINT('',(1.913983819966,71.94446502214,
    250.86130614964));
#2330 = CARTESIAN_POINT('',(3.09210665765,69.423755289664,
    241.57441664077));
#2331 = CARTESIAN_POINT('',(5.694485592132,61.884892121731,
    235.08353134611));
#2332 = CARTESIAN_POINT('',(7.362890243608,57.67159487192,
    226.51118253741));
#2333 = CARTESIAN_POINT('',(7.836986645929,57.382071163898,
    217.61639345005));
#2334 = CARTESIAN_POINT('',(7.563941949276,59.444918452428,
    209.24766532279));
#2335 = CARTESIAN_POINT('',(7.139670754913,61.986691894625,
    200.96556312994));
#2336 = CARTESIAN_POINT('',(6.501105165086,65.220478813437,
    192.71118994359));
#2337 = CARTESIAN_POINT('',(5.750971186759,68.814524356711,
    184.47143345134));
#2338 = CARTESIAN_POINT('',(4.945116814403,72.588650275934,
    176.23785929384));
#2339 = CARTESIAN_POINT('',(4.152469633198,76.320114337927,
    168.00266391531));
#2340 = CARTESIAN_POINT('',(3.434956686319,79.808704949422,
    159.75949012041));
#2341 = CARTESIAN_POINT('',(2.869548191333,82.806532028229,
    151.49363115075));
#2342 = CARTESIAN_POINT('',(2.484888632517,85.220239057754,
    143.20746975694));
#2343 = CARTESIAN_POINT('',(2.494814600002,86.382582662729,
    134.70760917154));
#2344 = CARTESIAN_POINT('',(2.070924864996,88.970598147935,
    126.08765780536));
#2345 = CARTESIAN_POINT('',(-3.822308356707E-02,96.511200559472,
    121.16918851756));
#2346 = CARTESIAN_POINT('',(0.279412095757,95.875927518867,
    118.35000000001));
#2347 = CARTESIAN_POINT('',(1.086663144344,77.043805412685,
    250.65000000003));
#2348 = CARTESIAN_POINT('',(4.291437645977,73.634567184013,
    250.8613061677));
#2349 = CARTESIAN_POINT('',(6.932965935403,72.154173762106,
    241.57441663338));
#2350 = CARTESIAN_POINT('',(12.767888637476,66.91328536317,
    235.08353134849));
#2351 = CARTESIAN_POINT('',(16.508701531313,64.173237042139,
    226.51118253848));
#2352 = CARTESIAN_POINT('',(17.571696587051,64.302353980473,
    217.61639345108));
#2353 = CARTESIAN_POINT('',(16.959489527895,66.124095012161,
    209.24766532324));
#2354 = CARTESIAN_POINT('',(16.008210032369,68.291224884295,
    200.9655631304));
#2355 = CARTESIAN_POINT('',(14.576450441226,70.961140167055,
    192.71118994425));
#2356 = CARTESIAN_POINT('',(12.89453783071,73.892796004866,
    184.47143345206));
#2357 = CARTESIAN_POINT('',(11.087691760418,76.955329519393,
    176.23785929469));
#2358 = CARTESIAN_POINT('',(9.310458187636,79.986863504649,
    168.0026639154));
#2359 = CARTESIAN_POINT('',(7.701686813127,82.841869712178,
    159.75949012193));
#2360 = CARTESIAN_POINT('',(6.433956363379,85.340424953487,
    151.49363115035));
#2361 = CARTESIAN_POINT('',(5.571492120266,87.414466632013,
    143.20746975725));
#2362 = CARTESIAN_POINT('',(5.593747480305,88.585575096387,
    134.70760917189));
#2363 = CARTESIAN_POINT('',(4.643323856828,90.799284064571,
    126.08765780535));
#2364 = CARTESIAN_POINT('',(-8.570299301135E-02,96.477448076255,
    121.16918851927));
#2365 = CARTESIAN_POINT('',(0.626467541829,96.122650380907,
    118.34999999999));
#2366 = CARTESIAN_POINT('',(1.387670481598,77.616767875513,
    250.64999999998));
#2367 = CARTESIAN_POINT('',(5.480163929058,75.897300497231,
    250.8613061786));
#2368 = CARTESIAN_POINT('',(8.853394292188,75.809697651347,
    241.57441662874));
#2369 = CARTESIAN_POINT('',(16.304587911069,73.645371236039,
    235.08353134921));
#2370 = CARTESIAN_POINT('',(21.081604249742,72.877729968416,
    226.51118253783));
#2371 = CARTESIAN_POINT('',(22.439048446951,73.567329082431,
    217.61639345082));
#2372 = CARTESIAN_POINT('',(21.657260314311,75.066273556927,
    209.24766532308));
#2373 = CARTESIAN_POINT('',(20.442476836772,76.731825178002,
    200.96556313025));
#2374 = CARTESIAN_POINT('',(18.61412049847,78.646820928892,
    192.71118994404));
#2375 = CARTESIAN_POINT('',(16.466318869641,80.691659811587,
    184.47143345183));
#2376 = CARTESIAN_POINT('',(14.15897727023,82.801503085537,
    176.23785929442));
#2377 = CARTESIAN_POINT('',(11.889450816579,84.89596052132,
    168.00266391537));
#2378 = CARTESIAN_POINT('',(9.835050512226,86.902714731417,
    159.75949012144));
#2379 = CARTESIAN_POINT('',(8.216159312714,88.732837588376,
    151.4936311505));
#2380 = CARTESIAN_POINT('',(7.11479286863,90.352130362916,
    143.20746975705));
#2381 = CARTESIAN_POINT('',(7.143212964169,91.534973348179,
    134.70760917213));
#2382 = CARTESIAN_POINT('',(5.929522390282,93.24755531944,
    126.08765780393));
#2383 = CARTESIAN_POINT('',(-0.109442596886,96.432259755515,
    121.16918852211));
#2384 = CARTESIAN_POINT('',(0.8,96.452966530393,118.35));
#2385 = CARTESIAN_POINT('',(1.387670481598,78.189730126848,250.65));
#2386 = CARTESIAN_POINT('',(5.480163929761,78.160032959913,
    250.8613061749));
#2387 = CARTESIAN_POINT('',(8.853394291891,79.465220197746,
    241.5744166303));
#2388 = CARTESIAN_POINT('',(16.304587911132,80.377454622587,
    235.08353134893));
#2389 = CARTESIAN_POINT('',(21.081604249728,81.582219682075,
    226.51118253798));
#2390 = CARTESIAN_POINT('',(22.439048446955,82.832300764399,
    217.61639345086));
#2391 = CARTESIAN_POINT('',(21.657260314302,84.008448800991,
    209.24766532311));
#2392 = CARTESIAN_POINT('',(20.44247683677,85.17242235623,
    200.96556313027));
#2393 = CARTESIAN_POINT('',(18.614120498464,86.332498853772,
    192.71118994408));
#2394 = CARTESIAN_POINT('',(16.466318869638,87.490521108929,
    184.47143345187));
#2395 = CARTESIAN_POINT('',(14.158977270227,88.647674493595,
    176.23785929447));
#2396 = CARTESIAN_POINT('',(11.889450816576,89.805055726111,
    168.00266391537));
#2397 = CARTESIAN_POINT('',(9.835050512223,90.963558251691,
    159.75949012153));
#2398 = CARTESIAN_POINT('',(8.216159312717,92.125248971029,
    151.49363115045));
#2399 = CARTESIAN_POINT('',(7.114792868611,93.289793009684,
    143.20746975718));
#2400 = CARTESIAN_POINT('',(7.143212964232,94.484370511341,
    134.70760917176));
#2401 = CARTESIAN_POINT('',(5.929522390014,95.695825670929,
    126.08765780553));
#2402 = CARTESIAN_POINT('',(-0.109442596251,96.387071451407,
    121.16918851838));
#2403 = CARTESIAN_POINT('',(0.8,96.783282557975,118.35));
#2404 = DEFINITIONAL_REPRESENTATION('',(#2405),#2409);
#2405 = LINE('',#2406,#2407);
#2406 = CARTESIAN_POINT('',(0.,0.));
#2407 = VECTOR('',#2408,1.);
#2408 = DIRECTION('',(1.,0.));
#2409 = ( GEOMETRIC_REPRESENTATION_CONTEXT(2) 
PARAMETRIC_REPRESENTATION_CONTEXT() REPRESENTATION_CONTEXT('2D SPACE',''
  ) );
#2410 = PCURVE('',#2411,#2416);
#2411 = PLANE('',#2412);
#2412 = AXIS2_PLACEMENT_3D('',#2413,#2414,#2415);
#2413 = CARTESIAN_POINT('',(1.387670481598,78.189730126848,250.65));
#2414 = DIRECTION('',(1.024079923888E-14,8.246360692225E-14,-1.));
#2415 = DIRECTION('',(-1.,1.024079923888E-14,-1.024079923888E-14));
#2416 = DEFINITIONAL_REPRESENTATION('',(#2417),#2433);
#2417 = B_SPLINE_CURVE_WITH_KNOTS('',14,(#2418,#2419,#2420,#2421,#2422,
    #2423,#2424,#2425,#2426,#2427,#2428,#2429,#2430,#2431,#2432),
  .UNSPECIFIED.,.F.,.F.,(15,15),(0.,1.),.PIECEWISE_BEZIER_KNOTS.);
#2418 = CARTESIAN_POINT('',(0.,0.));
#2419 = CARTESIAN_POINT('',(-9.703349235224E-14,0.57296225133));
#2420 = CARTESIAN_POINT('',(0.301007337254,1.145924714184));
#2421 = CARTESIAN_POINT('',(0.903005584742,1.573887255023));
#2422 = CARTESIAN_POINT('',(1.716049771198,1.711866091644));
#2423 = CARTESIAN_POINT('',(2.55984536021,1.46684917206));
#2424 = CARTESIAN_POINT('',(3.204341997784,0.850106955107));
#2425 = CARTESIAN_POINT('',(3.446557146861,2.226840933872E-11));
#2426 = CARTESIAN_POINT('',(3.204341997783,-0.850106955126));
#2427 = CARTESIAN_POINT('',(2.559845360212,-1.466849172091));
#2428 = CARTESIAN_POINT('',(1.716049771196,-1.71186609159));
#2429 = CARTESIAN_POINT('',(0.903005584743,-1.573887255066));
#2430 = CARTESIAN_POINT('',(0.301007337254,-1.145924714163));
#2431 = CARTESIAN_POINT('',(-1.443289932013E-14,-0.572962251335));
#2432 = CARTESIAN_POINT('',(-8.881784197001E-16,0.));
#2433 = ( GEOMETRIC_REPRESENTATION_CONTEXT(2) 
PARAMETRIC_REPRESENTATION_CONTEXT() REPRESENTATION_CONTEXT('2D SPACE',''
  ) );
#2434 = ORIENTED_EDGE('',*,*,#2435,.T.);
#2435 = EDGE_CURVE('',#2098,#2436,#2438,.T.);
#2436 = VERTEX_POINT('',#2437);
#2437 = CARTESIAN_POINT('',(0.8,96.783282557975,118.35));
#2438 = SEAM_CURVE('',#2439,(#2459,#2466),.PCURVE_S1.);
#2439 = ( BOUNDED_CURVE() B_SPLINE_CURVE(3,(#2440,#2441,#2442,#2443,
    #2444,#2445,#2446,#2447,#2448,#2449,#2450,#2451,#2452,#2453,#2454,
    #2455,#2456,#2457,#2458),.UNSPECIFIED.,.F.,.F.) 
B_SPLINE_CURVE_WITH_KNOTS((4,1,1,1,1,1,1,1,1,1,1,1,1,1,1,1,4),(0.,
    8.870780560762E-02,0.168735915902,0.23608723762,0.293697226228,
    0.350326545089,0.407739338453,0.466136813089,0.525343880785,
    0.584957658921,0.644477655999,0.703425065581,0.761464630681,
0.81854132722,0.875086524375,0.934359648828,1.),.UNSPECIFIED.) CURVE() 
GEOMETRIC_REPRESENTATION_ITEM() RATIONAL_B_SPLINE_CURVE((1.,
    1.000000000071,0.99999999997,1.000000000006,0.999999999999,1.,1.,1.,
    1.,1.,1.,1.,1.,1.,1.,1.000000000001,0.999999999994,1.000000000013,1.
)) REPRESENTATION_ITEM('') );
#2440 = CARTESIAN_POINT('',(1.387670481598,78.189730126848,250.65));
#2441 = CARTESIAN_POINT('',(5.480163932109,78.160032984009,
    250.86130617109));
#2442 = CARTESIAN_POINT('',(8.853394290905,79.465220187625,
    241.5744166319));
#2443 = CARTESIAN_POINT('',(16.304587911341,80.377454624738,
    235.08353134859));
#2444 = CARTESIAN_POINT('',(21.081604249684,81.582219681626,
    226.51118253805));
#2445 = CARTESIAN_POINT('',(22.439048446966,82.832300764509,
    217.61639345084));
#2446 = CARTESIAN_POINT('',(21.657260314299,84.008448800961,
    209.24766532312));
#2447 = CARTESIAN_POINT('',(20.442476836771,85.172422356238,
    200.96556313027));
#2448 = CARTESIAN_POINT('',(18.614120498464,86.33249885377,
    192.71118994408));
#2449 = CARTESIAN_POINT('',(16.466318869638,87.490521108929,
    184.47143345187));
#2450 = CARTESIAN_POINT('',(14.158977270227,88.647674493595,
    176.23785929447));
#2451 = CARTESIAN_POINT('',(11.889450816576,89.805055726109,
    168.00266391537));
#2452 = CARTESIAN_POINT('',(9.835050512223,90.963558251697,
    159.75949012153));
#2453 = CARTESIAN_POINT('',(8.216159312715,92.125248971007,
    151.49363115045));
#2454 = CARTESIAN_POINT('',(7.114792868617,93.289793009761,
    143.20746975718));
#2455 = CARTESIAN_POINT('',(7.143212964211,94.484370511049,
    134.70760917176));
#2456 = CARTESIAN_POINT('',(5.929522390099,95.695825672127,
    126.08765780553));
#2457 = CARTESIAN_POINT('',(-0.109442596453,96.387071448542,
    121.16918851838));
#2458 = CARTESIAN_POINT('',(0.8,96.783282557975,118.35));
#2459 = PCURVE('',#2118,#2460);
#2460 = DEFINITIONAL_REPRESENTATION('',(#2461),#2465);
#2461 = LINE('',#2462,#2463);
#2462 = CARTESIAN_POINT('',(1.,0.));
#2463 = VECTOR('',#2464,1.);
#2464 = DIRECTION('',(0.,1.));
#2465 = ( GEOMETRIC_REPRESENTATION_CONTEXT(2) 
PARAMETRIC_REPRESENTATION_CONTEXT() REPRESENTATION_CONTEXT('2D SPACE',''
  ) );
#2466 = PCURVE('',#2118,#2467);
#2467 = DEFINITIONAL_REPRESENTATION('',(#2468),#2472);
#2468 = LINE('',#2469,#2470);
#2469 = CARTESIAN_POINT('',(0.,0.));
#2470 = VECTOR('',#2471,1.);
#2471 = DIRECTION('',(0.,1.));
#2472 = ( GEOMETRIC_REPRESENTATION_CONTEXT(2) 
PARAMETRIC_REPRESENTATION_CONTEXT() REPRESENTATION_CONTEXT('2D SPACE',''
  ) );
#2473 = ORIENTED_EDGE('',*,*,#2474,.F.);
#2474 = EDGE_CURVE('',#2436,#2436,#2475,.T.);
#2475 = SURFACE_CURVE('',#2476,(#2492,#2499),.PCURVE_S1.);
#2476 = B_SPLINE_CURVE_WITH_KNOTS('',14,(#2477,#2478,#2479,#2480,#2481,
    #2482,#2483,#2484,#2485,#2486,#2487,#2488,#2489,#2490,#2491),
  .UNSPECIFIED.,.T.,.F.,(15,15),(0.,1.),.PIECEWISE_BEZIER_KNOTS.);
#2477 = CARTESIAN_POINT('',(0.8,96.783282557975,118.35));
#2478 = CARTESIAN_POINT('',(0.8,97.11359858555,118.34999999999));
#2479 = CARTESIAN_POINT('',(0.626467541829,97.443914735063,
    118.35000000003));
#2480 = CARTESIAN_POINT('',(0.279412095758,97.690637597039,
    118.34999999991));
#2481 = CARTESIAN_POINT('',(-0.189312545856,97.770183188521,
    118.35000000013));
#2482 = CARTESIAN_POINT('',(-0.675765547603,97.628929527669,
    118.34999999987));
#2483 = CARTESIAN_POINT('',(-1.047321559565,97.27337409848,
    118.35000000005));
#2484 = CARTESIAN_POINT('',(-1.186959983695,96.783282557998,
    118.35000000003));
#2485 = CARTESIAN_POINT('',(-1.047321559564,96.29319101745,
    118.34999999991));
#2486 = CARTESIAN_POINT('',(-0.675765547604,95.937635588249,
    118.35000000007));
#2487 = CARTESIAN_POINT('',(-0.189312545854,95.796381927484,
    118.34999999996));
#2488 = CARTESIAN_POINT('',(0.279412095757,95.875927518867,
    118.35000000001));
#2489 = CARTESIAN_POINT('',(0.626467541829,96.122650380907,
    118.34999999999));
#2490 = CARTESIAN_POINT('',(0.8,96.452966530393,118.35));
#2491 = CARTESIAN_POINT('',(0.8,96.783282557975,118.35));
#2492 = PCURVE('',#2118,#2493);
#2493 = DEFINITIONAL_REPRESENTATION('',(#2494),#2498);
#2494 = LINE('',#2495,#2496);
#2495 = CARTESIAN_POINT('',(0.,1.));
#2496 = VECTOR('',#2497,1.);
#2497 = DIRECTION('',(1.,0.));
#2498 = ( GEOMETRIC_REPRESENTATION_CONTEXT(2) 
PARAMETRIC_REPRESENTATION_CONTEXT() REPRESENTATION_CONTEXT('2D SPACE',''
  ) );
#2499 = PCURVE('',#2500,#2505);
#2500 = PLANE('',#2501);
#2501 = AXIS2_PLACEMENT_3D('',#2502,#2503,#2504);
#2502 = CARTESIAN_POINT('',(0.8,96.783282557975,118.35));
#2503 = DIRECTION('',(-1.776356851471E-14,7.481211759668E-14,-1.));
#2504 = DIRECTION('',(-1.,-8.881784257355E-15,1.776356851471E-14));
#2505 = DEFINITIONAL_REPRESENTATION('',(#2506),#2522);
#2506 = B_SPLINE_CURVE_WITH_KNOTS('',14,(#2507,#2508,#2509,#2510,#2511,
    #2512,#2513,#2514,#2515,#2516,#2517,#2518,#2519,#2520,#2521),
  .UNSPECIFIED.,.T.,.F.,(15,15),(0.,1.),.PIECEWISE_BEZIER_KNOTS.);
#2507 = CARTESIAN_POINT('',(0.,0.));
#2508 = CARTESIAN_POINT('',(-7.22755189031E-14,0.330316027576));
#2509 = CARTESIAN_POINT('',(0.173532458171,0.660632177088));
#2510 = CARTESIAN_POINT('',(0.520587904242,0.907355039064));
#2511 = CARTESIAN_POINT('',(0.989312545856,0.986900630547));
#2512 = CARTESIAN_POINT('',(1.475765547603,0.845646969694));
#2513 = CARTESIAN_POINT('',(1.847321559565,0.490091540505));
#2514 = CARTESIAN_POINT('',(1.986959983695,2.322053660464E-11));
#2515 = CARTESIAN_POINT('',(1.847321559564,-0.490091540525));
#2516 = CARTESIAN_POINT('',(1.475765547604,-0.845646969726));
#2517 = CARTESIAN_POINT('',(0.989312545854,-0.986900630491));
#2518 = CARTESIAN_POINT('',(0.520587904243,-0.907355039108));
#2519 = CARTESIAN_POINT('',(0.173532458171,-0.660632177067));
#2520 = CARTESIAN_POINT('',(4.662936703426E-15,-0.330316027581));
#2521 = CARTESIAN_POINT('',(0.,0.));
#2522 = ( GEOMETRIC_REPRESENTATION_CONTEXT(2) 
PARAMETRIC_REPRESENTATION_CONTEXT() REPRESENTATION_CONTEXT('2D SPACE',''
  ) );
#2523 = ORIENTED_EDGE('',*,*,#2435,.F.);
#2524 = ADVANCED_FACE('',(#2525),#2411,.F.);
#2525 = FACE_BOUND('',#2526,.F.);
#2526 = EDGE_LOOP('',(#2527));
#2527 = ORIENTED_EDGE('',*,*,#2097,.F.);
#2528 = ADVANCED_FACE('',(#2529),#2500,.T.);
#2529 = FACE_BOUND('',#2530,.F.);
#2530 = EDGE_LOOP('',(#2531));
#2531 = ORIENTED_EDGE('',*,*,#2474,.T.);
#2532 = ( GEOMETRIC_REPRESENTATION_CONTEXT(3) 
GLOBAL_UNCERTAINTY_ASSIGNED_CONTEXT((#2536)) 
GLOBAL_UNIT_ASSIGNED_CONTEXT((#2533,#2534,#2535)) REPRESENTATION_CONTEXT
('Context #1','3D Context with UNIT and UNCERTAINTY') );
#2533 = ( LENGTH_UNIT() NAMED_UNIT(*) SI_UNIT(.MILLI.,.METRE.) );
#2534 = ( NAMED_UNIT(*) PLANE_ANGLE_UNIT() SI_UNIT($,.RADIAN.) );
#2535 = ( NAMED_UNIT(*) SI_UNIT($,.STERADIAN.) SOLID_ANGLE_UNIT() );
#2536 = UNCERTAINTY_MEASURE_WITH_UNIT(LENGTH_MEASURE(1.E-07),#2533,
  'distance_accuracy_value','confusion accuracy');
#2537 = CONTEXT_DEPENDENT_SHAPE_REPRESENTATION(#2538,#2540);
#2538 = ( REPRESENTATION_RELATIONSHIP('','',#2090,#10) 
REPRESENTATION_RELATIONSHIP_WITH_TRANSFORMATION(#2539) 
SHAPE_REPRESENTATION_RELATIONSHIP() );
#2539 = ITEM_DEFINED_TRANSFORMATION('','',#11,#31);
#2540 = PRODUCT_DEFINITION_SHAPE('Placement','Placement of an item',
  #2541);
#2541 = NEXT_ASSEMBLY_USAGE_OCCURRENCE('5','arm_L','',#5,#2085,$);
#2542 = PRODUCT_RELATED_PRODUCT_CATEGORY('part',$,(#2087));
#2543 = SHAPE_DEFINITION_REPRESENTATION(#2544,#2550);
#2544 = PRODUCT_DEFINITION_SHAPE('','',#2545);
#2545 = PRODUCT_DEFINITION('design','',#2546,#2549);
#2546 = PRODUCT_DEFINITION_FORMATION('','',#2547);
#2547 = PRODUCT('leg_L','leg_L','',(#2548));
#2548 = PRODUCT_CONTEXT('',#2,'mechanical');
#2549 = PRODUCT_DEFINITION_CONTEXT('part definition',#2,'design');
#2550 = ADVANCED_BREP_SHAPE_REPRESENTATION('',(#11,#2551),#2992);
#2551 = MANIFOLD_SOLID_BREP('',#2552);
#2552 = CLOSED_SHELL('',(#2553,#2984,#2988));
#2553 = ADVANCED_FACE('',(#2554),#2578,.F.);
#2554 = FACE_BOUND('',#2555,.F.);
#2555 = EDGE_LOOP('',(#2556,#2894,#2933,#2983));
#2556 = ORIENTED_EDGE('',*,*,#2557,.T.);
#2557 = EDGE_CURVE('',#2558,#2558,#2560,.T.);
#2558 = VERTEX_POINT('',#2559);
#2559 = CARTESIAN_POINT('',(1.632553507762,38.11188289911,158.4));
#2560 = SURFACE_CURVE('',#2561,(#2577,#2870),.PCURVE_S1.);
#2561 = B_SPLINE_CURVE_WITH_KNOTS('',14,(#2562,#2563,#2564,#2565,#2566,
    #2567,#2568,#2569,#2570,#2571,#2572,#2573,#2574,#2575,#2576),
  .UNSPECIFIED.,.T.,.F.,(15,15),(0.,1.),.PIECEWISE_BEZIER_KNOTS.);
#2562 = CARTESIAN_POINT('',(1.632553507762,38.11188289911,158.4));
#2563 = CARTESIAN_POINT('',(1.632553507762,38.78595613597,
    158.39999999998));
#2564 = CARTESIAN_POINT('',(1.278427228639,39.460029621673,
    158.40000000006));
#2565 = CARTESIAN_POINT('',(0.570193996302,39.963514963856,
    158.39999999985));
#2566 = CARTESIAN_POINT('',(-0.386328576001,40.125843006909,
    158.40000000022));
#2567 = CARTESIAN_POINT('',(-1.379029268954,39.837587807426,
    158.39999999977));
#2568 = CARTESIAN_POINT('',(-2.137260607279,39.112008728654,
    158.40000000011));
#2569 = CARTESIAN_POINT('',(-2.422219606193,38.111882899121,
    158.40000000004));
#2570 = CARTESIAN_POINT('',(-2.137260607276,37.111757069556,
    158.39999999984));
#2571 = CARTESIAN_POINT('',(-1.379029268958,36.386177990778,
    158.40000000016));
#2572 = CARTESIAN_POINT('',(-0.386328575997,36.097922791338,
    158.39999999988));
#2573 = CARTESIAN_POINT('',(0.5701939963,36.260250834342,158.40000000006
    ));
#2574 = CARTESIAN_POINT('',(1.27842722864,36.763736176557,
    158.39999999997));
#2575 = CARTESIAN_POINT('',(1.632553507762,37.437809662246,158.4));
#2576 = CARTESIAN_POINT('',(1.632553507762,38.11188289911,158.4));
#2577 = PCURVE('',#2578,#2864);
#2578 = ( BOUNDED_SURFACE() B_SPLINE_SURFACE(14,3,(
    (#2579,#2580,#2581,#2582,#2583,#2584,#2585,#2586,#2587,#2588,#2589
      ,#2590,#2591,#2592,#2593,#2594,#2595,#2596,#2597)
    ,(#2598,#2599,#2600,#2601,#2602,#2603,#2604,#2605,#2606,#2607,#2608
      ,#2609,#2610,#2611,#2612,#2613,#2614,#2615,#2616)
    ,(#2617,#2618,#2619,#2620,#2621,#2622,#2623,#2624,#2625,#2626,#2627
      ,#2628,#2629,#2630,#2631,#2632,#2633,#2634,#2635)
    ,(#2636,#2637,#2638,#2639,#2640,#2641,#2642,#2643,#2644,#2645,#2646
      ,#2647,#2648,#2649,#2650,#2651,#2652,#2653,#2654)
    ,(#2655,#2656,#2657,#2658,#2659,#2660,#2661,#2662,#2663,#2664,#2665
      ,#2666,#2667,#2668,#2669,#2670,#2671,#2672,#2673)
    ,(#2674,#2675,#2676,#2677,#2678,#2679,#2680,#2681,#2682,#2683,#2684
      ,#2685,#2686,#2687,#2688,#2689,#2690,#2691,#2692)
    ,(#2693,#2694,#2695,#2696,#2697,#2698,#2699,#2700,#2701,#2702,#2703
      ,#2704,#2705,#2706,#2707,#2708,#2709,#2710,#2711)
    ,(#2712,#2713,#2714,#2715,#2716,#2717,#2718,#2719,#2720,#2721,#2722
      ,#2723,#2724,#2725,#2726,#2727,#2728,#2729,#2730)
    ,(#2731,#2732,#2733,#2734,#2735,#2736,#2737,#2738,#2739,#2740,#2741
      ,#2742,#2743,#2744,#2745,#2746,#2747,#2748,#2749)
    ,(#2750,#2751,#2752,#2753,#2754,#2755,#2756,#2757,#2758,#2759,#2760
      ,#2761,#2762,#2763,#2764,#2765,#2766,#2767,#2768)
    ,(#2769,#2770,#2771,#2772,#2773,#2774,#2775,#2776,#2777,#2778,#2779
      ,#2780,#2781,#2782,#2783,#2784,#2785,#2786,#2787)
    ,(#2788,#2789,#2790,#2791,#2792,#2793,#2794,#2795,#2796,#2797,#2798
      ,#2799,#2800,#2801,#2802,#2803,#2804,#2805,#2806)
    ,(#2807,#2808,#2809,#2810,#2811,#2812,#2813,#2814,#2815,#2816,#2817
      ,#2818,#2819,#2820,#2821,#2822,#2823,#2824,#2825)
    ,(#2826,#2827,#2828,#2829,#2830,#2831,#2832,#2833,#2834,#2835,#2836
      ,#2837,#2838,#2839,#2840,#2841,#2842,#2843,#2844)
    ,(#2845,#2846,#2847,#2848,#2849,#2850,#2851,#2852,#2853,#2854,#2855
      ,#2856,#2857,#2858,#2859,#2860,#2861,#2862,#2863
)),.UNSPECIFIED.,.T.,.F.,.F.) B_SPLINE_SURFACE_WITH_KNOTS((15,15),(4,1,1
    ,1,1,1,1,1,1,1,1,1,1,1,1,1,4),(0.,1.),(0.,8.868321238214E-02,
    0.168689428168,0.236022868064,0.293618146761,0.350233081045,
    0.407631229813,0.466013734209,0.525205564845,0.584803972183,
    0.644308629282,0.703240887293,0.761265600373,0.818327763758,
    0.874858604304,0.934116469962,1.),.UNSPECIFIED.) 
GEOMETRIC_REPRESENTATION_ITEM() RATIONAL_B_SPLINE_SURFACE((
    (1.,0.999999999973,1.000000000011,0.999999999998,1.000000000001,1.
      ,1.,1.,1.,1.,1.,1.,1.,1.,1.,0.999999999999,1.000000000005
      ,0.999999999989,1.)
    ,(1.,0.999999999973,1.000000000011,0.999999999998,1.000000000001,1.
      ,1.,1.,1.,1.,1.,1.,1.,1.,1.,0.999999999999,1.000000000005
      ,0.999999999989,1.)
    ,(1.,0.999999999973,1.000000000011,0.999999999998,1.000000000001,1.
      ,1.,1.,1.,1.,1.,1.,1.,1.,1.,0.999999999999,1.000000000005
      ,0.999999999989,1.)
    ,(1.,0.999999999973,1.000000000011,0.999999999998,1.000000000001,1.
      ,1.,1.,1.,1.,1.,1.,1.,1.,1.,0.999999999999,1.000000000005
      ,0.999999999989,1.)
    ,(1.,0.999999999973,1.000000000011,0.999999999998,1.000000000001,1.
      ,1.,1.,1.,1.,1.,1.,1.,1.,1.,0.999999999999,1.000000000005
      ,0.999999999989,1.)
    ,(1.,0.999999999973,1.000000000011,0.999999999998,1.000000000001,1.
      ,1.,1.,1.,1.,1.,1.,1.,1.,1.,0.999999999999,1.000000000005
      ,0.999999999989,1.)
    ,(1.,0.999999999973,1.000000000011,0.999999999998,1.000000000001,1.
      ,1.,1.,1.,1.,1.,1.,1.,1.,1.,0.999999999999,1.000000000005
      ,0.999999999989,1.)
    ,(1.,0.999999999973,1.000000000011,0.999999999998,1.000000000001,1.
      ,1.,1.,1.,1.,1.,1.,1.,1.,1.,0.999999999999,1.000000000005
      ,0.999999999989,1.)
    ,(1.,0.999999999973,1.000000000011,0.999999999998,1.000000000001,1.
      ,1.,1.,1.,1.,1.,1.,1.,1.,1.,0.999999999999,1.000000000005
      ,0.999999999989,1.)
    ,(1.,0.999999999973,1.000000000011,0.999999999998,1.000000000001,1.
      ,1.,1.,1.,1.,1.,1.,1.,1.,1.,0.999999999999,1.000000000005
      ,0.999999999989,1.)
    ,(1.,0.999999999973,1.000000000011,0.999999999998,1.000000000001,1.
      ,1.,1.,1.,1.,1.,1.,1.,1.,1.,0.999999999999,1.000000000005
      ,0.999999999989,1.)
    ,(1.,0.999999999973,1.000000000011,0.999999999998,1.000000000001,1.
      ,1.,1.,1.,1.,1.,1.,1.,1.,1.,0.999999999999,1.000000000005
      ,0.999999999989,1.)
    ,(1.,0.999999999973,1.000000000011,0.999999999998,1.000000000001,1.
      ,1.,1.,1.,1.,1.,1.,1.,1.,1.,0.999999999999,1.000000000005
      ,0.999999999989,1.)
    ,(1.,0.999999999973,1.000000000011,0.999999999998,1.000000000001,1.
      ,1.,1.,1.,1.,1.,1.,1.,1.,1.,0.999999999999,1.000000000005
      ,0.999999999989,1.)
    ,(1.,0.999999999973,1.000000000011,0.999999999998,1.000000000001,1.
      ,1.,1.,1.,1.,1.,1.,1.,1.,1.,0.999999999999,1.000000000005
,0.999999999989,1.))) REPRESENTATION_ITEM('') SURFACE() );
#2579 = CARTESIAN_POINT('',(1.632553507762,38.11188289911,158.4));
#2580 = CARTESIAN_POINT('',(6.44749792426,38.094428172562,
    158.64961424739));
#2581 = CARTESIAN_POINT('',(10.415668313509,38.864010359019,
    147.64407620137));
#2582 = CARTESIAN_POINT('',(19.181922685621,39.401980328449,
    139.95074722691));
#2583 = CARTESIAN_POINT('',(24.801900029872,40.11242003598,
    129.79098607093));
#2584 = CARTESIAN_POINT('',(26.398879090033,40.849583890084,
    119.24905181753));
#2585 = CARTESIAN_POINT('',(25.479130655943,41.543151521639,
    109.33057259204));
#2586 = CARTESIAN_POINT('',(24.049973800362,42.229540866652,
    99.514747646889));
#2587 = CARTESIAN_POINT('',(21.898966760226,42.913632211522,
    89.731785634793));
#2588 = CARTESIAN_POINT('',(19.37213969645,43.596512264457,79.9661459044
    ));
#2589 = CARTESIAN_POINT('',(16.657623184321,44.278880043156,
    70.207832036888));
#2590 = CARTESIAN_POINT('',(13.987577079557,44.961381903709,
    60.447600709557));
#2591 = CARTESIAN_POINT('',(11.570687442059,45.644545955013,
    50.677899613238));
#2592 = CARTESIAN_POINT('',(9.665919103943,46.329586259425,
    40.881366847581));
#2593 = CARTESIAN_POINT('',(8.370890499645,47.016322444741,
    31.06058185446));
#2594 = CARTESIAN_POINT('',(8.40172073365,47.720717826193,
    20.987258593438));
#2595 = CARTESIAN_POINT('',(6.982354317038,48.436290463368,
    10.754093119136));
#2596 = CARTESIAN_POINT('',(-0.178771146873,48.844156070006,
    4.921343221868));
#2597 = CARTESIAN_POINT('',(0.869676814387,49.076407011852,1.6));
#2598 = CARTESIAN_POINT('',(1.632553507762,38.78595613597,
    158.39999999998));
#2599 = CARTESIAN_POINT('',(6.447497925183,40.756568051769,
    158.64961423706));
#2600 = CARTESIAN_POINT('',(10.41566831312,43.164588085752,
    147.64407620569));
#2601 = CARTESIAN_POINT('',(19.181922685709,47.322100957103,
    139.95074722602));
#2602 = CARTESIAN_POINT('',(24.801900029861,50.353001403758,
    129.79098607113));
#2603 = CARTESIAN_POINT('',(26.398879090041,51.749549982005,
    119.24905181748));
#2604 = CARTESIAN_POINT('',(25.479130655947,52.063358052132,
    109.33057259206));
#2605 = CARTESIAN_POINT('',(24.049973800364,52.159655628009,
    99.514747646847));
#2606 = CARTESIAN_POINT('',(21.898966760237,51.955606846893,
    89.731785634808));
#2607 = CARTESIAN_POINT('',(19.372139696448,51.595172552216,
    79.966145904392));
#2608 = CARTESIAN_POINT('',(16.657623184325,51.156729942076,
    70.207832036897));
#2609 = CARTESIAN_POINT('',(13.987577079563,50.736783024141,
    60.447600709548));
#2610 = CARTESIAN_POINT('',(11.570687442062,50.422025345272,
    50.677899613227));
#2611 = CARTESIAN_POINT('',(9.665919103942,50.320596261021,
    40.881366847603));
#2612 = CARTESIAN_POINT('',(8.370890499648,50.472621566227,
    31.060581854401));
#2613 = CARTESIAN_POINT('',(8.40172073365,51.189746597884,
    20.987258593659));
#2614 = CARTESIAN_POINT('',(6.982354317043,51.319269890828,
    10.75409311823));
#2615 = CARTESIAN_POINT('',(-0.178771146883,48.770342348679,
    4.92134322405));
#2616 = CARTESIAN_POINT('',(0.869676814387,49.435492250105,1.6));
#2617 = CARTESIAN_POINT('',(1.278427228639,39.460029621673,
    158.40000000006));
#2618 = CARTESIAN_POINT('',(5.048942999005,43.418708911541,
    158.64961423023));
#2619 = CARTESIAN_POINT('',(8.156360288131,47.465167400725,
    147.64407620873));
#2620 = CARTESIAN_POINT('',(15.021088176844,55.242224509064,
    139.95074722524));
#2621 = CARTESIAN_POINT('',(19.422011728928,60.593586551603,
    129.79098607118));
#2622 = CARTESIAN_POINT('',(20.67258309568,62.649520097264,
    119.24905181744));
#2623 = CARTESIAN_POINT('',(19.952341305811,62.583568465926,
    109.33057259205));
#2624 = CARTESIAN_POINT('',(18.833189096579,62.089774054768,
    99.514747647068));
#2625 = CARTESIAN_POINT('',(17.148766374461,60.997584819821,
    89.73178563474));
#2626 = CARTESIAN_POINT('',(15.170044389134,59.593835792484,
    79.966145904443));
#2627 = CARTESIAN_POINT('',(13.044345492188,58.034582379718,
    70.20783203685));
#2628 = CARTESIAN_POINT('',(10.953470732552,56.512186276476,
    60.447600709609));
#2629 = CARTESIAN_POINT('',(9.060839167056,55.199506498991,
    50.677899613263));
#2630 = CARTESIAN_POINT('',(7.569242435589,54.311607735917,
    40.881366847576));
#2631 = CARTESIAN_POINT('',(6.555124136128,53.928921963289,
    31.06058185439));
#2632 = CARTESIAN_POINT('',(6.579266840592,54.658776650767,
    20.987258593729));
#2633 = CARTESIAN_POINT('',(5.467781420113,54.202250379706,
    10.754093117915));
#2634 = CARTESIAN_POINT('',(-0.139993188421,48.696528606736,
    4.921343224772));
#2635 = CARTESIAN_POINT('',(0.681030370118,49.794577620921,1.6));
#2636 = CARTESIAN_POINT('',(0.570193996302,39.963514963856,
    158.39999999985));
#2637 = CARTESIAN_POINT('',(2.251831671597,45.407140336898,
    158.64961424962));
#2638 = CARTESIAN_POINT('',(3.637741218383,50.677396770941,
    147.64407619996));
#2639 = CARTESIAN_POINT('',(6.699413867933,61.157998088473,
    139.95074722746));
#2640 = CARTESIAN_POINT('',(8.662228243684,68.242581249449,129.790986071
    ));
#2641 = CARTESIAN_POINT('',(9.219983787925,70.791028850625,
    119.24905181753));
#2642 = CARTESIAN_POINT('',(8.898755539787,70.441423511489,
    109.33057259203));
#2643 = CARTESIAN_POINT('',(8.399613019963,69.506872013476,
    99.514747646344));
#2644 = CARTESIAN_POINT('',(7.648359530471,67.751304512177,
    89.73178563491));
#2645 = CARTESIAN_POINT('',(6.765848402494,65.5682729785,79.966145904261
    ));
#2646 = CARTESIAN_POINT('',(5.817785488665,63.171852962406,
    70.207832036974));
#2647 = CARTESIAN_POINT('',(4.885254160259,60.826005088083,
    60.447600709395));
#2648 = CARTESIAN_POINT('',(4.041139407078,58.767947900176,
    50.67789961312));
#2649 = CARTESIAN_POINT('',(3.375886423685,57.292611767095,
    40.881366847681));
#2650 = CARTESIAN_POINT('',(2.923589068787,56.510534540344,
    31.060581854294));
#2651 = CARTESIAN_POINT('',(2.934356796579,57.249897381823,
    20.987258593944));
#2652 = CARTESIAN_POINT('',(2.438633393598,56.355633431245,
    10.754093117073));
#2653 = CARTESIAN_POINT('',(-6.243650999406E-02,48.641394943376,
    4.921343226893));
#2654 = CARTESIAN_POINT('',(0.303747776675,50.062789061703,
    1.599999999999));
#2655 = CARTESIAN_POINT('',(-0.386328576001,40.125843006909,
    158.40000000022));
#2656 = CARTESIAN_POINT('',(-1.525547212583,46.048227894555,
    158.64961423693));
#2657 = CARTESIAN_POINT('',(-2.46445736109,51.713047385572,
    147.6440762069));
#2658 = CARTESIAN_POINT('',(-4.538646586899,63.065294821206,
    139.95074722531));
#2659 = CARTESIAN_POINT('',(-5.868392798561,70.708683508039,
    129.790986071));
#2660 = CARTESIAN_POINT('',(-6.246255013392,73.415921913952,
    119.24905181755));
#2661 = CARTESIAN_POINT('',(-6.0286327666,72.974864159004,
    109.33057259217));
#2662 = CARTESIAN_POINT('',(-5.690479085575,71.898208751361,
    99.514747648078));
#2663 = CARTESIAN_POINT('',(-5.181527987394,69.928762340943,
    89.731785634638));
#2664 = CARTESIAN_POINT('',(-4.583653882367,67.494483366013,
    79.96614590473));
#2665 = CARTESIAN_POINT('',(-3.941370461507,64.828153572701,
    70.207832036758));
#2666 = CARTESIAN_POINT('',(-3.309609212583,62.216817703268,
    60.447600709952));
#2667 = CARTESIAN_POINT('',(-2.737747465083,59.918444370365,
    50.677899613493));
#2668 = CARTESIAN_POINT('',(-2.287059074148,58.253713332677,
    40.881366847515));
#2669 = CARTESIAN_POINT('',(-1.980641499629,57.342868834987,
    31.060581854396));
#2670 = CARTESIAN_POINT('',(-1.987936486531,58.085297187883,
    20.987258594041));
#2671 = CARTESIAN_POINT('',(-1.652098410011,57.049902812972,
    10.754093116677));
#2672 = CARTESIAN_POINT('',(4.229738030471E-02,48.623619368495,
    4.921343227644));
#2673 = CARTESIAN_POINT('',(-0.205800914754,50.14926275749,
    1.600000000001));
#2674 = CARTESIAN_POINT('',(-1.379029268954,39.837587807426,
    158.39999999977));
#2675 = CARTESIAN_POINT('',(-5.446687569787,44.909812012233,
    158.64961423505));
#2676 = CARTESIAN_POINT('',(-8.798903812064,49.873983298099,
    147.64407620453));
#2677 = CARTESIAN_POINT('',(-16.20442124845,59.678398817386,
    139.95074722682));
#2678 = CARTESIAN_POINT('',(-20.95204150944,66.329484539953,
    129.79098607112));
#2679 = CARTESIAN_POINT('',(-22.30113050923,68.754749022821,
    119.2490518173));
#2680 = CARTESIAN_POINT('',(-21.52414942849,68.476088558454,
    109.3305725917));
#2681 = CARTESIAN_POINT('',(-20.31683249934,67.65177519874,
    99.514747644845));
#2682 = CARTESIAN_POINT('',(-18.49971410689,66.062125812066,
    89.731785634897));
#2683 = CARTESIAN_POINT('',(-16.36511210545,64.074001302852,
    79.966145903807));
#2684 = CARTESIAN_POINT('',(-14.07195462682,61.886965753596,
    70.207832037011));
#2685 = CARTESIAN_POINT('',(-11.81636466242,59.747072116643,
    60.447600708833));
#2686 = CARTESIAN_POINT('',(-9.774635133284,57.875441920768,
    50.677899612724));
#2687 = CARTESIAN_POINT('',(-8.16553316482,56.547030258336,
    40.881366847724));
#2688 = CARTESIAN_POINT('',(-7.071524658343,55.864845175688,
    31.060581854255));
#2689 = CARTESIAN_POINT('',(-7.097568772529,56.601829924524,
    20.987258593439));
#2690 = CARTESIAN_POINT('',(-5.898524664084,55.817048923647,
    10.754093118949));
#2691 = CARTESIAN_POINT('',(0.15102555981,48.655184475076,4.921343222499
    ));
#2692 = CARTESIAN_POINT('',(-0.73462203589,49.995706465188,
    1.599999999999));
#2693 = CARTESIAN_POINT('',(-2.137260607279,39.112008728654,
    158.40000000011));
#2694 = CARTESIAN_POINT('',(-8.440046459461,42.044258416845,
    158.64961424331));
#2695 = CARTESIAN_POINT('',(-13.63454299455,45.244799017418,
    147.64407620596));
#2696 = CARTESIAN_POINT('',(-25.10993696406,51.153102878084,
    139.95074722529));
#2697 = CARTESIAN_POINT('',(-32.46672136733,55.306421777838,
    129.79098607137));
#2698 = CARTESIAN_POINT('',(-34.55723361867,57.021918041253,
    119.24905181779));
#2699 = CARTESIAN_POINT('',(-33.3532445472,57.15203451508,
    109.33057259273));
#2700 = CARTESIAN_POINT('',(-31.48241862935,56.962901753249,
    99.514747649694));
#2701 = CARTESIAN_POINT('',(-28.66666071246,56.329255155587,
    89.731785634855));
#2702 = CARTESIAN_POINT('',(-25.35893871311,55.464164498547,
    79.966145905238));
#2703 = CARTESIAN_POINT('',(-21.80552339791,54.483580302747,
    70.207832036839));
#2704 = CARTESIAN_POINT('',(-18.3103217061,53.530373403268,
    60.447600710622));
#2705 = CARTESIAN_POINT('',(-15.14651236549,52.732915996965,
    50.677899614005));
#2706 = CARTESIAN_POINT('',(-12.65309123945,52.251067740487,
    40.881366847461));
#2707 = CARTESIAN_POINT('',(-10.9578445702,52.144450720339,
    31.060581854679));
#2708 = CARTESIAN_POINT('',(-10.99820346188,52.867733148085,
    20.987258593875));
#2709 = CARTESIAN_POINT('',(-9.140190273664,52.713781444956,
    10.754093117741));
#2710 = CARTESIAN_POINT('',(0.234012394425,48.73463828303,4.921343225011
    ));
#2711 = CARTESIAN_POINT('',(-1.138539096951,49.609183574021,
    1.600000000001));
#2712 = CARTESIAN_POINT('',(-2.422219606193,38.111882899121,
    158.40000000004));
#2713 = CARTESIAN_POINT('',(-9.566978558142,38.094428164604,
    158.64961423098));
#2714 = CARTESIAN_POINT('',(-15.45506792821,38.864010362928,
    147.644076205));
#2715 = CARTESIAN_POINT('',(-28.46268523078,39.401980327643,
    139.95074722678));
#2716 = CARTESIAN_POINT('',(-36.80176871032,40.112420036029,
    129.79098607048));
#2717 = CARTESIAN_POINT('',(-39.17141184089,40.849583890555,
    119.24905181713));
#2718 = CARTESIAN_POINT('',(-37.80666282664,41.543151521075,
    109.33057259109));
#2719 = CARTESIAN_POINT('',(-35.68603900244,42.229540866716,
    99.514747643739));
#2720 = CARTESIAN_POINT('',(-32.49431323405,42.913632211623,
    89.731785634534));
#2721 = CARTESIAN_POINT('',(-28.74493496432,43.596512264149,
    79.966145903458));
#2722 = CARTESIAN_POINT('',(-24.71705772407,44.278880043371,
    70.207832036826));
#2723 = CARTESIAN_POINT('',(-20.75516693958,44.961381902936,
    60.447600708305));
#2724 = CARTESIAN_POINT('',(-17.16891698708,45.644545954716,
    50.677899612301));
#2725 = CARTESIAN_POINT('',(-14.34256717605,46.329586258556,
    40.881366847713));
#2726 = CARTESIAN_POINT('',(-12.42096695079,47.016322444797,
    31.060581854042));
#2727 = CARTESIAN_POINT('',(-12.46671276591,47.720717825678,
    20.987258593406));
#2728 = CARTESIAN_POINT('',(-10.36062019863,48.436290462367,
    10.754093118664));
#2729 = CARTESIAN_POINT('',(0.265273314246,48.844156070857,
    4.921343223197));
#2730 = CARTESIAN_POINT('',(-1.29033947178,49.076407011865,1.6));
#2731 = CARTESIAN_POINT('',(-2.137260607276,37.111757069556,
    158.39999999984));
#2732 = CARTESIAN_POINT('',(-8.440046459457,34.144597939363,
    158.64961424566));
#2733 = CARTESIAN_POINT('',(-13.63454299456,32.483221694926,
    147.64407620509));
#2734 = CARTESIAN_POINT('',(-25.10993696408,27.65085777996,
    139.95074722553));
#2735 = CARTESIAN_POINT('',(-32.46672136731,24.918418294086,
    129.79098607194));
#2736 = CARTESIAN_POINT('',(-34.55723361868,24.677249738023,
    119.2490518178));
#2737 = CARTESIAN_POINT('',(-33.35324454718,25.934268529217,
    109.33057259308));
#2738 = CARTESIAN_POINT('',(-31.48241862937,27.496179979921,
    99.514747649779));
#2739 = CARTESIAN_POINT('',(-28.66666071246,29.498009267258,
    89.731785635174));
#2740 = CARTESIAN_POINT('',(-25.35893871313,31.728860030916,
    79.966145905252));
#2741 = CARTESIAN_POINT('',(-21.80552339791,34.074179783156,
    70.207832037035));
#2742 = CARTESIAN_POINT('',(-18.31032170611,36.392390405543,
    60.447600710756));
#2743 = CARTESIAN_POINT('',(-15.14651236548,38.556175913593,
    50.677899614135));
#2744 = CARTESIAN_POINT('',(-12.65309123946,40.408104779893,
    40.881366847527));
#2745 = CARTESIAN_POINT('',(-10.95784457019,41.888194169141,
    31.060581854717));
#2746 = CARTESIAN_POINT('',(-10.99820346195,42.573702504812,
    20.987258594103));
#2747 = CARTESIAN_POINT('',(-9.140190273372,44.158799485264,
    10.754093117053));
#2748 = CARTESIAN_POINT('',(0.234012393728,48.953673851403,
    4.921343226713));
#2749 = CARTESIAN_POINT('',(-1.138539096951,48.543630449673,
    1.599999999999));
#2750 = CARTESIAN_POINT('',(-1.379029268958,36.386177990778,
    158.40000000016));
#2751 = CARTESIAN_POINT('',(-5.446687568605,31.27904431679,
    158.64961422768));
#2752 = CARTESIAN_POINT('',(-8.798903812558,27.854037427498,
    147.64407620742));
#2753 = CARTESIAN_POINT('',(-16.20442124832,19.125561837993,
    139.95074722612));
#2754 = CARTESIAN_POINT('',(-20.95204150949,13.895355532202,
    129.79098607035));
#2755 = CARTESIAN_POINT('',(-22.3011305092,12.944418758027,
    119.24905181725));
#2756 = CARTESIAN_POINT('',(-21.52414942853,14.610214484095,
    109.33057259119));
#2757 = CARTESIAN_POINT('',(-20.31683249932,16.807306534701,
    99.514747644704));
#2758 = CARTESIAN_POINT('',(-18.49971410691,19.765138611159,
    89.731785634428));
#2759 = CARTESIAN_POINT('',(-16.36511210542,23.119023225679,
    79.966145903777));
#2760 = CARTESIAN_POINT('',(-14.07195462681,26.670794333065,
    70.207832036721));
#2761 = CARTESIAN_POINT('',(-11.81636466241,30.17569168975,
    60.447600708629));
#2762 = CARTESIAN_POINT('',(-9.774635133301,33.413649988891,
    50.677899612531));
#2763 = CARTESIAN_POINT('',(-8.165533164817,36.112142259409,
    40.881366847628));
#2764 = CARTESIAN_POINT('',(-7.071524658334,38.167799713822,
    31.060581854174));
#2765 = CARTESIAN_POINT('',(-7.097568772524,38.839605727481,
    20.987258593193));
#2766 = CARTESIAN_POINT('',(-5.898524664109,41.055532000652,
    10.754093119585));
#2767 = CARTESIAN_POINT('',(0.151025559868,49.033127668792,
    4.921343220897));
#2768 = CARTESIAN_POINT('',(-0.734622035891,48.157107558499,
    1.600000000001));
#2769 = CARTESIAN_POINT('',(-0.386328575997,36.097922791338,
    158.39999999988));
#2770 = CARTESIAN_POINT('',(-1.525547211667,30.140628466185,
    158.649614246));
#2771 = CARTESIAN_POINT('',(-2.464457361477,26.014973325408,
    147.6440762033));
#2772 = CARTESIAN_POINT('',(-4.538646586837,15.738665837105,
    139.95074722615));
#2773 = CARTESIAN_POINT('',(-5.868392798556,9.516156563674,
    129.79098607164));
#2774 = CARTESIAN_POINT('',(-6.246255013406,8.28324586579,
    119.24905181762));
#2775 = CARTESIAN_POINT('',(-6.028632766569,10.111438884689,
    109.33057259262));
#2776 = CARTESIAN_POINT('',(-5.690479085595,12.56087298183,
    99.51474764822));
#2777 = CARTESIAN_POINT('',(-5.181527987385,15.898502081962,
    89.731785635052));
#2778 = CARTESIAN_POINT('',(-4.583653882395,19.698541163111,
    79.966145904767));
#2779 = CARTESIAN_POINT('',(-3.941370461514,23.729606513366,
    70.207832037017));
#2780 = CARTESIAN_POINT('',(-3.309609212592,27.705946104753,
    60.447600710139));
#2781 = CARTESIAN_POINT('',(-2.737747465069,31.370647539865,
    50.677899613673));
#2782 = CARTESIAN_POINT('',(-2.28705907415,34.405459186776,
    40.881366847576));
#2783 = CARTESIAN_POINT('',(-1.980641499639,36.689776054572,
    31.060581854583));
#2784 = CARTESIAN_POINT('',(-1.987936486533,37.356138464289,
    20.987258593826));
#2785 = CARTESIAN_POINT('',(-1.652098410002,39.822678116915,
    10.754093117908));
#2786 = CARTESIAN_POINT('',(4.229738028767E-02,49.064692765086,
    4.921343224756));
#2787 = CARTESIAN_POINT('',(-0.205800914753,48.003551266244,1.6));
#2788 = CARTESIAN_POINT('',(0.5701939963,36.260250834342,158.40000000006
    ));
#2789 = CARTESIAN_POINT('',(2.251831670564,30.781716005988,
    158.64961423573));
#2790 = CARTESIAN_POINT('',(3.637741218817,27.050623948286,
    147.64407620563));
#2791 = CARTESIAN_POINT('',(6.699413867853,17.645962568232,
    139.9507472262));
#2792 = CARTESIAN_POINT('',(8.66222824369,11.982258822543,
    129.79098607076));
#2793 = CARTESIAN_POINT('',(9.219983787931,10.908138929794,
    119.24905181743));
#2794 = CARTESIAN_POINT('',(8.898755539771,12.644879531597,
    109.33057259176));
#2795 = CARTESIAN_POINT('',(8.399613019974,14.952209719903,
    99.514747646244));
#2796 = CARTESIAN_POINT('',(7.648359530467,18.075959910947,
    89.731785634659));
#2797 = CARTESIAN_POINT('',(6.765848402512,21.624751550329,
    79.966145904231));
#2798 = CARTESIAN_POINT('',(5.817785488669,25.385907124044,
    70.207832036816));
#2799 = CARTESIAN_POINT('',(4.885254160265,29.096758719051,
    60.447600709271));
#2800 = CARTESIAN_POINT('',(4.041139407071,32.521144009777,
    50.677899613031));
#2801 = CARTESIAN_POINT('',(3.375886423684,35.36656075145,
    40.881366847564));
#2802 = CARTESIAN_POINT('',(2.923589068797,37.522110349241,
    31.060581854454));
#2803 = CARTESIAN_POINT('',(2.934356796562,38.191538270183,
    20.987258593036));
#2804 = CARTESIAN_POINT('',(2.438633393667,40.516947496053,
    10.754093120597));
#2805 = CARTESIAN_POINT('',(-6.243651016011E-02,49.04691719479,
    4.921343218387));
#2806 = CARTESIAN_POINT('',(0.303747776674,48.090024961978,1.6));
#2807 = CARTESIAN_POINT('',(1.27842722864,36.763736176557,
    158.39999999997));
#2808 = CARTESIAN_POINT('',(5.048942999658,32.770147433701,
    158.64961424634));
#2809 = CARTESIAN_POINT('',(8.156360287856,30.262853317172,
    147.64407620204));
#2810 = CARTESIAN_POINT('',(15.021088176897,23.561736147836,
    139.95074722669));
#2811 = CARTESIAN_POINT('',(19.422011728922,19.631253520354,
    129.79098607109));
#2812 = CARTESIAN_POINT('',(20.672583095678,19.049647682805,
    119.24905181753));
#2813 = CARTESIAN_POINT('',(19.952341305817,20.502734577416,
    109.33057259215));
#2814 = CARTESIAN_POINT('',(18.833189096575,22.369307678504,
    99.514747647116));
#2815 = CARTESIAN_POINT('',(17.148766374463,24.82967960319,
    89.731785634843));
#2816 = CARTESIAN_POINT('',(15.170044389126,27.599188736456,
    79.966145904458));
#2817 = CARTESIAN_POINT('',(13.044345492186,30.52317770654,
    70.207832036916));
#2818 = CARTESIAN_POINT('',(10.95347073255,33.410577531038,
    60.447600709661));
#2819 = CARTESIAN_POINT('',(9.06083916706,36.089585411056,
    50.677899613306));
#2820 = CARTESIAN_POINT('',(7.569242435586,38.34756478303,
    40.881366847607));
#2821 = CARTESIAN_POINT('',(6.555124136135,40.103722926165,
    31.060581854395));
#2822 = CARTESIAN_POINT('',(6.579266840553,40.782659001704,
    20.98725859384));
#2823 = CARTESIAN_POINT('',(5.46778142027,42.670330547002,
    10.754093117548));
#2824 = CARTESIAN_POINT('',(-0.139993188797,48.991783533505,
    4.921343225672));
#2825 = CARTESIAN_POINT('',(0.681030370118,48.358236402794,1.6));
#2826 = CARTESIAN_POINT('',(1.632553507762,37.437809662246,158.4));
#2827 = CARTESIAN_POINT('',(6.4474979261,35.432288298524,158.64961423241
    ));
#2828 = CARTESIAN_POINT('',(10.415668312735,34.563432630136,
    147.64407620762));
#2829 = CARTESIAN_POINT('',(19.181922685792,31.481859700258,
    139.9507472256));
#2830 = CARTESIAN_POINT('',(24.801900029842,29.871838668107,
    129.79098607117));
#2831 = CARTESIAN_POINT('',(26.398879090046,29.94961779821,
    119.24905181746));
#2832 = CARTESIAN_POINT('',(25.479130655944,31.022944991127,
    109.33057259203));
#2833 = CARTESIAN_POINT('',(24.049973800365,32.299426105306,
    99.514747646835));
#2834 = CARTESIAN_POINT('',(21.898966760237,33.871657576158,
    89.731785634784));
#2835 = CARTESIAN_POINT('',(19.37213969645,35.597851976694,
    79.966145904388));
#2836 = CARTESIAN_POINT('',(16.657623184326,37.40103014425,
    70.207832036882));
#2837 = CARTESIAN_POINT('',(13.987577079564,39.185980783254,
    60.447600709536));
#2838 = CARTESIAN_POINT('',(11.570687442061,40.867066564756,
    50.677899613217));
#2839 = CARTESIAN_POINT('',(9.665919103942,42.338576257783,
    40.881366847597));
#2840 = CARTESIAN_POINT('',(8.370890499648,43.560023323355,
    31.060581854395));
#2841 = CARTESIAN_POINT('',(8.401720733652,44.251689054134,
    20.987258593649));
#2842 = CARTESIAN_POINT('',(6.982354317033,45.553311037356,
    10.754093118247));
#2843 = CARTESIAN_POINT('',(-0.17877114686,48.917969787825,
    4.921343224004));
#2844 = CARTESIAN_POINT('',(0.869676814387,48.717321773596,1.6));
#2845 = CARTESIAN_POINT('',(1.632553507762,38.11188289911,158.4));
#2846 = CARTESIAN_POINT('',(6.447497925184,38.094428172544,
    158.64961424187));
#2847 = CARTESIAN_POINT('',(10.41566831312,38.864010359027,
    147.64407620369));
#2848 = CARTESIAN_POINT('',(19.181922685704,39.401980328447,
    139.95074722642));
#2849 = CARTESIAN_POINT('',(24.801900029855,40.11242003598,
    129.79098607103));
#2850 = CARTESIAN_POINT('',(26.398879090037,40.849583890084,
    119.2490518175));
#2851 = CARTESIAN_POINT('',(25.479130655942,41.543151521639,
    109.33057259205));
#2852 = CARTESIAN_POINT('',(24.049973800363,42.229540866652,
    99.514747646887));
#2853 = CARTESIAN_POINT('',(21.898966760226,42.913632211522,
    89.731785634794));
#2854 = CARTESIAN_POINT('',(19.37213969645,43.596512264457,79.9661459044
    ));
#2855 = CARTESIAN_POINT('',(16.657623184321,44.278880043157,
    70.207832036888));
#2856 = CARTESIAN_POINT('',(13.987577079558,44.961381903708,
    60.447600709558));
#2857 = CARTESIAN_POINT('',(11.570687442057,45.644545955013,
    50.677899613235));
#2858 = CARTESIAN_POINT('',(9.66591910395,46.329586259422,
    40.881366847589));
#2859 = CARTESIAN_POINT('',(8.370890499619,47.016322444752,
    31.06058185443));
#2860 = CARTESIAN_POINT('',(8.401720733749,47.720717826153,
    20.987258593552));
#2861 = CARTESIAN_POINT('',(6.982354316631,48.436290463532,
    10.754093118665));
#2862 = CARTESIAN_POINT('',(-0.178771145897,48.844156069613,
    4.921343222999));
#2863 = CARTESIAN_POINT('',(0.869676814387,49.076407011852,1.6));
#2864 = DEFINITIONAL_REPRESENTATION('',(#2865),#2869);
#2865 = LINE('',#2866,#2867);
#2866 = CARTESIAN_POINT('',(0.,0.));
#2867 = VECTOR('',#2868,1.);
#2868 = DIRECTION('',(1.,0.));
#2869 = ( GEOMETRIC_REPRESENTATION_CONTEXT(2) 
PARAMETRIC_REPRESENTATION_CONTEXT() REPRESENTATION_CONTEXT('2D SPACE',''
  ) );
#2870 = PCURVE('',#2871,#2876);
#2871 = PLANE('',#2872);
#2872 = AXIS2_PLACEMENT_3D('',#2873,#2874,#2875);
#2873 = CARTESIAN_POINT('',(1.632553507762,38.11188289911,158.4));
#2874 = DIRECTION('',(1.689566216974E-28,3.881972324188E-14,-1.));
#2875 = DIRECTION('',(-1.,4.352339676526E-15,0.));
#2876 = DEFINITIONAL_REPRESENTATION('',(#2877),#2893);
#2877 = B_SPLINE_CURVE_WITH_KNOTS('',14,(#2878,#2879,#2880,#2881,#2882,
    #2883,#2884,#2885,#2886,#2887,#2888,#2889,#2890,#2891,#2892),
  .UNSPECIFIED.,.F.,.F.,(15,15),(0.,1.),.PIECEWISE_BEZIER_KNOTS.);
#2878 = CARTESIAN_POINT('',(0.,0.));
#2879 = CARTESIAN_POINT('',(-1.882938249764E-13,0.67407323686));
#2880 = CARTESIAN_POINT('',(0.354126279123,1.348146722563));
#2881 = CARTESIAN_POINT('',(1.062359511461,1.851632064746));
#2882 = CARTESIAN_POINT('',(2.018882083763,2.013960107799));
#2883 = CARTESIAN_POINT('',(3.011582776717,1.725704908316));
#2884 = CARTESIAN_POINT('',(3.769814115041,1.000125829544));
#2885 = CARTESIAN_POINT('',(4.054773113955,1.13118403533E-11));
#2886 = CARTESIAN_POINT('',(3.769814115038,-1.000125829554));
#2887 = CARTESIAN_POINT('',(3.01158277672,-1.725704908332));
#2888 = CARTESIAN_POINT('',(2.018882083759,-2.013960107772));
#2889 = CARTESIAN_POINT('',(1.062359511463,-1.851632064767));
#2890 = CARTESIAN_POINT('',(0.354126279122,-1.348146722553));
#2891 = CARTESIAN_POINT('',(2.22044604925E-16,-0.674073236863));
#2892 = CARTESIAN_POINT('',(-1.33226762955E-15,7.105427357601E-15));
#2893 = ( GEOMETRIC_REPRESENTATION_CONTEXT(2) 
PARAMETRIC_REPRESENTATION_CONTEXT() REPRESENTATION_CONTEXT('2D SPACE',''
  ) );
#2894 = ORIENTED_EDGE('',*,*,#2895,.T.);
#2895 = EDGE_CURVE('',#2558,#2896,#2898,.T.);
#2896 = VERTEX_POINT('',#2897);
#2897 = CARTESIAN_POINT('',(0.869676814387,49.076407011852,1.6));
#2898 = SEAM_CURVE('',#2899,(#2919,#2926),.PCURVE_S1.);
#2899 = ( BOUNDED_CURVE() B_SPLINE_CURVE(3,(#2900,#2901,#2902,#2903,
    #2904,#2905,#2906,#2907,#2908,#2909,#2910,#2911,#2912,#2913,#2914,
    #2915,#2916,#2917,#2918),.UNSPECIFIED.,.F.,.F.) 
B_SPLINE_CURVE_WITH_KNOTS((4,1,1,1,1,1,1,1,1,1,1,1,1,1,1,1,4),(0.,
    8.868321238214E-02,0.168689428168,0.236022868064,0.293618146761,
    0.350233081045,0.407631229813,0.466013734209,0.525205564845,
    0.584803972183,0.644308629282,0.703240887293,0.761265600373,
    0.818327763758,0.874858604304,0.934116469962,1.),.UNSPECIFIED.) 
CURVE() GEOMETRIC_REPRESENTATION_ITEM() RATIONAL_B_SPLINE_CURVE((1.,
    0.999999999973,1.000000000011,0.999999999998,1.000000000001,1.,1.,1.
    ,1.,1.,1.,1.,1.,1.,1.,0.999999999999,1.000000000005,0.999999999989,
1.)) REPRESENTATION_ITEM('') );
#2900 = CARTESIAN_POINT('',(1.632553507762,38.11188289911,158.4));
#2901 = CARTESIAN_POINT('',(6.44749792426,38.094428172562,
    158.64961424739));
#2902 = CARTESIAN_POINT('',(10.415668313509,38.864010359019,
    147.64407620137));
#2903 = CARTESIAN_POINT('',(19.181922685621,39.401980328449,
    139.95074722691));
#2904 = CARTESIAN_POINT('',(24.801900029872,40.11242003598,
    129.79098607093));
#2905 = CARTESIAN_POINT('',(26.398879090033,40.849583890084,
    119.24905181753));
#2906 = CARTESIAN_POINT('',(25.479130655943,41.543151521639,
    109.33057259204));
#2907 = CARTESIAN_POINT('',(24.049973800362,42.229540866652,
    99.514747646889));
#2908 = CARTESIAN_POINT('',(21.898966760226,42.913632211522,
    89.731785634793));
#2909 = CARTESIAN_POINT('',(19.37213969645,43.596512264457,79.9661459044
    ));
#2910 = CARTESIAN_POINT('',(16.657623184321,44.278880043156,
    70.207832036888));
#2911 = CARTESIAN_POINT('',(13.987577079557,44.961381903709,
    60.447600709557));
#2912 = CARTESIAN_POINT('',(11.570687442059,45.644545955013,
    50.677899613238));
#2913 = CARTESIAN_POINT('',(9.665919103943,46.329586259425,
    40.881366847581));
#2914 = CARTESIAN_POINT('',(8.370890499645,47.016322444741,
    31.06058185446));
#2915 = CARTESIAN_POINT('',(8.40172073365,47.720717826193,
    20.987258593438));
#2916 = CARTESIAN_POINT('',(6.982354317038,48.436290463368,
    10.754093119136));
#2917 = CARTESIAN_POINT('',(-0.178771146873,48.844156070006,
    4.921343221868));
#2918 = CARTESIAN_POINT('',(0.869676814387,49.076407011852,1.6));
#2919 = PCURVE('',#2578,#2920);
#2920 = DEFINITIONAL_REPRESENTATION('',(#2921),#2925);
#2921 = LINE('',#2922,#2923);
#2922 = CARTESIAN_POINT('',(1.,0.));
#2923 = VECTOR('',#2924,1.);
#2924 = DIRECTION('',(0.,1.));
#2925 = ( GEOMETRIC_REPRESENTATION_CONTEXT(2) 
PARAMETRIC_REPRESENTATION_CONTEXT() REPRESENTATION_CONTEXT('2D SPACE',''
  ) );
#2926 = PCURVE('',#2578,#2927);
#2927 = DEFINITIONAL_REPRESENTATION('',(#2928),#2932);
#2928 = LINE('',#2929,#2930);
#2929 = CARTESIAN_POINT('',(0.,0.));
#2930 = VECTOR('',#2931,1.);
#2931 = DIRECTION('',(0.,1.));
#2932 = ( GEOMETRIC_REPRESENTATION_CONTEXT(2) 
PARAMETRIC_REPRESENTATION_CONTEXT() REPRESENTATION_CONTEXT('2D SPACE',''
  ) );
#2933 = ORIENTED_EDGE('',*,*,#2934,.F.);
#2934 = EDGE_CURVE('',#2896,#2896,#2935,.T.);
#2935 = SURFACE_CURVE('',#2936,(#2952,#2959),.PCURVE_S1.);
#2936 = B_SPLINE_CURVE_WITH_KNOTS('',14,(#2937,#2938,#2939,#2940,#2941,
    #2942,#2943,#2944,#2945,#2946,#2947,#2948,#2949,#2950,#2951),
  .UNSPECIFIED.,.T.,.F.,(15,15),(0.,1.),.PIECEWISE_BEZIER_KNOTS.);
#2937 = CARTESIAN_POINT('',(0.869676814387,49.076407011852,1.6));
#2938 = CARTESIAN_POINT('',(0.869676814387,49.435492250105,1.6));
#2939 = CARTESIAN_POINT('',(0.681030370118,49.794577620921,1.6));
#2940 = CARTESIAN_POINT('',(0.303747776675,50.062789061703,
    1.599999999999));
#2941 = CARTESIAN_POINT('',(-0.205800914754,50.14926275749,
    1.600000000001));
#2942 = CARTESIAN_POINT('',(-0.73462203589,49.995706465188,
    1.599999999999));
#2943 = CARTESIAN_POINT('',(-1.138539096951,49.609183574021,
    1.600000000001));
#2944 = CARTESIAN_POINT('',(-1.29033947178,49.076407011865,1.6));
#2945 = CARTESIAN_POINT('',(-1.138539096951,48.543630449673,
    1.599999999999));
#2946 = CARTESIAN_POINT('',(-0.734622035891,48.157107558499,
    1.600000000001));
#2947 = CARTESIAN_POINT('',(-0.205800914753,48.003551266244,1.6));
#2948 = CARTESIAN_POINT('',(0.303747776674,48.090024961978,1.6));
#2949 = CARTESIAN_POINT('',(0.681030370118,48.358236402794,1.6));
#2950 = CARTESIAN_POINT('',(0.869676814387,48.717321773596,1.6));
#2951 = CARTESIAN_POINT('',(0.869676814387,49.076407011852,1.6));
#2952 = PCURVE('',#2578,#2953);
#2953 = DEFINITIONAL_REPRESENTATION('',(#2954),#2958);
#2954 = LINE('',#2955,#2956);
#2955 = CARTESIAN_POINT('',(0.,1.));
#2956 = VECTOR('',#2957,1.);
#2957 = DIRECTION('',(1.,0.));
#2958 = ( GEOMETRIC_REPRESENTATION_CONTEXT(2) 
PARAMETRIC_REPRESENTATION_CONTEXT() REPRESENTATION_CONTEXT('2D SPACE',''
  ) );
#2959 = PCURVE('',#2960,#2965);
#2960 = PLANE('',#2961);
#2961 = AXIS2_PLACEMENT_3D('',#2962,#2963,#2964);
#2962 = CARTESIAN_POINT('',(0.869676814387,49.076407011852,1.6));
#2963 = DIRECTION('',(-2.553185307009E-16,1.075286191938E-15,-1.));
#2964 = DIRECTION('',(-1.,0.,2.553185307009E-16));
#2965 = DEFINITIONAL_REPRESENTATION('',(#2966),#2982);
#2966 = B_SPLINE_CURVE_WITH_KNOTS('',14,(#2967,#2968,#2969,#2970,#2971,
    #2972,#2973,#2974,#2975,#2976,#2977,#2978,#2979,#2980,#2981),
  .UNSPECIFIED.,.F.,.F.,(15,15),(0.,1.),.PIECEWISE_BEZIER_KNOTS.);
#2967 = CARTESIAN_POINT('',(0.,0.));
#2968 = CARTESIAN_POINT('',(-5.972999872483E-14,0.359085238253));
#2969 = CARTESIAN_POINT('',(0.188646444269,0.718170609069));
#2970 = CARTESIAN_POINT('',(0.565929037712,0.986382049851));
#2971 = CARTESIAN_POINT('',(1.075477729141,1.072855745638));
#2972 = CARTESIAN_POINT('',(1.604298850277,0.919299453336));
#2973 = CARTESIAN_POINT('',(2.008215911338,0.532776562169));
#2974 = CARTESIAN_POINT('',(2.160016286167,1.258371185031E-11));
#2975 = CARTESIAN_POINT('',(2.008215911338,-0.532776562179));
#2976 = CARTESIAN_POINT('',(1.604298850278,-0.919299453353));
#2977 = CARTESIAN_POINT('',(1.07547772914,-1.072855745608));
#2978 = CARTESIAN_POINT('',(0.565929037713,-0.986382049874));
#2979 = CARTESIAN_POINT('',(0.188646444269,-0.718170609058));
#2980 = CARTESIAN_POINT('',(-1.587618925214E-14,-0.359085238256));
#2981 = CARTESIAN_POINT('',(2.22044604925E-16,0.));
#2982 = ( GEOMETRIC_REPRESENTATION_CONTEXT(2) 
PARAMETRIC_REPRESENTATION_CONTEXT() REPRESENTATION_CONTEXT('2D SPACE',''
  ) );
#2983 = ORIENTED_EDGE('',*,*,#2895,.F.);
#2984 = ADVANCED_FACE('',(#2985),#2871,.F.);
#2985 = FACE_BOUND('',#2986,.F.);
#2986 = EDGE_LOOP('',(#2987));
#2987 = ORIENTED_EDGE('',*,*,#2557,.F.);
#2988 = ADVANCED_FACE('',(#2989),#2960,.T.);
#2989 = FACE_BOUND('',#2990,.F.);
#2990 = EDGE_LOOP('',(#2991));
#2991 = ORIENTED_EDGE('',*,*,#2934,.T.);
#2992 = ( GEOMETRIC_REPRESENTATION_CONTEXT(3) 
GLOBAL_UNCERTAINTY_ASSIGNED_CONTEXT((#2996)) 
GLOBAL_UNIT_ASSIGNED_CONTEXT((#2993,#2994,#2995)) REPRESENTATION_CONTEXT
('Context #1','3D Context with UNIT and UNCERTAINTY') );
#2993 = ( LENGTH_UNIT() NAMED_UNIT(*) SI_UNIT(.MILLI.,.METRE.) );
#2994 = ( NAMED_UNIT(*) PLANE_ANGLE_UNIT() SI_UNIT($,.RADIAN.) );
#2995 = ( NAMED_UNIT(*) SI_UNIT($,.STERADIAN.) SOLID_ANGLE_UNIT() );
#2996 = UNCERTAINTY_MEASURE_WITH_UNIT(LENGTH_MEASURE(1.E-07),#2993,
  'distance_accuracy_value','confusion accuracy');
#2997 = CONTEXT_DEPENDENT_SHAPE_REPRESENTATION(#2998,#3000);
#2998 = ( REPRESENTATION_RELATIONSHIP('','',#2550,#10) 
REPRESENTATION_RELATIONSHIP_WITH_TRANSFORMATION(#2999) 
SHAPE_REPRESENTATION_RELATIONSHIP() );
#2999 = ITEM_DEFINED_TRANSFORMATION('','',#11,#35);
#3000 = PRODUCT_DEFINITION_SHAPE('Placement','Placement of an item',
  #3001);
#3001 = NEXT_ASSEMBLY_USAGE_OCCURRENCE('6','leg_L','',#5,#2545,$);
#3002 = PRODUCT_RELATED_PRODUCT_CATEGORY('part',$,(#2547));
#3003 = SHAPE_DEFINITION_REPRESENTATION(#3004,#3010);
#3004 = PRODUCT_DEFINITION_SHAPE('','',#3005);
#3005 = PRODUCT_DEFINITION('design','',#3006,#3009);
#3006 = PRODUCT_DEFINITION_FORMATION('','',#3007);
#3007 = PRODUCT('eye_R','eye_R','',(#3008));
#3008 = PRODUCT_CONTEXT('',#2,'mechanical');
#3009 = PRODUCT_DEFINITION_CONTEXT('part definition',#2,'design');
#3010 = ADVANCED_BREP_SHAPE_REPRESENTATION('',(#11,#3011),#3112);
#3011 = MANIFOLD_SOLID_BREP('',#3012);
#3012 = CLOSED_SHELL('',(#3013,#3104,#3108));
#3013 = ADVANCED_FACE('',(#3014),#3028,.F.);
#3014 = FACE_BOUND('',#3015,.F.);
#3015 = EDGE_LOOP('',(#3016,#3049,#3076,#3077));
#3016 = ORIENTED_EDGE('',*,*,#3017,.T.);
#3017 = EDGE_CURVE('',#3018,#3020,#3022,.T.);
#3018 = VERTEX_POINT('',#3019);
#3019 = CARTESIAN_POINT('',(47.754268114958,-6.240376391928,
    323.88702859899));
#3020 = VERTEX_POINT('',#3021);
#3021 = CARTESIAN_POINT('',(53.754268114958,-6.240376391928,
    323.88702859899));
#3022 = SEAM_CURVE('',#3023,(#3027,#3042),.PCURVE_S1.);
#3023 = LINE('',#3024,#3025);
#3024 = CARTESIAN_POINT('',(47.754268114958,-6.240376391928,
    323.88702859899));
#3025 = VECTOR('',#3026,1.);
#3026 = DIRECTION('',(1.,0.,0.));
#3027 = PCURVE('',#3028,#3036);
#3028 = SURFACE_OF_LINEAR_EXTRUSION('',#3029,#3034);
#3029 = ELLIPSE('',#3030,11.,7.);
#3030 = AXIS2_PLACEMENT_3D('',#3031,#3032,#3033);
#3031 = CARTESIAN_POINT('',(47.754268114958,-17.,321.6));
#3032 = DIRECTION('',(1.,0.,-0.));
#3033 = DIRECTION('',(0.,0.978147600734,0.207911690818));
#3034 = VECTOR('',#3035,1.);
#3035 = DIRECTION('',(-1.,0.,-0.));
#3036 = DEFINITIONAL_REPRESENTATION('',(#3037),#3041);
#3037 = LINE('',#3038,#3039);
#3038 = CARTESIAN_POINT('',(0.,0.));
#3039 = VECTOR('',#3040,1.);
#3040 = DIRECTION('',(0.,-1.));
#3041 = ( GEOMETRIC_REPRESENTATION_CONTEXT(2) 
PARAMETRIC_REPRESENTATION_CONTEXT() REPRESENTATION_CONTEXT('2D SPACE',''
  ) );
#3042 = PCURVE('',#3028,#3043);
#3043 = DEFINITIONAL_REPRESENTATION('',(#3044),#3048);
#3044 = LINE('',#3045,#3046);
#3045 = CARTESIAN_POINT('',(6.28318530718,0.));
#3046 = VECTOR('',#3047,1.);
#3047 = DIRECTION('',(0.,-1.));
#3048 = ( GEOMETRIC_REPRESENTATION_CONTEXT(2) 
PARAMETRIC_REPRESENTATION_CONTEXT() REPRESENTATION_CONTEXT('2D SPACE',''
  ) );
#3049 = ORIENTED_EDGE('',*,*,#3050,.T.);
#3050 = EDGE_CURVE('',#3020,#3020,#3051,.T.);
#3051 = SURFACE_CURVE('',#3052,(#3057,#3064),.PCURVE_S1.);
#3052 = ELLIPSE('',#3053,11.,7.);
#3053 = AXIS2_PLACEMENT_3D('',#3054,#3055,#3056);
#3054 = CARTESIAN_POINT('',(53.754268114958,-17.,321.6));
#3055 = DIRECTION('',(1.,0.,-0.));
#3056 = DIRECTION('',(0.,0.978147600734,0.207911690818));
#3057 = PCURVE('',#3028,#3058);
#3058 = DEFINITIONAL_REPRESENTATION('',(#3059),#3063);
#3059 = LINE('',#3060,#3061);
#3060 = CARTESIAN_POINT('',(0.,-6.));
#3061 = VECTOR('',#3062,1.);
#3062 = DIRECTION('',(1.,0.));
#3063 = ( GEOMETRIC_REPRESENTATION_CONTEXT(2) 
PARAMETRIC_REPRESENTATION_CONTEXT() REPRESENTATION_CONTEXT('2D SPACE',''
  ) );
#3064 = PCURVE('',#3065,#3070);
#3065 = PLANE('',#3066);
#3066 = AXIS2_PLACEMENT_3D('',#3067,#3068,#3069);
#3067 = CARTESIAN_POINT('',(53.754268114958,-16.37942052177,
    321.73190824013));
#3068 = DIRECTION('',(1.,0.,0.));
#3069 = DIRECTION('',(0.,-0.207911690818,0.978147600734));
#3070 = DEFINITIONAL_REPRESENTATION('',(#3071),#3075);
#3071 = ELLIPSE('',#3072,11.,7.);
#3072 = AXIS2_PLACEMENT_2D('',#3073,#3074);
#3073 = CARTESIAN_POINT('',(1.787459069647E-14,0.634443592925));
#3074 = DIRECTION('',(0.,-1.));
#3075 = ( GEOMETRIC_REPRESENTATION_CONTEXT(2) 
PARAMETRIC_REPRESENTATION_CONTEXT() REPRESENTATION_CONTEXT('2D SPACE',''
  ) );
#3076 = ORIENTED_EDGE('',*,*,#3017,.F.);
#3077 = ORIENTED_EDGE('',*,*,#3078,.F.);
#3078 = EDGE_CURVE('',#3018,#3018,#3079,.T.);
#3079 = SURFACE_CURVE('',#3080,(#3085,#3092),.PCURVE_S1.);
#3080 = ELLIPSE('',#3081,11.,7.);
#3081 = AXIS2_PLACEMENT_3D('',#3082,#3083,#3084);
#3082 = CARTESIAN_POINT('',(47.754268114958,-17.,321.6));
#3083 = DIRECTION('',(1.,0.,-0.));
#3084 = DIRECTION('',(0.,0.978147600734,0.207911690818));
#3085 = PCURVE('',#3028,#3086);
#3086 = DEFINITIONAL_REPRESENTATION('',(#3087),#3091);
#3087 = LINE('',#3088,#3089);
#3088 = CARTESIAN_POINT('',(0.,0.));
#3089 = VECTOR('',#3090,1.);
#3090 = DIRECTION('',(1.,0.));
#3091 = ( GEOMETRIC_REPRESENTATION_CONTEXT(2) 
PARAMETRIC_REPRESENTATION_CONTEXT() REPRESENTATION_CONTEXT('2D SPACE',''
  ) );
#3092 = PCURVE('',#3093,#3098);
#3093 = PLANE('',#3094);
#3094 = AXIS2_PLACEMENT_3D('',#3095,#3096,#3097);
#3095 = CARTESIAN_POINT('',(47.754268114958,-16.37942052177,
    321.73190824013));
#3096 = DIRECTION('',(1.,0.,0.));
#3097 = DIRECTION('',(0.,-0.207911690818,0.978147600734));
#3098 = DEFINITIONAL_REPRESENTATION('',(#3099),#3103);
#3099 = ELLIPSE('',#3100,11.,7.);
#3100 = AXIS2_PLACEMENT_2D('',#3101,#3102);
#3101 = CARTESIAN_POINT('',(1.787459069647E-14,0.634443592925));
#3102 = DIRECTION('',(0.,-1.));
#3103 = ( GEOMETRIC_REPRESENTATION_CONTEXT(2) 
PARAMETRIC_REPRESENTATION_CONTEXT() REPRESENTATION_CONTEXT('2D SPACE',''
  ) );
#3104 = ADVANCED_FACE('',(#3105),#3093,.F.);
#3105 = FACE_BOUND('',#3106,.F.);
#3106 = EDGE_LOOP('',(#3107));
#3107 = ORIENTED_EDGE('',*,*,#3078,.T.);
#3108 = ADVANCED_FACE('',(#3109),#3065,.T.);
#3109 = FACE_BOUND('',#3110,.T.);
#3110 = EDGE_LOOP('',(#3111));
#3111 = ORIENTED_EDGE('',*,*,#3050,.T.);
#3112 = ( GEOMETRIC_REPRESENTATION_CONTEXT(3) 
GLOBAL_UNCERTAINTY_ASSIGNED_CONTEXT((#3116)) 
GLOBAL_UNIT_ASSIGNED_CONTEXT((#3113,#3114,#3115)) REPRESENTATION_CONTEXT
('Context #1','3D Context with UNIT and UNCERTAINTY') );
#3113 = ( LENGTH_UNIT() NAMED_UNIT(*) SI_UNIT(.MILLI.,.METRE.) );
#3114 = ( NAMED_UNIT(*) PLANE_ANGLE_UNIT() SI_UNIT($,.RADIAN.) );
#3115 = ( NAMED_UNIT(*) SI_UNIT($,.STERADIAN.) SOLID_ANGLE_UNIT() );
#3116 = UNCERTAINTY_MEASURE_WITH_UNIT(LENGTH_MEASURE(1.E-07),#3113,
  'distance_accuracy_value','confusion accuracy');
#3117 = CONTEXT_DEPENDENT_SHAPE_REPRESENTATION(#3118,#3120);
#3118 = ( REPRESENTATION_RELATIONSHIP('','',#3010,#10) 
REPRESENTATION_RELATIONSHIP_WITH_TRANSFORMATION(#3119) 
SHAPE_REPRESENTATION_RELATIONSHIP() );
#3119 = ITEM_DEFINED_TRANSFORMATION('','',#11,#39);
#3120 = PRODUCT_DEFINITION_SHAPE('Placement','Placement of an item',
  #3121);
#3121 = NEXT_ASSEMBLY_USAGE_OCCURRENCE('7','eye_R','',#5,#3005,$);
#3122 = PRODUCT_RELATED_PRODUCT_CATEGORY('part',$,(#3007));
#3123 = SHAPE_DEFINITION_REPRESENTATION(#3124,#3130);
#3124 = PRODUCT_DEFINITION_SHAPE('','',#3125);
#3125 = PRODUCT_DEFINITION('design','',#3126,#3129);
#3126 = PRODUCT_DEFINITION_FORMATION('','',#3127);
#3127 = PRODUCT('arm_R','arm_R','',(#3128));
#3128 = PRODUCT_CONTEXT('',#2,'mechanical');
#3129 = PRODUCT_DEFINITION_CONTEXT('part definition',#2,'design');
#3130 = ADVANCED_BREP_SHAPE_REPRESENTATION('',(#11,#3131),#3572);
#3131 = MANIFOLD_SOLID_BREP('',#3132);
#3132 = CLOSED_SHELL('',(#3133,#3564,#3568));
#3133 = ADVANCED_FACE('',(#3134),#3158,.F.);
#3134 = FACE_BOUND('',#3135,.F.);
#3135 = EDGE_LOOP('',(#3136,#3474,#3513,#3563));
#3136 = ORIENTED_EDGE('',*,*,#3137,.T.);
#3137 = EDGE_CURVE('',#3138,#3138,#3140,.T.);
#3138 = VERTEX_POINT('',#3139);
#3139 = CARTESIAN_POINT('',(1.387670481598,-78.18973012684,250.65));
#3140 = SURFACE_CURVE('',#3141,(#3157,#3450),.PCURVE_S1.);
#3141 = B_SPLINE_CURVE_WITH_KNOTS('',14,(#3142,#3143,#3144,#3145,#3146,
    #3147,#3148,#3149,#3150,#3151,#3152,#3153,#3154,#3155,#3156),
  .UNSPECIFIED.,.T.,.F.,(15,15),(0.,1.),.PIECEWISE_BEZIER_KNOTS.);
#3142 = CARTESIAN_POINT('',(1.387670481598,-78.18973012684,250.65));
#3143 = CARTESIAN_POINT('',(1.387670481598,-77.6167678755,
    250.64999999999));
#3144 = CARTESIAN_POINT('',(1.086663144344,-77.04380541271,
    250.65000000002));
#3145 = CARTESIAN_POINT('',(0.484664896856,-76.61584287171,
    250.64999999995));
#3146 = CARTESIAN_POINT('',(-0.3283792896,-76.47786403538,
    250.65000000006));
#3147 = CARTESIAN_POINT('',(-1.172174878612,-76.7228809546,
    250.64999999995));
#3148 = CARTESIAN_POINT('',(-1.816671516186,-77.33962317183,
    250.64999999997));
#3149 = CARTESIAN_POINT('',(-2.058886665264,-78.18973012686,
    250.65000000006));
#3150 = CARTESIAN_POINT('',(-1.816671516185,-79.03983708184,
    250.64999999997));
#3151 = CARTESIAN_POINT('',(-1.172174878614,-79.65657929907,
    250.64999999995));
#3152 = CARTESIAN_POINT('',(-0.328379289598,-79.90159621834,
    250.65000000008));
#3153 = CARTESIAN_POINT('',(0.484664896855,-79.76361738195,
    250.64999999992));
#3154 = CARTESIAN_POINT('',(1.086663144344,-79.33565484099,
    250.65000000003));
#3155 = CARTESIAN_POINT('',(1.387670481598,-78.76269237818,
    250.64999999998));
#3156 = CARTESIAN_POINT('',(1.387670481598,-78.18973012684,250.65));
#3157 = PCURVE('',#3158,#3444);
#3158 = ( BOUNDED_SURFACE() B_SPLINE_SURFACE(14,3,(
    (#3159,#3160,#3161,#3162,#3163,#3164,#3165,#3166,#3167,#3168,#3169
      ,#3170,#3171,#3172,#3173,#3174,#3175,#3176,#3177)
    ,(#3178,#3179,#3180,#3181,#3182,#3183,#3184,#3185,#3186,#3187,#3188
      ,#3189,#3190,#3191,#3192,#3193,#3194,#3195,#3196)
    ,(#3197,#3198,#3199,#3200,#3201,#3202,#3203,#3204,#3205,#3206,#3207
      ,#3208,#3209,#3210,#3211,#3212,#3213,#3214,#3215)
    ,(#3216,#3217,#3218,#3219,#3220,#3221,#3222,#3223,#3224,#3225,#3226
      ,#3227,#3228,#3229,#3230,#3231,#3232,#3233,#3234)
    ,(#3235,#3236,#3237,#3238,#3239,#3240,#3241,#3242,#3243,#3244,#3245
      ,#3246,#3247,#3248,#3249,#3250,#3251,#3252,#3253)
    ,(#3254,#3255,#3256,#3257,#3258,#3259,#3260,#3261,#3262,#3263,#3264
      ,#3265,#3266,#3267,#3268,#3269,#3270,#3271,#3272)
    ,(#3273,#3274,#3275,#3276,#3277,#3278,#3279,#3280,#3281,#3282,#3283
      ,#3284,#3285,#3286,#3287,#3288,#3289,#3290,#3291)
    ,(#3292,#3293,#3294,#3295,#3296,#3297,#3298,#3299,#3300,#3301,#3302
      ,#3303,#3304,#3305,#3306,#3307,#3308,#3309,#3310)
    ,(#3311,#3312,#3313,#3314,#3315,#3316,#3317,#3318,#3319,#3320,#3321
      ,#3322,#3323,#3324,#3325,#3326,#3327,#3328,#3329)
    ,(#3330,#3331,#3332,#3333,#3334,#3335,#3336,#3337,#3338,#3339,#3340
      ,#3341,#3342,#3343,#3344,#3345,#3346,#3347,#3348)
    ,(#3349,#3350,#3351,#3352,#3353,#3354,#3355,#3356,#3357,#3358,#3359
      ,#3360,#3361,#3362,#3363,#3364,#3365,#3366,#3367)
    ,(#3368,#3369,#3370,#3371,#3372,#3373,#3374,#3375,#3376,#3377,#3378
      ,#3379,#3380,#3381,#3382,#3383,#3384,#3385,#3386)
    ,(#3387,#3388,#3389,#3390,#3391,#3392,#3393,#3394,#3395,#3396,#3397
      ,#3398,#3399,#3400,#3401,#3402,#3403,#3404,#3405)
    ,(#3406,#3407,#3408,#3409,#3410,#3411,#3412,#3413,#3414,#3415,#3416
      ,#3417,#3418,#3419,#3420,#3421,#3422,#3423,#3424)
    ,(#3425,#3426,#3427,#3428,#3429,#3430,#3431,#3432,#3433,#3434,#3435
      ,#3436,#3437,#3438,#3439,#3440,#3441,#3442,#3443
)),.UNSPECIFIED.,.T.,.F.,.F.) B_SPLINE_SURFACE_WITH_KNOTS((15,15),(4,1,1
    ,1,1,1,1,1,1,1,1,1,1,1,1,1,4),(0.,1.),(0.,8.870780560762E-02,
    0.168735915902,0.23608723762,0.293697226228,0.350326545089,
    0.407739338453,0.466136813089,0.525343880785,0.584957658921,
    0.644477655999,0.703425065581,0.761464630681,0.81854132722,
    0.875086524375,0.934359648828,1.),.UNSPECIFIED.) 
GEOMETRIC_REPRESENTATION_ITEM() RATIONAL_B_SPLINE_SURFACE((
    (1.,1.000000000035,0.999999999985,1.000000000003,0.999999999999,1.
      ,1.,1.,1.,1.,1.,1.,1.,1.,1.,1.000000000001,0.999999999997
      ,1.000000000008,1.)
    ,(1.,1.000000000035,0.999999999985,1.000000000003,0.999999999999,1.
      ,1.,1.,1.,1.,1.,1.,1.,1.,1.,1.000000000001,0.999999999997
      ,1.000000000008,1.)
    ,(1.,1.000000000035,0.999999999985,1.000000000003,0.999999999999,1.
      ,1.,1.,1.,1.,1.,1.,1.,1.,1.,1.000000000001,0.999999999997
      ,1.000000000008,1.)
    ,(1.,1.000000000035,0.999999999985,1.000000000003,0.999999999999,1.
      ,1.,1.,1.,1.,1.,1.,1.,1.,1.,1.000000000001,0.999999999997
      ,1.000000000008,1.)
    ,(1.,1.000000000035,0.999999999985,1.000000000003,0.999999999999,1.
      ,1.,1.,1.,1.,1.,1.,1.,1.,1.,1.000000000001,0.999999999997
      ,1.000000000008,1.)
    ,(1.,1.000000000035,0.999999999985,1.000000000003,0.999999999999,1.
      ,1.,1.,1.,1.,1.,1.,1.,1.,1.,1.000000000001,0.999999999997
      ,1.000000000008,1.)
    ,(1.,1.000000000035,0.999999999985,1.000000000003,0.999999999999,1.
      ,1.,1.,1.,1.,1.,1.,1.,1.,1.,1.000000000001,0.999999999997
      ,1.000000000008,1.)
    ,(1.,1.000000000035,0.999999999985,1.000000000003,0.999999999999,1.
      ,1.,1.,1.,1.,1.,1.,1.,1.,1.,1.000000000001,0.999999999997
      ,1.000000000008,1.)
    ,(1.,1.000000000035,0.999999999985,1.000000000003,0.999999999999,1.
      ,1.,1.,1.,1.,1.,1.,1.,1.,1.,1.000000000001,0.999999999997
      ,1.000000000008,1.)
    ,(1.,1.000000000035,0.999999999985,1.000000000003,0.999999999999,1.
      ,1.,1.,1.,1.,1.,1.,1.,1.,1.,1.000000000001,0.999999999997
      ,1.000000000008,1.)
    ,(1.,1.000000000035,0.999999999985,1.000000000003,0.999999999999,1.
      ,1.,1.,1.,1.,1.,1.,1.,1.,1.,1.000000000001,0.999999999997
      ,1.000000000008,1.)
    ,(1.,1.000000000035,0.999999999985,1.000000000003,0.999999999999,1.
      ,1.,1.,1.,1.,1.,1.,1.,1.,1.,1.000000000001,0.999999999997
      ,1.000000000008,1.)
    ,(1.,1.000000000035,0.999999999985,1.000000000003,0.999999999999,1.
      ,1.,1.,1.,1.,1.,1.,1.,1.,1.,1.000000000001,0.999999999997
      ,1.000000000008,1.)
    ,(1.,1.000000000035,0.999999999985,1.000000000003,0.999999999999,1.
      ,1.,1.,1.,1.,1.,1.,1.,1.,1.,1.000000000001,0.999999999997
      ,1.000000000008,1.)
    ,(1.,1.000000000035,0.999999999985,1.000000000003,0.999999999999,1.
      ,1.,1.,1.,1.,1.,1.,1.,1.,1.,1.000000000001,0.999999999997
,1.000000000008,1.))) REPRESENTATION_ITEM('') SURFACE() );
#3159 = CARTESIAN_POINT('',(1.387670481598,-78.18973012684,250.65));
#3160 = CARTESIAN_POINT('',(5.480163940468,-78.16003297748,
    250.86130616074));
#3161 = CARTESIAN_POINT('',(8.853394287342,-79.46522019034,
    241.57441663639));
#3162 = CARTESIAN_POINT('',(16.304587912123,-80.37745462416,
    235.08353134761));
#3163 = CARTESIAN_POINT('',(21.081604249518,-81.58221968174,
    226.51118253826));
#3164 = CARTESIAN_POINT('',(22.439048447007,-82.83230076448,
    217.61639345079));
#3165 = CARTESIAN_POINT('',(21.657260314288,-84.00844880096,
    209.24766532313));
#3166 = CARTESIAN_POINT('',(20.442476836774,-85.17242235623,
    200.96556313027));
#3167 = CARTESIAN_POINT('',(18.614120498463,-86.33249885377,
    192.71118994408));
#3168 = CARTESIAN_POINT('',(16.466318869638,-87.49052110892,
    184.47143345187));
#3169 = CARTESIAN_POINT('',(14.158977270226,-88.64767449359,
    176.23785929447));
#3170 = CARTESIAN_POINT('',(11.889450816578,-89.8050557261,
    168.00266391537));
#3171 = CARTESIAN_POINT('',(9.835050512215,-90.96355825169,
    159.75949012154));
#3172 = CARTESIAN_POINT('',(8.216159312745,-92.125248971,151.49363115044
    ));
#3173 = CARTESIAN_POINT('',(7.11479286851,-93.28979300976,
    143.20746975722));
#3174 = CARTESIAN_POINT('',(7.143212964613,-94.48437051104,
    134.70760917159));
#3175 = CARTESIAN_POINT('',(5.929522388448,-95.69582567216,
    126.08765780622));
#3176 = CARTESIAN_POINT('',(-0.109442592535,-96.38707144846,
    121.1691885167));
#3177 = CARTESIAN_POINT('',(0.8,-96.78328255797,118.35));
#3178 = CARTESIAN_POINT('',(1.387670481598,-77.6167678755,
    250.64999999999));
#3179 = CARTESIAN_POINT('',(5.480163943059,-75.89730050627,
    250.86130614384));
#3180 = CARTESIAN_POINT('',(8.853394286256,-75.80969764757,
    241.57441664352));
#3181 = CARTESIAN_POINT('',(16.304587912353,-73.64537123681,
    235.08353134612));
#3182 = CARTESIAN_POINT('',(21.081604249472,-72.87772996824,
    226.51118253852));
#3183 = CARTESIAN_POINT('',(22.439048447019,-73.56732908247,
    217.61639345072));
#3184 = CARTESIAN_POINT('',(21.657260314289,-75.06627355691,
    209.24766532314));
#3185 = CARTESIAN_POINT('',(20.442476836779,-76.73182517804,
    200.96556313028));
#3186 = CARTESIAN_POINT('',(18.614120498468,-78.64682092889,
    192.71118994407));
#3187 = CARTESIAN_POINT('',(16.466318869641,-80.69165981162,
    184.47143345186));
#3188 = CARTESIAN_POINT('',(14.158977270228,-82.80150308551,
    176.23785929444));
#3189 = CARTESIAN_POINT('',(11.889450816581,-84.89596052135,
    168.0026639154));
#3190 = CARTESIAN_POINT('',(9.835050512217,-86.90271473143,
    159.75949012149));
#3191 = CARTESIAN_POINT('',(8.216159312748,-88.73283758836,
    151.49363115044));
#3192 = CARTESIAN_POINT('',(7.114792868505,-90.35213036303,
    143.20746975741));
#3193 = CARTESIAN_POINT('',(7.14321296464,-91.53497334779,
    134.70760917095));
#3194 = CARTESIAN_POINT('',(5.929522388342,-93.2475553211,126.0876578089
    ));
#3195 = CARTESIAN_POINT('',(-0.109442592273,-96.43225975164,
    121.16918851031));
#3196 = CARTESIAN_POINT('',(0.8,-96.45296653038,118.34999999999));
#3197 = CARTESIAN_POINT('',(1.086663144344,-77.04380541271,
    250.65000000002));
#3198 = CARTESIAN_POINT('',(4.291437655599,-73.63456719102,
    250.86130615918));
#3199 = CARTESIAN_POINT('',(6.932965931319,-72.15417375909,
    241.57441663691));
#3200 = CARTESIAN_POINT('',(12.767888638367,-66.91328536389,
    235.08353134742));
#3201 = CARTESIAN_POINT('',(16.508701531125,-64.17323704204,
    226.51118253854));
#3202 = CARTESIAN_POINT('',(17.571696587093,-64.30235398047,
    217.61639345077));
#3203 = CARTESIAN_POINT('',(16.959489527897,-66.12409501218,
    209.2476653232));
#3204 = CARTESIAN_POINT('',(16.008210032365,-68.29122488412,
    200.9655631302));
#3205 = CARTESIAN_POINT('',(14.57645044123,-70.96114016705,
    192.71118994416));
#3206 = CARTESIAN_POINT('',(12.894537830711,-73.89279600471,
    184.47143345194));
#3207 = CARTESIAN_POINT('',(11.087691760422,-76.95532951951,
    176.23785929461));
#3208 = CARTESIAN_POINT('',(9.31045818764,-79.9868635045,168.00266391521
    ));
#3209 = CARTESIAN_POINT('',(7.70168681312,-82.84186971215,
    159.75949012182));
#3210 = CARTESIAN_POINT('',(6.433956363404,-85.34042495337,
    151.49363115022));
#3211 = CARTESIAN_POINT('',(5.571492120179,-87.4144666321,
    143.20746975726));
#3212 = CARTESIAN_POINT('',(5.593747480636,-88.58557509575,
    134.70760917126));
#3213 = CARTESIAN_POINT('',(4.643323855484,-90.79928406671,
    126.08765780756));
#3214 = CARTESIAN_POINT('',(-8.570298982873E-02,-96.47744807073,
    121.16918851347));
#3215 = CARTESIAN_POINT('',(0.626467541829,-96.12265038093,
    118.35000000003));
#3216 = CARTESIAN_POINT('',(0.484664896856,-76.61584287171,
    250.64999999995));
#3217 = CARTESIAN_POINT('',(1.913983823267,-71.94446501267,
    250.86130616779));
#3218 = CARTESIAN_POINT('',(3.092106656251,-69.42375529387,
    241.57441663374));
#3219 = CARTESIAN_POINT('',(5.694485592429,-61.8848921205,
    235.08353134829));
#3220 = CARTESIAN_POINT('',(7.362890243545,-57.67159487196,
    226.51118253736));
#3221 = CARTESIAN_POINT('',(7.836986645954,-57.38207116392,
    217.61639345077));
#3222 = CARTESIAN_POINT('',(7.563941949234,-59.44491845231,
    209.24766532288));
#3223 = CARTESIAN_POINT('',(7.139670754933,-61.98669189508,
    200.96556313041));
#3224 = CARTESIAN_POINT('',(6.501105165074,-65.22047881341,
    192.7111899438));
#3225 = CARTESIAN_POINT('',(5.750971186757,-68.81452435709,
    184.47143345162));
#3226 = CARTESIAN_POINT('',(4.945116814393,-72.58865027558,
    176.23785929402));
#3227 = CARTESIAN_POINT('',(4.152469633193,-76.32011433827,
    168.00266391576));
#3228 = CARTESIAN_POINT('',(3.434956686317,-79.80870494949,
    159.75949012072));
#3229 = CARTESIAN_POINT('',(2.869548191342,-82.80653202834,
    151.49363115089));
#3230 = CARTESIAN_POINT('',(2.484888632477,-85.22023905801,
    143.20746975754));
#3231 = CARTESIAN_POINT('',(2.494814600143,-86.3825826624,134.7076091707
    ));
#3232 = CARTESIAN_POINT('',(2.070924864376,-88.97059815048,
    126.08765780982));
#3233 = CARTESIAN_POINT('',(-3.822308207198E-02,-96.51120055445,
    121.16918850804));
#3234 = CARTESIAN_POINT('',(0.279412095758,-95.87592751881,
    118.34999999991));
#3235 = CARTESIAN_POINT('',(-0.3283792896,-76.47786403538,
    250.65000000006));
#3236 = CARTESIAN_POINT('',(-1.296665609577,-71.39956142522,
    250.86130615443));
#3237 = CARTESIAN_POINT('',(-2.094806791534,-68.54344468125,
    241.57441663861));
#3238 = CARTESIAN_POINT('',(-3.857838626964,-60.26369451192,
    235.08353134713));
#3239 = CARTESIAN_POINT('',(-4.988131329005,-55.57540902442,
    226.51118254013));
#3240 = CARTESIAN_POINT('',(-5.309317050069,-55.15091193835,
    217.61639345108));
#3241 = CARTESIAN_POINT('',(-5.124337675768,-57.29149397677,
    209.24766532378));
#3242 = CARTESIAN_POINT('',(-4.836907011387,-59.95405575616,
    200.96556313011));
#3243 = CARTESIAN_POINT('',(-4.404298493962,-63.36963978302,
    192.71118994478));
#3244 = CARTESIAN_POINT('',(-3.896105830326,-67.17724551545,
    184.47143345251));
#3245 = CARTESIAN_POINT('',(-3.350164315725,-71.18079499933,
    176.23785929551));
#3246 = CARTESIAN_POINT('',(-2.813170267567,-75.13792259173,
    168.00266391467));
#3247 = CARTESIAN_POINT('',(-2.327077344332,-78.83078631185,
    159.75949012342));
#3248 = CARTESIAN_POINT('',(-1.944030518102,-81.98958296279,
    151.49363114944));
#3249 = CARTESIAN_POINT('',(-1.683435469456,-84.51280105035,
    143.20746975715));
#3250 = CARTESIAN_POINT('',(-1.690160180138,-85.67231878788,
    134.70760917169));
#3251 = CARTESIAN_POINT('',(-1.402987240693,-88.38101394116,
    126.08765780641));
#3252 = CARTESIAN_POINT('',(2.589361252238E-02,-96.52208265666,
    121.16918851674));
#3253 = CARTESIAN_POINT('',(-0.189312545856,-95.79638192757,
    118.35000000013));
#3254 = CARTESIAN_POINT('',(-1.172174878612,-76.7228809546,
    250.64999999995));
#3255 = CARTESIAN_POINT('',(-4.629507626152,-72.36717793471,
    250.8613061231));
#3256 = CARTESIAN_POINT('',(-7.479132629943,-70.10666262934,
    241.57441665259));
#3257 = CARTESIAN_POINT('',(-13.77371888856,-63.14254792218,
    235.08353134378));
#3258 = CARTESIAN_POINT('',(-17.80922617997,-59.29772624273,
    226.51118253584));
#3259 = CARTESIAN_POINT('',(-18.95596196403,-59.11290911185,
    217.61639344974));
#3260 = CARTESIAN_POINT('',(-18.29552638626,-61.11545310412,
    209.24766532196));
#3261 = CARTESIAN_POINT('',(-17.26930686951,-63.56352411895,
    200.96556313026));
#3262 = CARTESIAN_POINT('',(-15.72475593696,-66.65628061201,
    192.71118994275));
#3263 = CARTESIAN_POINT('',(-13.91034539729,-70.08465529064,
    184.4714334506));
#3264 = CARTESIAN_POINT('',(-11.96115937467,-73.68080421473,
    176.23785929259));
#3265 = CARTESIAN_POINT('',(-10.04391866325,-77.23720815787,
    168.0026639163));
#3266 = CARTESIAN_POINT('',(-8.308411299231,-80.56733242359,
    159.75949011826));
#3267 = CARTESIAN_POINT('',(-6.940811381253,-83.44028618979,
    151.49363115184));
#3268 = CARTESIAN_POINT('',(-6.010403946759,-85.76903922194,
    143.20746975752));
#3269 = CARTESIAN_POINT('',(-6.034412062492,-86.93357501368,
    134.7076091698));
#3270 = CARTESIAN_POINT('',(-5.009117783968,-89.42797237406,
    126.0876578119));
#3271 = CARTESIAN_POINT('',(9.24582472147E-02,-96.50275868905,
    121.16918850173));
#3272 = CARTESIAN_POINT('',(-0.675765547603,-95.93763558814,
    118.34999999987));
#3273 = CARTESIAN_POINT('',(-1.816671516186,-77.33962317183,
    250.64999999997));
#3274 = CARTESIAN_POINT('',(-7.173765515126,-74.80280550102,
    250.86130617183));
#3275 = CARTESIAN_POINT('',(-11.58946132156,-74.0415031307,
    241.5744166316));
#3276 = CARTESIAN_POINT('',(-21.34338571807,-70.38902886753,
    235.08353134968));
#3277 = CARTESIAN_POINT('',(-27.59669905598,-68.66732480481,
    226.51118254249));
#3278 = CARTESIAN_POINT('',(-29.3736501733,-69.08581598799,
    217.61639345249));
#3279 = CARTESIAN_POINT('',(-28.35025689228,-70.74089871366,
    209.24766532491));
#3280 = CARTESIAN_POINT('',(-26.76005466538,-72.64906614953,
    200.9655631306));
#3281 = CARTESIAN_POINT('',(-24.36665997207,-74.92922011621,
    192.71118994606));
#3282 = CARTESIAN_POINT('',(-21.5550980735,-77.4030166329,
    184.47143345382));
#3283 = CARTESIAN_POINT('',(-18.53469169863,-79.97368076631,
    176.23785929715));
#3284 = CARTESIAN_POINT('',(-15.56378693216,-82.52140664324,
    168.00266391444));
#3285 = CARTESIAN_POINT('',(-12.87449124608,-84.93846443106,
    159.75949012619));
#3286 = CARTESIAN_POINT('',(-10.755295213,-87.09191125194,
    151.49363114865));
#3287 = CARTESIAN_POINT('',(-9.31356039889,-88.93116826478,
    143.20746975744));
#3288 = CARTESIAN_POINT('',(-9.350764275493,-90.10833520429,
    134.70760917276));
#3289 = CARTESIAN_POINT('',(-7.761989522817,-92.06331471807,
    126.08765780454));
#3290 = CARTESIAN_POINT('',(0.14325880734,-96.45411756682,121.1691885234
    ));
#3291 = CARTESIAN_POINT('',(-1.047321559565,-96.29319101751,
    118.35000000005));
#3292 = CARTESIAN_POINT('',(-2.058886665264,-78.18973012686,
    250.65000000006));
#3293 = CARTESIAN_POINT('',(-8.131621220515,-78.16003297078,
    250.86130613435));
#3294 = CARTESIAN_POINT('',(-13.13692083569,-79.46522019261,
    241.57441664728));
#3295 = CARTESIAN_POINT('',(-24.19321364078,-80.3774546214,
    235.08353134361));
#3296 = CARTESIAN_POINT('',(-31.28148741433,-81.58221967903,
    226.51118253366));
#3297 = CARTESIAN_POINT('',(-33.29570187603,-82.83230076429,
    217.61639344838));
#3298 = CARTESIAN_POINT('',(-32.13566229959,-84.00844879935,
    209.24766532111));
#3299 = CARTESIAN_POINT('',(-30.33313182614,-85.17242235656,
    200.96556312957));
#3300 = CARTESIAN_POINT('',(-27.62016439773,-86.33249885288,
    192.71118994175));
#3301 = CARTESIAN_POINT('',(-24.43319490883,-87.4905211077,
    184.47143344951));
#3302 = CARTESIAN_POINT('',(-21.00949545039,-88.64767449244,
    176.2378592914));
#3303 = CARTESIAN_POINT('',(-17.64190718026,-89.80505572544,
    168.00266391605));
#3304 = CARTESIAN_POINT('',(-14.593529267,-90.96355825132,
    159.75949011622));
#3305 = CARTESIAN_POINT('',(-12.19137213456,-92.12524897162,
    151.49363115222));
#3306 = CARTESIAN_POINT('',(-10.55713334806,-93.28979300758,
    143.20746975686));
#3307 = CARTESIAN_POINT('',(-10.59930298286,-94.48437050998,
    134.70760916971));
#3308 = CARTESIAN_POINT('',(-8.798397897072,-95.69582567376,
    126.08765780981));
#3309 = CARTESIAN_POINT('',(0.162401178275,-96.38707144043,
    121.16918850435));
#3310 = CARTESIAN_POINT('',(-1.186959983695,-96.783282558,
    118.35000000003));
#3311 = CARTESIAN_POINT('',(-1.816671516185,-79.03983708184,
    250.64999999997));
#3312 = CARTESIAN_POINT('',(-7.1737655196,-81.51726049639,
    250.86130614422));
#3313 = CARTESIAN_POINT('',(-11.58946131967,-84.88893723312,
    241.57441664372));
#3314 = CARTESIAN_POINT('',(-21.34338571848,-90.36588038849,
    235.083531348));
#3315 = CARTESIAN_POINT('',(-27.59669905589,-94.49711456301,
    226.5111825433));
#3316 = CARTESIAN_POINT('',(-29.37365017331,-96.57878554143,
    217.61639345317));
#3317 = CARTESIAN_POINT('',(-28.35025689232,-97.27599889114,
    209.24766532501));
#3318 = CARTESIAN_POINT('',(-26.76005466535,-97.69577856234,
    200.96556313116));
#3319 = CARTESIAN_POINT('',(-24.36665997208,-97.7357775929,
    192.71118994628));
#3320 = CARTESIAN_POINT('',(-21.5550980735,-97.57802558716,
    184.47143345416));
#3321 = CARTESIAN_POINT('',(-18.53469169864,-97.32166822294,
    176.23785929731));
#3322 = CARTESIAN_POINT('',(-15.56378693217,-97.08870481017,
    168.00266391504));
#3323 = CARTESIAN_POINT('',(-12.87449124608,-96.98865207297,
    159.7594901265));
#3324 = CARTESIAN_POINT('',(-10.755295213,-97.15858668895,
    151.49363114893));
#3325 = CARTESIAN_POINT('',(-9.313560398883,-97.64841775857,
    143.20746975777));
#3326 = CARTESIAN_POINT('',(-9.350764275532,-98.86040582012,
    134.70760917324));
#3327 = CARTESIAN_POINT('',(-7.761989522711,-99.32833662152,
    126.08765780371));
#3328 = CARTESIAN_POINT('',(0.143258807116,-96.32002534891,
    121.16918852678));
#3329 = CARTESIAN_POINT('',(-1.047321559564,-97.27337409841,
    118.34999999991));
#3330 = CARTESIAN_POINT('',(-1.172174878614,-79.65657929907,
    250.64999999995));
#3331 = CARTESIAN_POINT('',(-4.629507626439,-83.9528880099,
    250.86130613914));
#3332 = CARTESIAN_POINT('',(-7.479132629833,-88.82377775503,
    241.57441664507));
#3333 = CARTESIAN_POINT('',(-13.77371888856,-97.6123613223,
    235.08353134406));
#3334 = CARTESIAN_POINT('',(-17.80922617997,-103.8667131171,
    226.51118253508));
#3335 = CARTESIAN_POINT('',(-18.95596196405,-106.5516924168,
    217.61639344862));
#3336 = CARTESIAN_POINT('',(-18.29552638619,-106.9014444956,
    209.24766532181));
#3337 = CARTESIAN_POINT('',(-17.26930686955,-106.7813205939,
    200.96556312942));
#3338 = CARTESIAN_POINT('',(-15.72475593694,-106.0087170943,
    192.71118994241));
#3339 = CARTESIAN_POINT('',(-13.91034539729,-104.8963869255,
    184.47143345009));
#3340 = CARTESIAN_POINT('',(-11.96115937465,-103.6145447709,
    176.23785929233));
#3341 = CARTESIAN_POINT('',(-10.04391866324,-102.3729032934,
    168.00266391542));
#3342 = CARTESIAN_POINT('',(-8.308411299232,-101.3597840793,
    159.75949011778));
#3343 = CARTESIAN_POINT('',(-6.940811381248,-100.8102117531,
    151.4936311514));
#3344 = CARTESIAN_POINT('',(-6.010403946763,-100.8105467946,
    143.20746975708));
#3345 = CARTESIAN_POINT('',(-6.03441206246,-102.0351660069,
    134.70760916891));
#3346 = CARTESIAN_POINT('',(-5.00911778402,-101.9636789728,
    126.08765781384));
#3347 = CARTESIAN_POINT('',(9.245824729618E-02,-96.27138419622,
    121.16918849501));
#3348 = CARTESIAN_POINT('',(-0.675765547604,-97.62892952776,
    118.35000000007));
#3349 = CARTESIAN_POINT('',(-0.328379289598,-79.90159621834,
    250.65000000008));
#3350 = CARTESIAN_POINT('',(-1.296665610624,-84.92050454683,
    250.86130612729));
#3351 = CARTESIAN_POINT('',(-2.094806791085,-90.38699569259,
    241.57441665071));
#3352 = CARTESIAN_POINT('',(-3.857838627073,-100.4912147396,
    235.08353134572));
#3353 = CARTESIAN_POINT('',(-4.988131328981,-107.5890303409,
    226.51118254106));
#3354 = CARTESIAN_POINT('',(-5.309317050059,-110.5136895907,
    217.61639345201));
#3355 = CARTESIAN_POINT('',(-5.124337675829,-110.7254036263,
    209.24766532396));
#3356 = CARTESIAN_POINT('',(-4.836907011356,-110.390788956,
    200.96556313086));
#3357 = CARTESIAN_POINT('',(-4.40429849398,-109.2953579251,
    192.7111899451));
#3358 = CARTESIAN_POINT('',(-3.89610583033,-107.8037967033,
    184.47143345297));
#3359 = CARTESIAN_POINT('',(-3.350164315742,-106.1145539887,
    176.23785929577));
#3360 = CARTESIAN_POINT('',(-2.813170267576,-104.4721888609,
    168.00266391543));
#3361 = CARTESIAN_POINT('',(-2.327077344331,-103.0963301917,
    159.75949012386));
#3362 = CARTESIAN_POINT('',(-1.944030518106,-102.2609149786,
    151.49363114981));
#3363 = CARTESIAN_POINT('',(-1.683435469458,-102.0667849708,
    143.20746975764));
#3364 = CARTESIAN_POINT('',(-1.690160180148,-103.2964222352,
    134.70760917219));
#3365 = CARTESIAN_POINT('',(-1.402987240719,-103.0106374006,
    126.0876578059));
#3366 = CARTESIAN_POINT('',(2.58936126221E-02,-96.25206024947,
    121.16918851982));
#3367 = CARTESIAN_POINT('',(-0.189312545854,-97.77018318844,
    118.34999999996));
#3368 = CARTESIAN_POINT('',(0.484664896855,-79.76361738195,
    250.64999999992));
#3369 = CARTESIAN_POINT('',(1.913983824246,-84.3756009301,
    250.86130613735));
#3370 = CARTESIAN_POINT('',(3.092106655835,-89.5066850918,
    241.57441664608));
#3371 = CARTESIAN_POINT('',(5.694485592526,-98.87001712589,
    235.08353134496));
#3372 = CARTESIAN_POINT('',(7.362890243525,-105.4928444907,
    226.51118253765));
#3373 = CARTESIAN_POINT('',(7.83698664595,-108.2825303649,
    217.61639344999));
#3374 = CARTESIAN_POINT('',(7.56394194927,-108.571979149,209.24766532281
    ));
#3375 = CARTESIAN_POINT('',(7.139670754914,-108.3581528175,
    200.96556312993));
#3376 = CARTESIAN_POINT('',(6.501105165085,-107.4445188938,
    192.71118994359));
#3377 = CARTESIAN_POINT('',(5.750971186759,-106.1665178603,
    184.47143345134));
#3378 = CARTESIAN_POINT('',(4.945116814403,-104.7066987112,
    176.23785929384));
#3379 = CARTESIAN_POINT('',(4.152469633199,-103.2899971137,
    168.0026639153));
#3380 = CARTESIAN_POINT('',(3.434956686316,-102.1184115538,
    159.75949012042));
#3381 = CARTESIAN_POINT('',(2.869548191345,-101.4439659139,
    151.4936311507));
#3382 = CARTESIAN_POINT('',(2.484888632476,-101.3593469607,
    143.20746975711));
#3383 = CARTESIAN_POINT('',(2.494814600154,-102.5861583589,
    134.70760917089));
#3384 = CARTESIAN_POINT('',(2.070924864369,-102.4210531959,
    126.08765780808));
#3385 = CARTESIAN_POINT('',(-3.822308207843E-02,-96.26294233608,
    121.16918851104));
#3386 = CARTESIAN_POINT('',(0.279412095757,-97.69063759708,
    118.35000000001));
#3387 = CARTESIAN_POINT('',(1.086663144344,-79.33565484099,
    250.65000000003));
#3388 = CARTESIAN_POINT('',(4.291437653536,-82.68549877276,
    250.86130613124));
#3389 = CARTESIAN_POINT('',(6.932965932188,-86.77626661792,
    241.57441664883));
#3390 = CARTESIAN_POINT('',(12.767888638179,-93.84162388551,
    235.08353134518));
#3391 = CARTESIAN_POINT('',(16.508701531164,-98.99120232163,
    226.51118253918));
#3392 = CARTESIAN_POINT('',(17.571696587088,-101.3622475485,
    217.61639345091));
#3393 = CARTESIAN_POINT('',(16.959489527885,-101.8928025899,
    209.24766532329));
#3394 = CARTESIAN_POINT('',(16.008210032372,-102.0536198282,
    200.96556313039));
#3395 = CARTESIAN_POINT('',(14.576450441226,-101.7038575405,
    192.71118994425));
#3396 = CARTESIAN_POINT('',(12.89453783071,-101.0882462132,
    184.47143345206));
#3397 = CARTESIAN_POINT('',(11.087691760417,-100.3400194678,
    176.23785929469));
#3398 = CARTESIAN_POINT('',(9.310458187638,-99.62324794777,
    168.0026639154));
#3399 = CARTESIAN_POINT('',(7.701686813121,-99.08524679126,
    159.75949012193));
#3400 = CARTESIAN_POINT('',(6.433956363402,-98.91007298851,
    151.49363115035));
#3401 = CARTESIAN_POINT('',(5.571492120181,-99.1651193877,
    143.20746975726));
#3402 = CARTESIAN_POINT('',(5.593747480627,-100.3831659264,
    134.70760917186));
#3403 = CARTESIAN_POINT('',(4.643323855503,-100.5923672772,
    126.08765780548));
#3404 = CARTESIAN_POINT('',(-8.5702989866E-02,-96.29669482749,
    121.16918851893));
#3405 = CARTESIAN_POINT('',(0.626467541829,-97.44391473504,
    118.34999999999));
#3406 = CARTESIAN_POINT('',(1.387670481598,-78.76269237818,
    250.64999999998));
#3407 = CARTESIAN_POINT('',(5.480163941392,-80.4227654636,
    250.86130614397));
#3408 = CARTESIAN_POINT('',(8.853394286956,-83.12074272685,
    241.57441664343));
#3409 = CARTESIAN_POINT('',(16.304587912205,-87.10953801278,
    235.08353134607));
#3410 = CARTESIAN_POINT('',(21.081604249502,-90.28670939489,
    226.51118253849));
#3411 = CARTESIAN_POINT('',(22.43904844701,-92.09727244654,
    217.61639345066));
#3412 = CARTESIAN_POINT('',(21.657260314295,-92.95062404496,
    209.24766532313));
#3413 = CARTESIAN_POINT('',(20.442476836777,-93.61301953444,
    200.96556313023));
#3414 = CARTESIAN_POINT('',(18.614120498469,-94.01817677862,
    192.71118994404));
#3415 = CARTESIAN_POINT('',(16.466318869641,-94.2893824062,
    184.47143345183));
#3416 = CARTESIAN_POINT('',(14.158977270229,-94.49384590165,
    176.23785929442));
#3417 = CARTESIAN_POINT('',(11.889450816581,-94.71415093085,
    168.00266391536));
#3418 = CARTESIAN_POINT('',(9.835050512217,-95.02440177195,
    159.75949012145));
#3419 = CARTESIAN_POINT('',(8.216159312748,-95.51766035367,
    151.49363115045));
#3420 = CARTESIAN_POINT('',(7.114792868506,-96.22745565642,
    143.20746975725));
#3421 = CARTESIAN_POINT('',(7.143212964637,-97.43376767429,
    134.7076091714));
#3422 = CARTESIAN_POINT('',(5.929522388356,-98.1440960231,
    126.08765780692));
#3423 = CARTESIAN_POINT('',(-0.10944259231,-96.34188314545,
    121.16918851493));
#3424 = CARTESIAN_POINT('',(0.8,-97.11359858555,118.35));
#3425 = CARTESIAN_POINT('',(1.387670481598,-78.18973012684,250.65));
#3426 = CARTESIAN_POINT('',(5.480163942581,-78.16003298574,
    250.86130615691));
#3427 = CARTESIAN_POINT('',(8.853394286454,-79.46522018687,241.574416638
    ));
#3428 = CARTESIAN_POINT('',(16.304587912311,-80.3774546249,
    235.08353134727));
#3429 = CARTESIAN_POINT('',(21.081604249479,-81.58221968159,
    226.51118253833));
#3430 = CARTESIAN_POINT('',(22.439048447017,-82.83230076451,
    217.61639345077));
#3431 = CARTESIAN_POINT('',(21.657260314286,-84.00844880095,
    209.24766532314));
#3432 = CARTESIAN_POINT('',(20.442476836774,-85.17242235623,
    200.96556313027));
#3433 = CARTESIAN_POINT('',(18.614120498463,-86.33249885377,
    192.71118994408));
#3434 = CARTESIAN_POINT('',(16.466318869638,-87.49052110892,
    184.47143345187));
#3435 = CARTESIAN_POINT('',(14.158977270226,-88.64767449359,
    176.23785929447));
#3436 = CARTESIAN_POINT('',(11.889450816578,-89.8050557261,
    168.00266391537));
#3437 = CARTESIAN_POINT('',(9.835050512214,-90.9635582517,
    159.75949012154));
#3438 = CARTESIAN_POINT('',(8.216159312748,-92.12524897099,
    151.49363115044));
#3439 = CARTESIAN_POINT('',(7.114792868497,-93.28979300982,
    143.20746975722));
#3440 = CARTESIAN_POINT('',(7.143212964663,-94.48437051081,
    134.70760917159));
#3441 = CARTESIAN_POINT('',(5.929522388242,-95.69582567309,
    126.08765780622));
#3442 = CARTESIAN_POINT('',(-0.109442592042,-96.38707144622,
    121.1691885167));
#3443 = CARTESIAN_POINT('',(0.8,-96.78328255797,118.35));
#3444 = DEFINITIONAL_REPRESENTATION('',(#3445),#3449);
#3445 = LINE('',#3446,#3447);
#3446 = CARTESIAN_POINT('',(0.,0.));
#3447 = VECTOR('',#3448,1.);
#3448 = DIRECTION('',(1.,0.));
#3449 = ( GEOMETRIC_REPRESENTATION_CONTEXT(2) 
PARAMETRIC_REPRESENTATION_CONTEXT() REPRESENTATION_CONTEXT('2D SPACE',''
  ) );
#3450 = PCURVE('',#3451,#3456);
#3451 = PLANE('',#3452);
#3452 = AXIS2_PLACEMENT_3D('',#3453,#3454,#3455);
#3453 = CARTESIAN_POINT('',(1.387670481598,-78.18973012684,250.65));
#3454 = DIRECTION('',(-1.024079923888E-14,3.679334428474E-14,1.));
#3455 = DIRECTION('',(-1.,0.,-1.024079923888E-14));
#3456 = DEFINITIONAL_REPRESENTATION('',(#3457),#3473);
#3457 = B_SPLINE_CURVE_WITH_KNOTS('',14,(#3458,#3459,#3460,#3461,#3462,
    #3463,#3464,#3465,#3466,#3467,#3468,#3469,#3470,#3471,#3472),
  .UNSPECIFIED.,.F.,.F.,(15,15),(0.,1.),.PIECEWISE_BEZIER_KNOTS.);
#3458 = CARTESIAN_POINT('',(0.,0.));
#3459 = CARTESIAN_POINT('',(-1.030286966852E-13,-0.572962251342));
#3460 = CARTESIAN_POINT('',(0.301007337254,-1.145924714138));
#3461 = CARTESIAN_POINT('',(0.903005584742,-1.573887255133));
#3462 = CARTESIAN_POINT('',(1.716049771198,-1.711866091467));
#3463 = CARTESIAN_POINT('',(2.55984536021,-1.466849172244));
#3464 = CARTESIAN_POINT('',(3.204341997784,-0.850106955011));
#3465 = CARTESIAN_POINT('',(3.446557146861,1.328714915871E-11));
#3466 = CARTESIAN_POINT('',(3.204341997783,0.850106955));
#3467 = CARTESIAN_POINT('',(2.559845360212,1.466849172225));
#3468 = CARTESIAN_POINT('',(1.716049771196,1.711866091499));
#3469 = CARTESIAN_POINT('',(0.903005584743,1.573887255109));
#3470 = CARTESIAN_POINT('',(0.301007337254,1.145924714149));
#3471 = CARTESIAN_POINT('',(-8.659739592076E-15,0.572962251339));
#3472 = CARTESIAN_POINT('',(-8.881784197001E-16,0.));
#3473 = ( GEOMETRIC_REPRESENTATION_CONTEXT(2) 
PARAMETRIC_REPRESENTATION_CONTEXT() REPRESENTATION_CONTEXT('2D SPACE',''
  ) );
#3474 = ORIENTED_EDGE('',*,*,#3475,.T.);
#3475 = EDGE_CURVE('',#3138,#3476,#3478,.T.);
#3476 = VERTEX_POINT('',#3477);
#3477 = CARTESIAN_POINT('',(0.8,-96.78328255797,118.35));
#3478 = SEAM_CURVE('',#3479,(#3499,#3506),.PCURVE_S1.);
#3479 = ( BOUNDED_CURVE() B_SPLINE_CURVE(3,(#3480,#3481,#3482,#3483,
    #3484,#3485,#3486,#3487,#3488,#3489,#3490,#3491,#3492,#3493,#3494,
    #3495,#3496,#3497,#3498),.UNSPECIFIED.,.F.,.F.) 
B_SPLINE_CURVE_WITH_KNOTS((4,1,1,1,1,1,1,1,1,1,1,1,1,1,1,1,4),(0.,
    8.870780560762E-02,0.168735915902,0.23608723762,0.293697226228,
    0.350326545089,0.407739338453,0.466136813089,0.525343880785,
    0.584957658921,0.644477655999,0.703425065581,0.761464630681,
0.81854132722,0.875086524375,0.934359648828,1.),.UNSPECIFIED.) CURVE() 
GEOMETRIC_REPRESENTATION_ITEM() RATIONAL_B_SPLINE_CURVE((1.,
    1.000000000035,0.999999999985,1.000000000003,0.999999999999,1.,1.,1.
    ,1.,1.,1.,1.,1.,1.,1.,1.000000000001,0.999999999997,1.000000000008,
1.)) REPRESENTATION_ITEM('') );
#3480 = CARTESIAN_POINT('',(1.387670481598,-78.18973012684,250.65));
#3481 = CARTESIAN_POINT('',(5.480163940468,-78.16003297748,
    250.86130616074));
#3482 = CARTESIAN_POINT('',(8.853394287342,-79.46522019034,
    241.57441663639));
#3483 = CARTESIAN_POINT('',(16.304587912123,-80.37745462416,
    235.08353134761));
#3484 = CARTESIAN_POINT('',(21.081604249518,-81.58221968174,
    226.51118253826));
#3485 = CARTESIAN_POINT('',(22.439048447007,-82.83230076448,
    217.61639345079));
#3486 = CARTESIAN_POINT('',(21.657260314288,-84.00844880096,
    209.24766532313));
#3487 = CARTESIAN_POINT('',(20.442476836774,-85.17242235623,
    200.96556313027));
#3488 = CARTESIAN_POINT('',(18.614120498463,-86.33249885377,
    192.71118994408));
#3489 = CARTESIAN_POINT('',(16.466318869638,-87.49052110892,
    184.47143345187));
#3490 = CARTESIAN_POINT('',(14.158977270226,-88.64767449359,
    176.23785929447));
#3491 = CARTESIAN_POINT('',(11.889450816578,-89.8050557261,
    168.00266391537));
#3492 = CARTESIAN_POINT('',(9.835050512215,-90.96355825169,
    159.75949012154));
#3493 = CARTESIAN_POINT('',(8.216159312745,-92.125248971,151.49363115044
    ));
#3494 = CARTESIAN_POINT('',(7.11479286851,-93.28979300976,
    143.20746975722));
#3495 = CARTESIAN_POINT('',(7.143212964613,-94.48437051104,
    134.70760917159));
#3496 = CARTESIAN_POINT('',(5.929522388448,-95.69582567216,
    126.08765780622));
#3497 = CARTESIAN_POINT('',(-0.109442592535,-96.38707144846,
    121.1691885167));
#3498 = CARTESIAN_POINT('',(0.8,-96.78328255797,118.35));
#3499 = PCURVE('',#3158,#3500);
#3500 = DEFINITIONAL_REPRESENTATION('',(#3501),#3505);
#3501 = LINE('',#3502,#3503);
#3502 = CARTESIAN_POINT('',(1.,0.));
#3503 = VECTOR('',#3504,1.);
#3504 = DIRECTION('',(0.,1.));
#3505 = ( GEOMETRIC_REPRESENTATION_CONTEXT(2) 
PARAMETRIC_REPRESENTATION_CONTEXT() REPRESENTATION_CONTEXT('2D SPACE',''
  ) );
#3506 = PCURVE('',#3158,#3507);
#3507 = DEFINITIONAL_REPRESENTATION('',(#3508),#3512);
#3508 = LINE('',#3509,#3510);
#3509 = CARTESIAN_POINT('',(0.,0.));
#3510 = VECTOR('',#3511,1.);
#3511 = DIRECTION('',(0.,1.));
#3512 = ( GEOMETRIC_REPRESENTATION_CONTEXT(2) 
PARAMETRIC_REPRESENTATION_CONTEXT() REPRESENTATION_CONTEXT('2D SPACE',''
  ) );
#3513 = ORIENTED_EDGE('',*,*,#3514,.F.);
#3514 = EDGE_CURVE('',#3476,#3476,#3515,.T.);
#3515 = SURFACE_CURVE('',#3516,(#3532,#3539),.PCURVE_S1.);
#3516 = B_SPLINE_CURVE_WITH_KNOTS('',14,(#3517,#3518,#3519,#3520,#3521,
    #3522,#3523,#3524,#3525,#3526,#3527,#3528,#3529,#3530,#3531),
  .UNSPECIFIED.,.T.,.F.,(15,15),(0.,1.),.PIECEWISE_BEZIER_KNOTS.);
#3517 = CARTESIAN_POINT('',(0.8,-96.78328255797,118.35));
#3518 = CARTESIAN_POINT('',(0.8,-96.45296653038,118.34999999999));
#3519 = CARTESIAN_POINT('',(0.626467541829,-96.12265038093,
    118.35000000003));
#3520 = CARTESIAN_POINT('',(0.279412095758,-95.87592751881,
    118.34999999991));
#3521 = CARTESIAN_POINT('',(-0.189312545856,-95.79638192757,
    118.35000000013));
#3522 = CARTESIAN_POINT('',(-0.675765547603,-95.93763558814,
    118.34999999987));
#3523 = CARTESIAN_POINT('',(-1.047321559565,-96.29319101751,
    118.35000000005));
#3524 = CARTESIAN_POINT('',(-1.186959983695,-96.783282558,
    118.35000000003));
#3525 = CARTESIAN_POINT('',(-1.047321559564,-97.27337409841,
    118.34999999991));
#3526 = CARTESIAN_POINT('',(-0.675765547604,-97.62892952776,
    118.35000000007));
#3527 = CARTESIAN_POINT('',(-0.189312545854,-97.77018318844,
    118.34999999996));
#3528 = CARTESIAN_POINT('',(0.279412095757,-97.69063759708,
    118.35000000001));
#3529 = CARTESIAN_POINT('',(0.626467541829,-97.44391473504,
    118.34999999999));
#3530 = CARTESIAN_POINT('',(0.8,-97.11359858555,118.35));
#3531 = CARTESIAN_POINT('',(0.8,-96.78328255797,118.35));
#3532 = PCURVE('',#3158,#3533);
#3533 = DEFINITIONAL_REPRESENTATION('',(#3534),#3538);
#3534 = LINE('',#3535,#3536);
#3535 = CARTESIAN_POINT('',(0.,1.));
#3536 = VECTOR('',#3537,1.);
#3537 = DIRECTION('',(1.,0.));
#3538 = ( GEOMETRIC_REPRESENTATION_CONTEXT(2) 
PARAMETRIC_REPRESENTATION_CONTEXT() REPRESENTATION_CONTEXT('2D SPACE',''
  ) );
#3539 = PCURVE('',#3540,#3545);
#3540 = PLANE('',#3541);
#3541 = AXIS2_PLACEMENT_3D('',#3542,#3543,#3544);
#3542 = CARTESIAN_POINT('',(0.8,-96.78328255797,118.35));
#3543 = DIRECTION('',(1.776356851471E-14,-4.406976589425E-15,1.));
#3544 = DIRECTION('',(-1.,-8.881784257355E-15,1.776356851471E-14));
#3545 = DEFINITIONAL_REPRESENTATION('',(#3546),#3562);
#3546 = B_SPLINE_CURVE_WITH_KNOTS('',14,(#3547,#3548,#3549,#3550,#3551,
    #3552,#3553,#3554,#3555,#3556,#3557,#3558,#3559,#3560,#3561),
  .UNSPECIFIED.,.T.,.F.,(15,15),(0.,1.),.PIECEWISE_BEZIER_KNOTS.);
#3547 = CARTESIAN_POINT('',(0.,0.));
#3548 = CARTESIAN_POINT('',(-7.238654120556E-14,-0.330316027587));
#3549 = CARTESIAN_POINT('',(0.173532458171,-0.660632177044));
#3550 = CARTESIAN_POINT('',(0.520587904242,-0.907355039163));
#3551 = CARTESIAN_POINT('',(0.989312545856,-0.986900630399));
#3552 = CARTESIAN_POINT('',(1.475765547603,-0.845646969828));
#3553 = CARTESIAN_POINT('',(1.847321559565,-0.490091540461));
#3554 = CARTESIAN_POINT('',(1.986959983695,2.918909558502E-11));
#3555 = CARTESIAN_POINT('',(1.847321559564,0.490091540437));
#3556 = CARTESIAN_POINT('',(1.475765547604,0.845646969788));
#3557 = CARTESIAN_POINT('',(0.989312545854,0.986900630468));
#3558 = CARTESIAN_POINT('',(0.520587904243,0.907355039109));
#3559 = CARTESIAN_POINT('',(0.173532458171,0.66063217707));
#3560 = CARTESIAN_POINT('',(4.551914400963E-15,0.33031602758));
#3561 = CARTESIAN_POINT('',(0.,0.));
#3562 = ( GEOMETRIC_REPRESENTATION_CONTEXT(2) 
PARAMETRIC_REPRESENTATION_CONTEXT() REPRESENTATION_CONTEXT('2D SPACE',''
  ) );
#3563 = ORIENTED_EDGE('',*,*,#3475,.F.);
#3564 = ADVANCED_FACE('',(#3565),#3451,.T.);
#3565 = FACE_BOUND('',#3566,.F.);
#3566 = EDGE_LOOP('',(#3567));
#3567 = ORIENTED_EDGE('',*,*,#3137,.F.);
#3568 = ADVANCED_FACE('',(#3569),#3540,.F.);
#3569 = FACE_BOUND('',#3570,.F.);
#3570 = EDGE_LOOP('',(#3571));
#3571 = ORIENTED_EDGE('',*,*,#3514,.T.);
#3572 = ( GEOMETRIC_REPRESENTATION_CONTEXT(3) 
GLOBAL_UNCERTAINTY_ASSIGNED_CONTEXT((#3576)) 
GLOBAL_UNIT_ASSIGNED_CONTEXT((#3573,#3574,#3575)) REPRESENTATION_CONTEXT
('Context #1','3D Context with UNIT and UNCERTAINTY') );
#3573 = ( LENGTH_UNIT() NAMED_UNIT(*) SI_UNIT(.MILLI.,.METRE.) );
#3574 = ( NAMED_UNIT(*) PLANE_ANGLE_UNIT() SI_UNIT($,.RADIAN.) );
#3575 = ( NAMED_UNIT(*) SI_UNIT($,.STERADIAN.) SOLID_ANGLE_UNIT() );
#3576 = UNCERTAINTY_MEASURE_WITH_UNIT(LENGTH_MEASURE(1.E-07),#3573,
  'distance_accuracy_value','confusion accuracy');
#3577 = CONTEXT_DEPENDENT_SHAPE_REPRESENTATION(#3578,#3580);
#3578 = ( REPRESENTATION_RELATIONSHIP('','',#3130,#10) 
REPRESENTATION_RELATIONSHIP_WITH_TRANSFORMATION(#3579) 
SHAPE_REPRESENTATION_RELATIONSHIP() );
#3579 = ITEM_DEFINED_TRANSFORMATION('','',#11,#43);
#3580 = PRODUCT_DEFINITION_SHAPE('Placement','Placement of an item',
  #3581);
#3581 = NEXT_ASSEMBLY_USAGE_OCCURRENCE('8','arm_R','',#5,#3125,$);
#3582 = PRODUCT_RELATED_PRODUCT_CATEGORY('part',$,(#3127));
#3583 = SHAPE_DEFINITION_REPRESENTATION(#3584,#3590);
#3584 = PRODUCT_DEFINITION_SHAPE('','',#3585);
#3585 = PRODUCT_DEFINITION('design','',#3586,#3589);
#3586 = PRODUCT_DEFINITION_FORMATION('','',#3587);
#3587 = PRODUCT('leg_R','leg_R','',(#3588));
#3588 = PRODUCT_CONTEXT('',#2,'mechanical');
#3589 = PRODUCT_DEFINITION_CONTEXT('part definition',#2,'design');
#3590 = ADVANCED_BREP_SHAPE_REPRESENTATION('',(#11,#3591),#4032);
#3591 = MANIFOLD_SOLID_BREP('',#3592);
#3592 = CLOSED_SHELL('',(#3593,#4024,#4028));
#3593 = ADVANCED_FACE('',(#3594),#3618,.F.);
#3594 = FACE_BOUND('',#3595,.F.);
#3595 = EDGE_LOOP('',(#3596,#3934,#3973,#4023));
#3596 = ORIENTED_EDGE('',*,*,#3597,.T.);
#3597 = EDGE_CURVE('',#3598,#3598,#3600,.T.);
#3598 = VERTEX_POINT('',#3599);
#3599 = CARTESIAN_POINT('',(1.632553507762,-38.11188289911,158.4));
#3600 = SURFACE_CURVE('',#3601,(#3617,#3910),.PCURVE_S1.);
#3601 = B_SPLINE_CURVE_WITH_KNOTS('',14,(#3602,#3603,#3604,#3605,#3606,
    #3607,#3608,#3609,#3610,#3611,#3612,#3613,#3614,#3615,#3616),
  .UNSPECIFIED.,.T.,.F.,(15,15),(0.,1.),.PIECEWISE_BEZIER_KNOTS.);
#3602 = CARTESIAN_POINT('',(1.632553507762,-38.11188289911,158.4));
#3603 = CARTESIAN_POINT('',(1.632553507762,-37.43780966224,
    158.39999999998));
#3604 = CARTESIAN_POINT('',(1.278427228639,-36.76373617656,
    158.40000000006));
#3605 = CARTESIAN_POINT('',(0.570193996302,-36.26025083431,
    158.39999999985));
#3606 = CARTESIAN_POINT('',(-0.386328576001,-36.09792279138,
    158.40000000022));
#3607 = CARTESIAN_POINT('',(-1.379029268954,-36.38617799072,
    158.39999999977));
#3608 = CARTESIAN_POINT('',(-2.137260607279,-37.11175706959,
    158.40000000011));
#3609 = CARTESIAN_POINT('',(-2.422219606193,-38.11188289912,
    158.40000000004));
#3610 = CARTESIAN_POINT('',(-2.137260607276,-39.11200872861,
    158.39999999984));
#3611 = CARTESIAN_POINT('',(-1.379029268958,-39.83758780748,
    158.40000000016));
#3612 = CARTESIAN_POINT('',(-0.386328575997,-40.12584300686,
    158.39999999988));
#3613 = CARTESIAN_POINT('',(0.5701939963,-39.96351496388,158.40000000006
    ));
#3614 = CARTESIAN_POINT('',(1.27842722864,-39.46002962166,
    158.39999999997));
#3615 = CARTESIAN_POINT('',(1.632553507762,-38.78595613597,158.4));
#3616 = CARTESIAN_POINT('',(1.632553507762,-38.11188289911,158.4));
#3617 = PCURVE('',#3618,#3904);
#3618 = ( BOUNDED_SURFACE() B_SPLINE_SURFACE(14,3,(
    (#3619,#3620,#3621,#3622,#3623,#3624,#3625,#3626,#3627,#3628,#3629
      ,#3630,#3631,#3632,#3633,#3634,#3635,#3636,#3637)
    ,(#3638,#3639,#3640,#3641,#3642,#3643,#3644,#3645,#3646,#3647,#3648
      ,#3649,#3650,#3651,#3652,#3653,#3654,#3655,#3656)
    ,(#3657,#3658,#3659,#3660,#3661,#3662,#3663,#3664,#3665,#3666,#3667
      ,#3668,#3669,#3670,#3671,#3672,#3673,#3674,#3675)
    ,(#3676,#3677,#3678,#3679,#3680,#3681,#3682,#3683,#3684,#3685,#3686
      ,#3687,#3688,#3689,#3690,#3691,#3692,#3693,#3694)
    ,(#3695,#3696,#3697,#3698,#3699,#3700,#3701,#3702,#3703,#3704,#3705
      ,#3706,#3707,#3708,#3709,#3710,#3711,#3712,#3713)
    ,(#3714,#3715,#3716,#3717,#3718,#3719,#3720,#3721,#3722,#3723,#3724
      ,#3725,#3726,#3727,#3728,#3729,#3730,#3731,#3732)
    ,(#3733,#3734,#3735,#3736,#3737,#3738,#3739,#3740,#3741,#3742,#3743
      ,#3744,#3745,#3746,#3747,#3748,#3749,#3750,#3751)
    ,(#3752,#3753,#3754,#3755,#3756,#3757,#3758,#3759,#3760,#3761,#3762
      ,#3763,#3764,#3765,#3766,#3767,#3768,#3769,#3770)
    ,(#3771,#3772,#3773,#3774,#3775,#3776,#3777,#3778,#3779,#3780,#3781
      ,#3782,#3783,#3784,#3785,#3786,#3787,#3788,#3789)
    ,(#3790,#3791,#3792,#3793,#3794,#3795,#3796,#3797,#3798,#3799,#3800
      ,#3801,#3802,#3803,#3804,#3805,#3806,#3807,#3808)
    ,(#3809,#3810,#3811,#3812,#3813,#3814,#3815,#3816,#3817,#3818,#3819
      ,#3820,#3821,#3822,#3823,#3824,#3825,#3826,#3827)
    ,(#3828,#3829,#3830,#3831,#3832,#3833,#3834,#3835,#3836,#3837,#3838
      ,#3839,#3840,#3841,#3842,#3843,#3844,#3845,#3846)
    ,(#3847,#3848,#3849,#3850,#3851,#3852,#3853,#3854,#3855,#3856,#3857
      ,#3858,#3859,#3860,#3861,#3862,#3863,#3864,#3865)
    ,(#3866,#3867,#3868,#3869,#3870,#3871,#3872,#3873,#3874,#3875,#3876
      ,#3877,#3878,#3879,#3880,#3881,#3882,#3883,#3884)
    ,(#3885,#3886,#3887,#3888,#3889,#3890,#3891,#3892,#3893,#3894,#3895
      ,#3896,#3897,#3898,#3899,#3900,#3901,#3902,#3903
)),.UNSPECIFIED.,.T.,.F.,.F.) B_SPLINE_SURFACE_WITH_KNOTS((15,15),(4,1,1
    ,1,1,1,1,1,1,1,1,1,1,1,1,1,4),(0.,1.),(0.,8.868321238214E-02,
    0.168689428168,0.236022868064,0.293618146761,0.350233081045,
    0.407631229813,0.466013734209,0.525205564845,0.584803972183,
    0.644308629282,0.703240887293,0.761265600373,0.818327763758,
    0.874858604304,0.934116469962,1.),.UNSPECIFIED.) 
GEOMETRIC_REPRESENTATION_ITEM() RATIONAL_B_SPLINE_SURFACE((
    (1.,1.000000000106,0.999999999955,1.000000000009,0.999999999998,1.
      ,1.,1.,1.,1.,1.,1.,1.,1.,1.,0.999999999999,1.000000000005
      ,0.999999999989,1.)
    ,(1.,1.000000000106,0.999999999955,1.000000000009,0.999999999998,1.
      ,1.,1.,1.,1.,1.,1.,1.,1.,1.,0.999999999999,1.000000000005
      ,0.999999999989,1.)
    ,(1.,1.000000000106,0.999999999955,1.000000000009,0.999999999998,1.
      ,1.,1.,1.,1.,1.,1.,1.,1.,1.,0.999999999999,1.000000000005
      ,0.999999999989,1.)
    ,(1.,1.000000000106,0.999999999955,1.000000000009,0.999999999998,1.
      ,1.,1.,1.,1.,1.,1.,1.,1.,1.,0.999999999999,1.000000000005
      ,0.999999999989,1.)
    ,(1.,1.000000000106,0.999999999955,1.000000000009,0.999999999998,1.
      ,1.,1.,1.,1.,1.,1.,1.,1.,1.,0.999999999999,1.000000000005
      ,0.999999999989,1.)
    ,(1.,1.000000000106,0.999999999955,1.000000000009,0.999999999998,1.
      ,1.,1.,1.,1.,1.,1.,1.,1.,1.,0.999999999999,1.000000000005
      ,0.999999999989,1.)
    ,(1.,1.000000000106,0.999999999955,1.000000000009,0.999999999998,1.
      ,1.,1.,1.,1.,1.,1.,1.,1.,1.,0.999999999999,1.000000000005
      ,0.999999999989,1.)
    ,(1.,1.000000000106,0.999999999955,1.000000000009,0.999999999998,1.
      ,1.,1.,1.,1.,1.,1.,1.,1.,1.,0.999999999999,1.000000000005
      ,0.999999999989,1.)
    ,(1.,1.000000000106,0.999999999955,1.000000000009,0.999999999998,1.
      ,1.,1.,1.,1.,1.,1.,1.,1.,1.,0.999999999999,1.000000000005
      ,0.999999999989,1.)
    ,(1.,1.000000000106,0.999999999955,1.000000000009,0.999999999998,1.
      ,1.,1.,1.,1.,1.,1.,1.,1.,1.,0.999999999999,1.000000000005
      ,0.999999999989,1.)
    ,(1.,1.000000000106,0.999999999955,1.000000000009,0.999999999998,1.
      ,1.,1.,1.,1.,1.,1.,1.,1.,1.,0.999999999999,1.000000000005
      ,0.999999999989,1.)
    ,(1.,1.000000000106,0.999999999955,1.000000000009,0.999999999998,1.
      ,1.,1.,1.,1.,1.,1.,1.,1.,1.,0.999999999999,1.000000000005
      ,0.999999999989,1.)
    ,(1.,1.000000000106,0.999999999955,1.000000000009,0.999999999998,1.
      ,1.,1.,1.,1.,1.,1.,1.,1.,1.,0.999999999999,1.000000000005
      ,0.999999999989,1.)
    ,(1.,1.000000000106,0.999999999955,1.000000000009,0.999999999998,1.
      ,1.,1.,1.,1.,1.,1.,1.,1.,1.,0.999999999999,1.000000000005
      ,0.999999999989,1.)
    ,(1.,1.000000000106,0.999999999955,1.000000000009,0.999999999998,1.
      ,1.,1.,1.,1.,1.,1.,1.,1.,1.,0.999999999999,1.000000000005
,0.999999999989,1.))) REPRESENTATION_ITEM('') SURFACE() );
#3619 = CARTESIAN_POINT('',(1.632553507762,-38.11188289911,158.4));
#3620 = CARTESIAN_POINT('',(6.447497926047,-38.09442816606,
    158.64961425408));
#3621 = CARTESIAN_POINT('',(10.41566831298,-38.86401036179,
    147.64407619795));
#3622 = CARTESIAN_POINT('',(19.181922685629,-39.40198032785,
    139.95074722773));
#3623 = CARTESIAN_POINT('',(24.801900029885,-40.1124200361,
    129.79098607073));
#3624 = CARTESIAN_POINT('',(26.398879090029,-40.84958389005,
    119.24905181758));
#3625 = CARTESIAN_POINT('',(25.479130655944,-41.54315152164,
    109.33057259202));
#3626 = CARTESIAN_POINT('',(24.049973800362,-42.22954086665,
    99.514747646894));
#3627 = CARTESIAN_POINT('',(21.898966760226,-42.91363221152,
    89.731785634792));
#3628 = CARTESIAN_POINT('',(19.37213969645,-43.59651226445,
    79.966145904401));
#3629 = CARTESIAN_POINT('',(16.657623184321,-44.27888004315,
    70.207832036888));
#3630 = CARTESIAN_POINT('',(13.987577079557,-44.9613819037,
    60.447600709557));
#3631 = CARTESIAN_POINT('',(11.570687442059,-45.64454595501,
    50.677899613237));
#3632 = CARTESIAN_POINT('',(9.665919103943,-46.32958625941,
    40.881366847581));
#3633 = CARTESIAN_POINT('',(8.370890499645,-47.01632244476,
    31.06058185446));
#3634 = CARTESIAN_POINT('',(8.40172073365,-47.72071782608,
    20.987258593438));
#3635 = CARTESIAN_POINT('',(6.982354317038,-48.4362904638,
    10.754093119136));
#3636 = CARTESIAN_POINT('',(-0.178771146873,-48.84415606897,
    4.921343221868));
#3637 = CARTESIAN_POINT('',(0.869676814387,-49.07640701185,1.6));
#3638 = CARTESIAN_POINT('',(1.632553507762,-37.43780966224,
    158.39999999998));
#3639 = CARTESIAN_POINT('',(6.44749793166,-35.432288286,158.64961423897)
  );
#3640 = CARTESIAN_POINT('',(10.415668310621,-34.56343263533,
    147.64407620427));
#3641 = CARTESIAN_POINT('',(19.181922686135,-31.48185969917,
    139.95074722641));
#3642 = CARTESIAN_POINT('',(24.801900029786,-29.87183866833,
    129.79098607103));
#3643 = CARTESIAN_POINT('',(26.398879090058,-29.94961779814,
    119.24905181751));
#3644 = CARTESIAN_POINT('',(25.479130655942,-31.02294499115,
    109.33057259205));
#3645 = CARTESIAN_POINT('',(24.049973800365,-32.29942610528,
    99.514747646851));
#3646 = CARTESIAN_POINT('',(21.898966760237,-33.87165757615,
    89.731785634807));
#3647 = CARTESIAN_POINT('',(19.372139696448,-35.59785197668,
    79.966145904392));
#3648 = CARTESIAN_POINT('',(16.657623184325,-37.40103014423,
    70.207832036897));
#3649 = CARTESIAN_POINT('',(13.987577079563,-39.18598078326,
    60.447600709549));
#3650 = CARTESIAN_POINT('',(11.570687442062,-40.86706656475,
    50.677899613227));
#3651 = CARTESIAN_POINT('',(9.665919103942,-42.3385762578,
    40.881366847603));
#3652 = CARTESIAN_POINT('',(8.370890499648,-43.56002332331,
    31.060581854401));
#3653 = CARTESIAN_POINT('',(8.40172073365,-44.25168905428,
    20.987258593659));
#3654 = CARTESIAN_POINT('',(6.982354317043,-45.5533110368,10.75409311823
    ));
#3655 = CARTESIAN_POINT('',(-0.178771146883,-48.91796978916,
    4.92134322405));
#3656 = CARTESIAN_POINT('',(0.869676814387,-48.71732177359,1.6));
#3657 = CARTESIAN_POINT('',(1.278427228639,-36.76373617656,
    158.40000000006));
#3658 = CARTESIAN_POINT('',(5.048943003691,-32.77014742486,
    158.64961423764));
#3659 = CARTESIAN_POINT('',(8.156360286336,-30.2628533208,
    147.64407620501));
#3660 = CARTESIAN_POINT('',(15.021088177144,-23.5617361472,
    139.95074722613));
#3661 = CARTESIAN_POINT('',(19.422011728876,-19.63125352045,
    129.79098607098));
#3662 = CARTESIAN_POINT('',(20.672583095692,-19.04964768284,
    119.2490518175));
#3663 = CARTESIAN_POINT('',(19.952341305808,-20.50273457738,
    109.33057259203));
#3664 = CARTESIAN_POINT('',(18.83318909658,-22.36930767858,
    99.514747647073));
#3665 = CARTESIAN_POINT('',(17.148766374461,-24.82967960319,
    89.731785634739));
#3666 = CARTESIAN_POINT('',(15.170044389134,-27.59918873649,
    79.966145904444));
#3667 = CARTESIAN_POINT('',(13.044345492188,-30.52317770659,
    70.20783203685));
#3668 = CARTESIAN_POINT('',(10.953470732552,-33.41057753098,
    60.447600709609));
#3669 = CARTESIAN_POINT('',(9.060839167056,-36.08958541106,
    50.677899613263));
#3670 = CARTESIAN_POINT('',(7.569242435589,-38.34756478298,
    40.881366847576));
#3671 = CARTESIAN_POINT('',(6.555124136128,-40.1037229262,31.06058185439
    ));
#3672 = CARTESIAN_POINT('',(6.579266840592,-40.78265900156,
    20.987258593729));
#3673 = CARTESIAN_POINT('',(5.467781420113,-42.67033054723,
    10.754093117915));
#3674 = CARTESIAN_POINT('',(-0.139993188421,-48.99178353283,
    4.921343224772));
#3675 = CARTESIAN_POINT('',(0.681030370118,-48.35823640279,1.6));
#3676 = CARTESIAN_POINT('',(0.570193996302,-36.26025083431,
    158.39999999985));
#3677 = CARTESIAN_POINT('',(2.251831673592,-30.78171599885,
    158.64961425247));
#3678 = CARTESIAN_POINT('',(3.637741217622,-27.05062395088,
    147.64407619814));
#3679 = CARTESIAN_POINT('',(6.699413868059,-17.64596256761,
    139.95074722794));
#3680 = CARTESIAN_POINT('',(8.662228243663,-11.98225882271,
    129.79098607088));
#3681 = CARTESIAN_POINT('',(9.21998378793,-10.90813892956,
    119.24905181756));
#3682 = CARTESIAN_POINT('',(8.898755539786,-12.64487953171,
    109.33057259201));
#3683 = CARTESIAN_POINT('',(8.399613019964,-14.95220971966,
    99.514747646348));
#3684 = CARTESIAN_POINT('',(7.648359530471,-18.07595991093,
    89.731785634909));
#3685 = CARTESIAN_POINT('',(6.765848402494,-21.62475155021,
    79.966145904261));
#3686 = CARTESIAN_POINT('',(5.817785488665,-25.38590712387,
    70.207832036974));
#3687 = CARTESIAN_POINT('',(4.885254160259,-29.09675871918,
    60.447600709395));
#3688 = CARTESIAN_POINT('',(4.041139407078,-32.52114400975,
    50.67789961312));
#3689 = CARTESIAN_POINT('',(3.375886423685,-35.36656075157,
    40.881366847681));
#3690 = CARTESIAN_POINT('',(2.923589068787,-37.52211034917,
    31.060581854294));
#3691 = CARTESIAN_POINT('',(2.934356796579,-38.19153827035,
    20.987258593944));
#3692 = CARTESIAN_POINT('',(2.438633393598,-40.51694749624,
    10.754093117073));
#3693 = CARTESIAN_POINT('',(-6.243650999406E-02,-49.04691719459,
    4.921343226893));
#3694 = CARTESIAN_POINT('',(0.303747776675,-48.09002496196,
    1.599999999999));
#3695 = CARTESIAN_POINT('',(-0.386328576001,-36.09792279138,
    158.40000000022));
#3696 = CARTESIAN_POINT('',(-1.525547213491,-30.14062844915,
    158.64961425362));
#3697 = CARTESIAN_POINT('',(-2.464457360761,-26.01497333277,
    147.64407619927));
#3698 = CARTESIAN_POINT('',(-4.538646586944,-15.73866583607,
    139.95074722702));
#3699 = CARTESIAN_POINT('',(-5.868392798555,-9.516156563783,
    129.79098607062));
#3700 = CARTESIAN_POINT('',(-6.246255013393,-8.283245866189,
    119.24905181765));
#3701 = CARTESIAN_POINT('',(-6.028632766599,-10.11143888448,
    109.33057259214));
#3702 = CARTESIAN_POINT('',(-5.690479085575,-12.56087298234,
    99.514747648086));
#3703 = CARTESIAN_POINT('',(-5.181527987394,-15.89850208202,
    89.731785634636));
#3704 = CARTESIAN_POINT('',(-4.583653882367,-19.69854116336,
    79.96614590473));
#3705 = CARTESIAN_POINT('',(-3.941370461507,-23.72960651374,
    70.207832036758));
#3706 = CARTESIAN_POINT('',(-3.309609212583,-27.70594610451,
    60.447600709952));
#3707 = CARTESIAN_POINT('',(-2.737747465083,-31.37064753994,
    50.677899613493));
#3708 = CARTESIAN_POINT('',(-2.287059074148,-34.40545918654,
    40.881366847515));
#3709 = CARTESIAN_POINT('',(-1.980641499629,-36.68977605475,
    31.060581854396));
#3710 = CARTESIAN_POINT('',(-1.987936486531,-37.35613846402,
    20.987258594041));
#3711 = CARTESIAN_POINT('',(-1.652098410011,-39.82267811628,
    10.754093116677));
#3712 = CARTESIAN_POINT('',(4.229738030471E-02,-49.06469276617,
    4.921343227644));
#3713 = CARTESIAN_POINT('',(-0.205800914754,-48.00355126626,
    1.600000000001));
#3714 = CARTESIAN_POINT('',(-1.379029268954,-36.38617799072,
    158.39999999977));
#3715 = CARTESIAN_POINT('',(-5.446687573316,-31.27904431793,
    158.64961424077));
#3716 = CARTESIAN_POINT('',(-8.798903810769,-27.854037426,
    147.64407620151));
#3717 = CARTESIAN_POINT('',(-16.20442124864,-19.12556183765,
    139.95074722755));
#3718 = CARTESIAN_POINT('',(-20.95204150941,-13.89535553234,
    129.79098607094));
#3719 = CARTESIAN_POINT('',(-22.30113050923,-12.94441875721,
    119.24905181735));
#3720 = CARTESIAN_POINT('',(-21.52414942849,-14.61021448442,
    109.33057259168));
#3721 = CARTESIAN_POINT('',(-20.31683249934,-16.80730653377,
    99.51474764485));
#3722 = CARTESIAN_POINT('',(-18.49971410689,-19.76513861099,
    89.731785634896));
#3723 = CARTESIAN_POINT('',(-16.36511210545,-23.11902322523,
    79.966145903807));
#3724 = CARTESIAN_POINT('',(-14.07195462682,-26.67079433238,
    70.207832037011));
#3725 = CARTESIAN_POINT('',(-11.81636466242,-30.17569169007,
    60.447600708833));
#3726 = CARTESIAN_POINT('',(-9.774635133284,-33.41364998869,
    50.677899612724));
#3727 = CARTESIAN_POINT('',(-8.16553316482,-36.11214225974,
    40.881366847724));
#3728 = CARTESIAN_POINT('',(-7.071524658343,-38.16779971348,
    31.060581854255));
#3729 = CARTESIAN_POINT('',(-7.097568772529,-38.8396057277,
    20.987258593439));
#3730 = CARTESIAN_POINT('',(-5.898524664084,-41.0555320023,
    10.754093118949));
#3731 = CARTESIAN_POINT('',(0.15102555981,-49.03312766527,4.921343222499
    ));
#3732 = CARTESIAN_POINT('',(-0.73462203589,-48.15710755847,
    1.599999999999));
#3733 = CARTESIAN_POINT('',(-2.137260607279,-37.11175706959,
    158.40000000011));
#3734 = CARTESIAN_POINT('',(-8.440046466263,-34.14459791821,
    158.64961425364));
#3735 = CARTESIAN_POINT('',(-13.63454299199,-32.48322170491,
    147.64407620101));
#3736 = CARTESIAN_POINT('',(-25.10993696447,-27.65085777901,
    139.95074722644));
#3737 = CARTESIAN_POINT('',(-32.46672136726,-24.91841829426,
    129.79098607111));
#3738 = CARTESIAN_POINT('',(-34.55723361869,-24.67724973914,
    119.24905181786));
#3739 = CARTESIAN_POINT('',(-33.3532445472,-25.93426852883,
    109.33057259271));
#3740 = CARTESIAN_POINT('',(-31.48241862935,-27.49617998124,
    99.5147476497));
#3741 = CARTESIAN_POINT('',(-28.66666071246,-29.49800926759,
    89.731785634854));
#3742 = CARTESIAN_POINT('',(-25.35893871311,-31.72886003153,
    79.966145905239));
#3743 = CARTESIAN_POINT('',(-21.80552339791,-34.07417978414,
    70.207832036839));
#3744 = CARTESIAN_POINT('',(-18.3103217061,-36.39239040521,
    60.447600710622));
#3745 = CARTESIAN_POINT('',(-15.14651236549,-38.55617591396,
    50.677899614005));
#3746 = CARTESIAN_POINT('',(-12.65309123945,-40.40810477947,
    40.881366847461));
#3747 = CARTESIAN_POINT('',(-10.9578445702,-41.88819416972,
    31.060581854679));
#3748 = CARTESIAN_POINT('',(-10.99820346188,-42.5737025045,
    20.987258593875));
#3749 = CARTESIAN_POINT('',(-9.140190273664,-44.15879948341,
    10.754093117741));
#3750 = CARTESIAN_POINT('',(0.234012394425,-48.95367385557,
    4.921343225011));
#3751 = CARTESIAN_POINT('',(-1.138539096951,-48.54363044968,
    1.600000000001));
#3752 = CARTESIAN_POINT('',(-2.422219606193,-38.11188289912,
    158.40000000004));
#3753 = CARTESIAN_POINT('',(-9.566978569146,-38.09442817652,
    158.64961423927));
#3754 = CARTESIAN_POINT('',(-15.45506792391,-38.86401035653,
    147.64407620091));
#3755 = CARTESIAN_POINT('',(-28.46268523154,-39.40198032764,
    139.95074722774));
#3756 = CARTESIAN_POINT('',(-36.80176871019,-40.11242003593,
    129.79098607026));
#3757 = CARTESIAN_POINT('',(-39.17141184092,-40.84958388914,
    119.24905181719));
#3758 = CARTESIAN_POINT('',(-37.80666282663,-41.54315152145,
    109.33057259107));
#3759 = CARTESIAN_POINT('',(-35.68603900245,-42.22954086514,
    99.514747643745));
#3760 = CARTESIAN_POINT('',(-32.49431323405,-42.91363221112,
    89.731785634532));
#3761 = CARTESIAN_POINT('',(-28.74493496432,-43.59651226343,
    79.966145903459));
#3762 = CARTESIAN_POINT('',(-24.71705772407,-44.27888004219,
    70.207832036825));
#3763 = CARTESIAN_POINT('',(-20.75516693958,-44.96138190318,
    60.447600708305));
#3764 = CARTESIAN_POINT('',(-17.16891698708,-45.64454595418,
    50.677899612301));
#3765 = CARTESIAN_POINT('',(-14.34256717605,-46.32958625897,
    40.881366847713));
#3766 = CARTESIAN_POINT('',(-12.42096695079,-47.01632244401,
    31.060581854042));
#3767 = CARTESIAN_POINT('',(-12.46671276591,-47.72071782597,
    20.987258593406));
#3768 = CARTESIAN_POINT('',(-10.36062019863,-48.43629046417,
    10.754093118664));
#3769 = CARTESIAN_POINT('',(0.265273314246,-48.84415606641,
    4.921343223197));
#3770 = CARTESIAN_POINT('',(-1.29033947178,-49.07640701187,1.6));
#3771 = CARTESIAN_POINT('',(-2.137260607276,-39.11200872861,
    158.39999999984));
#3772 = CARTESIAN_POINT('',(-8.440046464833,-42.04425839681,
    158.64961424664));
#3773 = CARTESIAN_POINT('',(-13.63454299259,-45.24479902739,
    147.64407620407));
#3774 = CARTESIAN_POINT('',(-25.10993696436,-51.15310287724,
    139.95074722584));
#3775 = CARTESIAN_POINT('',(-32.46672136727,-55.30642177822,
    129.79098607185));
#3776 = CARTESIAN_POINT('',(-34.55723361869,-57.0219180426,
    119.24905181783));
#3777 = CARTESIAN_POINT('',(-33.35324454717,-57.15203451479,
    109.33057259307));
#3778 = CARTESIAN_POINT('',(-31.48241862937,-56.96290175477,
    99.514747649782));
#3779 = CARTESIAN_POINT('',(-28.66666071246,-56.32925515617,
    89.731785635173));
#3780 = CARTESIAN_POINT('',(-25.35893871313,-55.46416449921,
    79.966145905253));
#3781 = CARTESIAN_POINT('',(-21.80552339791,-54.48358030391,
    70.207832037035));
#3782 = CARTESIAN_POINT('',(-18.31032170611,-53.53037340314,
    60.447600710756));
#3783 = CARTESIAN_POINT('',(-15.14651236548,-52.73291599755,
    50.677899614135));
#3784 = CARTESIAN_POINT('',(-12.65309123946,-52.25106774017,
    40.881366847527));
#3785 = CARTESIAN_POINT('',(-10.95784457019,-52.14445072107,
    31.060581854717));
#3786 = CARTESIAN_POINT('',(-10.99820346195,-52.86773314825,
    20.987258594103));
#3787 = CARTESIAN_POINT('',(-9.140190273372,-52.71378144186,
    10.754093117053));
#3788 = CARTESIAN_POINT('',(0.234012393728,-48.73463829085,
    4.921343226713));
#3789 = CARTESIAN_POINT('',(-1.138539096951,-49.609183574,1.599999999999
    ));
#3790 = CARTESIAN_POINT('',(-1.379029268958,-39.83758780748,
    158.40000000016));
#3791 = CARTESIAN_POINT('',(-5.446687573295,-44.90981204074,
    158.64961423132));
#3792 = CARTESIAN_POINT('',(-8.798903810775,-49.87398328529,
    147.64407620528));
#3793 = CARTESIAN_POINT('',(-16.20442124862,-59.67839881887,
    139.95074722667));
#3794 = CARTESIAN_POINT('',(-20.95204150944,-66.32948453941,
    129.79098607021));
#3795 = CARTESIAN_POINT('',(-22.30113050921,-68.75474902174,
    119.24905181729));
#3796 = CARTESIAN_POINT('',(-21.52414942852,-68.47608855861,
    109.33057259117));
#3797 = CARTESIAN_POINT('',(-20.31683249932,-67.65177519752,
    99.514747644708));
#3798 = CARTESIAN_POINT('',(-18.4997141069,-66.0621258115,
    89.731785634426));
#3799 = CARTESIAN_POINT('',(-16.36511210542,-64.07400130233,
    79.966145903777));
#3800 = CARTESIAN_POINT('',(-14.07195462681,-61.88696575263,
    70.207832036721));
#3801 = CARTESIAN_POINT('',(-11.81636466241,-59.74707211667,
    60.447600708629));
#3802 = CARTESIAN_POINT('',(-9.774635133301,-57.87544192021,
    50.677899612531));
#3803 = CARTESIAN_POINT('',(-8.165533164817,-56.54703025855,
    40.881366847628));
#3804 = CARTESIAN_POINT('',(-7.071524658334,-55.86484517496,
    31.060581854174));
#3805 = CARTESIAN_POINT('',(-7.097568772524,-56.60182992461,
    20.987258593193));
#3806 = CARTESIAN_POINT('',(-5.898524664109,-55.81704892476,
    10.754093119585));
#3807 = CARTESIAN_POINT('',(0.151025559868,-48.65518447184,
    4.921343220897));
#3808 = CARTESIAN_POINT('',(-0.734622035891,-49.9957064652,
    1.600000000001));
#3809 = CARTESIAN_POINT('',(-0.386328575997,-40.12584300686,
    158.39999999988));
#3810 = CARTESIAN_POINT('',(-1.525547212565,-46.04822788069,
    158.64961425445));
#3811 = CARTESIAN_POINT('',(-2.464457361152,-51.71304739241,
    147.64407619914));
#3812 = CARTESIAN_POINT('',(-4.538646586882,-63.06529482035,
    139.95074722713));
#3813 = CARTESIAN_POINT('',(-5.86839279855,-70.70868350845,
    129.79098607141));
#3814 = CARTESIAN_POINT('',(-6.246255013407,-73.41592191465,
    119.24905181768));
#3815 = CARTESIAN_POINT('',(-6.028632766569,-72.97486415893,
    109.3305725926));
#3816 = CARTESIAN_POINT('',(-5.690479085595,-71.89820875214,
    99.514747648226));
#3817 = CARTESIAN_POINT('',(-5.181527987385,-69.92876234135,
    89.731785635051));
#3818 = CARTESIAN_POINT('',(-4.583653882395,-67.49448336633,
    79.966145904767));
#3819 = CARTESIAN_POINT('',(-3.941370461514,-64.82815357334,
    70.207832037017));
#3820 = CARTESIAN_POINT('',(-3.309609212592,-62.21681770329,
    60.447600710139));
#3821 = CARTESIAN_POINT('',(-2.737747465069,-59.91844437074,
    50.677899613673));
#3822 = CARTESIAN_POINT('',(-2.28705907415,-58.2537133326,
    40.881366847576));
#3823 = CARTESIAN_POINT('',(-1.980641499639,-57.34286883535,
    31.060581854583));
#3824 = CARTESIAN_POINT('',(-1.987936486533,-58.08529718835,
    20.987258593826));
#3825 = CARTESIAN_POINT('',(-1.652098410002,-57.0499028103,
    10.754093117908));
#3826 = CARTESIAN_POINT('',(4.229738028767E-02,-48.62361937536,
    4.921343224756));
#3827 = CARTESIAN_POINT('',(-0.205800914753,-50.14926275748,1.6));
#3828 = CARTESIAN_POINT('',(0.5701939963,-39.96351496388,158.40000000006
    ));
#3829 = CARTESIAN_POINT('',(2.251831672316,-45.40714034464,
    158.64961424044));
#3830 = CARTESIAN_POINT('',(3.637741218159,-50.67739676762,
    147.64407620304));
#3831 = CARTESIAN_POINT('',(6.699413867957,-61.15799808867,
    139.95074722685));
#3832 = CARTESIAN_POINT('',(8.662228243673,-68.24258124929,
    129.7909860706));
#3833 = CARTESIAN_POINT('',(9.219983787935,-70.79102885024,
    119.24905181748));
#3834 = CARTESIAN_POINT('',(8.89875553977,-70.4414235115,109.33057259175
    ));
#3835 = CARTESIAN_POINT('',(8.399613019974,-69.50687201307,
    99.514747646249));
#3836 = CARTESIAN_POINT('',(7.648359530466,-67.75130451194,
    89.731785634658));
#3837 = CARTESIAN_POINT('',(6.765848402512,-65.56827297834,
    79.966145904231));
#3838 = CARTESIAN_POINT('',(5.817785488669,-63.17185296207,
    70.207832036816));
#3839 = CARTESIAN_POINT('',(4.885254160265,-60.82600508805,
    60.447600709272));
#3840 = CARTESIAN_POINT('',(4.041139407071,-58.76794789995,
    50.677899613031));
#3841 = CARTESIAN_POINT('',(3.375886423684,-57.29261176714,
    40.881366847564));
#3842 = CARTESIAN_POINT('',(2.923589068797,-56.51053454005,
    31.060581854454));
#3843 = CARTESIAN_POINT('',(2.934356796562,-57.24989738191,
    20.987258593036));
#3844 = CARTESIAN_POINT('',(2.438633393667,-56.3556334311,
    10.754093120597));
#3845 = CARTESIAN_POINT('',(-6.243651016011E-02,-48.64139494343,
    4.921343218387));
#3846 = CARTESIAN_POINT('',(0.303747776674,-50.0627890617,1.6));
#3847 = CARTESIAN_POINT('',(1.27842722864,-39.46002962166,
    158.39999999997));
#3848 = CARTESIAN_POINT('',(5.048943003952,-43.41870891306,
    158.64961425951));
#3849 = CARTESIAN_POINT('',(8.156360286226,-47.46516740044,
    147.64407619589));
#3850 = CARTESIAN_POINT('',(15.021088177162,-55.24222450917,
    139.95074722809));
#3851 = CARTESIAN_POINT('',(19.422011728878,-60.59358655165,
    129.79098607078));
#3852 = CARTESIAN_POINT('',(20.672583095689,-62.6495200974,
    119.24905181762));
#3853 = CARTESIAN_POINT('',(19.952341305814,-62.58356846592,
    109.33057259212));
#3854 = CARTESIAN_POINT('',(18.833189096576,-62.08977405491,
    99.514747647124));
#3855 = CARTESIAN_POINT('',(17.148766374462,-60.99758481991,
    89.731785634841));
#3856 = CARTESIAN_POINT('',(15.170044389126,-59.59383579254,
    79.966145904459));
#3857 = CARTESIAN_POINT('',(13.044345492186,-58.03458237984,
    70.207832036916));
#3858 = CARTESIAN_POINT('',(10.95347073255,-56.51218627648,
    60.447600709661));
#3859 = CARTESIAN_POINT('',(9.06083916706,-55.19950649907,
    50.677899613306));
#3860 = CARTESIAN_POINT('',(7.569242435586,-54.3116077359,
    40.881366847607));
#3861 = CARTESIAN_POINT('',(6.555124136135,-53.9289219634,
    31.060581854395));
#3862 = CARTESIAN_POINT('',(6.579266840553,-54.65877665072,
    20.98725859384));
#3863 = CARTESIAN_POINT('',(5.46778142027,-54.20225037983,
    10.754093117548));
#3864 = CARTESIAN_POINT('',(-0.139993188797,-48.69652860653,
    4.921343225672));
#3865 = CARTESIAN_POINT('',(0.681030370118,-49.79457762092,1.6));
#3866 = CARTESIAN_POINT('',(1.632553507762,-38.78595613597,158.4));
#3867 = CARTESIAN_POINT('',(6.44749792886,-40.7565680395,158.64961425003
    ));
#3868 = CARTESIAN_POINT('',(10.415668311797,-43.164588091,147.6440761996
    ));
#3869 = CARTESIAN_POINT('',(19.181922685887,-47.3221009559,
    139.9507472274));
#3870 = CARTESIAN_POINT('',(24.801900029836,-50.353001404,
    129.79098607077));
#3871 = CARTESIAN_POINT('',(26.398879090047,-51.7495499819,
    119.24905181756));
#3872 = CARTESIAN_POINT('',(25.479130655944,-52.06335805214,
    109.330572592));
#3873 = CARTESIAN_POINT('',(24.049973800365,-52.15965562797,
    99.514747646844));
#3874 = CARTESIAN_POINT('',(21.898966760237,-51.95560684687,
    89.731785634781));
#3875 = CARTESIAN_POINT('',(19.37213969645,-51.5951725522,
    79.966145904389));
#3876 = CARTESIAN_POINT('',(16.657623184326,-51.15672994204,
    70.207832036881));
#3877 = CARTESIAN_POINT('',(13.987577079564,-50.73678302413,
    60.447600709536));
#3878 = CARTESIAN_POINT('',(11.570687442061,-50.42202534524,
    50.677899613217));
#3879 = CARTESIAN_POINT('',(9.665919103942,-50.32059626103,
    40.881366847597));
#3880 = CARTESIAN_POINT('',(8.370890499648,-50.47262156615,
    31.060581854395));
#3881 = CARTESIAN_POINT('',(8.401720733652,-51.18974659807,
    20.987258593649));
#3882 = CARTESIAN_POINT('',(6.982354317033,-51.31926989003,
    10.754093118247));
#3883 = CARTESIAN_POINT('',(-0.17877114686,-48.77034235055,
    4.921343224004));
#3884 = CARTESIAN_POINT('',(0.869676814387,-49.4354922501,1.6));
#3885 = CARTESIAN_POINT('',(1.632553507762,-38.11188289911,158.4));
#3886 = CARTESIAN_POINT('',(6.447497929787,-38.09442816741,
    158.64961424551));
#3887 = CARTESIAN_POINT('',(10.415668311409,-38.86401036122,
    147.64407620155));
#3888 = CARTESIAN_POINT('',(19.181922685963,-39.40198032797,
    139.95074722697));
#3889 = CARTESIAN_POINT('',(24.801900029815,-40.11242003608,
    129.79098607089));
#3890 = CARTESIAN_POINT('',(26.398879090046,-40.84958389005,
    119.24905181754));
#3891 = CARTESIAN_POINT('',(25.479130655939,-41.54315152164,
    109.33057259203));
#3892 = CARTESIAN_POINT('',(24.049973800363,-42.22954086665,
    99.514747646891));
#3893 = CARTESIAN_POINT('',(21.898966760226,-42.91363221152,
    89.731785634792));
#3894 = CARTESIAN_POINT('',(19.37213969645,-43.59651226445,
    79.966145904401));
#3895 = CARTESIAN_POINT('',(16.657623184321,-44.27888004315,
    70.207832036888));
#3896 = CARTESIAN_POINT('',(13.987577079558,-44.9613819037,
    60.447600709558));
#3897 = CARTESIAN_POINT('',(11.570687442057,-45.64454595501,
    50.677899613235));
#3898 = CARTESIAN_POINT('',(9.66591910395,-46.32958625942,
    40.881366847589));
#3899 = CARTESIAN_POINT('',(8.370890499619,-47.01632244474,
    31.06058185443));
#3900 = CARTESIAN_POINT('',(8.401720733749,-47.72071782616,
    20.987258593552));
#3901 = CARTESIAN_POINT('',(6.982354316631,-48.43629046346,
    10.754093118665));
#3902 = CARTESIAN_POINT('',(-0.178771145897,-48.84415606976,
    4.921343222999));
#3903 = CARTESIAN_POINT('',(0.869676814387,-49.07640701185,1.6));
#3904 = DEFINITIONAL_REPRESENTATION('',(#3905),#3909);
#3905 = LINE('',#3906,#3907);
#3906 = CARTESIAN_POINT('',(0.,0.));
#3907 = VECTOR('',#3908,1.);
#3908 = DIRECTION('',(1.,0.));
#3909 = ( GEOMETRIC_REPRESENTATION_CONTEXT(2) 
PARAMETRIC_REPRESENTATION_CONTEXT() REPRESENTATION_CONTEXT('2D SPACE',''
  ) );
#3910 = PCURVE('',#3911,#3916);
#3911 = PLANE('',#3912);
#3912 = AXIS2_PLACEMENT_3D('',#3913,#3914,#3915);
#3913 = CARTESIAN_POINT('',(1.632553507762,-38.11188289911,158.4));
#3914 = DIRECTION('',(0.,0.,1.));
#3915 = DIRECTION('',(-1.,-2.176169838263E-15,0.));
#3916 = DEFINITIONAL_REPRESENTATION('',(#3917),#3933);
#3917 = B_SPLINE_CURVE_WITH_KNOTS('',14,(#3918,#3919,#3920,#3921,#3922,
    #3923,#3924,#3925,#3926,#3927,#3928,#3929,#3930,#3931,#3932),
  .UNSPECIFIED.,.F.,.F.,(15,15),(0.,1.),.PIECEWISE_BEZIER_KNOTS.);
#3918 = CARTESIAN_POINT('',(0.,0.));
#3919 = CARTESIAN_POINT('',(-1.927347170749E-13,-0.674073236866));
#3920 = CARTESIAN_POINT('',(0.354126279123,-1.348146722543));
#3921 = CARTESIAN_POINT('',(1.062359511461,-1.851632064794));
#3922 = CARTESIAN_POINT('',(2.018882083763,-2.013960107725));
#3923 = CARTESIAN_POINT('',(3.011582776717,-1.725704908388));
#3924 = CARTESIAN_POINT('',(3.769814115041,-1.000125829514));
#3925 = CARTESIAN_POINT('',(4.054773113955,1.110578295993E-11));
#3926 = CARTESIAN_POINT('',(3.769814115038,1.000125829505));
#3927 = CARTESIAN_POINT('',(3.01158277672,1.725704908373));
#3928 = CARTESIAN_POINT('',(2.018882083759,2.013960107752));
#3929 = CARTESIAN_POINT('',(1.062359511463,1.851632064772));
#3930 = CARTESIAN_POINT('',(0.354126279122,1.348146722553));
#3931 = CARTESIAN_POINT('',(4.440892098501E-15,0.674073236863));
#3932 = CARTESIAN_POINT('',(-1.33226762955E-15,0.));
#3933 = ( GEOMETRIC_REPRESENTATION_CONTEXT(2) 
PARAMETRIC_REPRESENTATION_CONTEXT() REPRESENTATION_CONTEXT('2D SPACE',''
  ) );
#3934 = ORIENTED_EDGE('',*,*,#3935,.T.);
#3935 = EDGE_CURVE('',#3598,#3936,#3938,.T.);
#3936 = VERTEX_POINT('',#3937);
#3937 = CARTESIAN_POINT('',(0.869676814387,-49.07640701185,1.6));
#3938 = SEAM_CURVE('',#3939,(#3959,#3966),.PCURVE_S1.);
#3939 = ( BOUNDED_CURVE() B_SPLINE_CURVE(3,(#3940,#3941,#3942,#3943,
    #3944,#3945,#3946,#3947,#3948,#3949,#3950,#3951,#3952,#3953,#3954,
    #3955,#3956,#3957,#3958),.UNSPECIFIED.,.F.,.F.) 
B_SPLINE_CURVE_WITH_KNOTS((4,1,1,1,1,1,1,1,1,1,1,1,1,1,1,1,4),(0.,
    8.868321238214E-02,0.168689428168,0.236022868064,0.293618146761,
    0.350233081045,0.407631229813,0.466013734209,0.525205564845,
    0.584803972183,0.644308629282,0.703240887293,0.761265600373,
    0.818327763758,0.874858604304,0.934116469962,1.),.UNSPECIFIED.) 
CURVE() GEOMETRIC_REPRESENTATION_ITEM() RATIONAL_B_SPLINE_CURVE((1.,
    1.000000000106,0.999999999955,1.000000000009,0.999999999998,1.,1.,1.
    ,1.,1.,1.,1.,1.,1.,1.,0.999999999999,1.000000000005,0.999999999989,
1.)) REPRESENTATION_ITEM('') );
#3940 = CARTESIAN_POINT('',(1.632553507762,-38.11188289911,158.4));
#3941 = CARTESIAN_POINT('',(6.447497926047,-38.09442816606,
    158.64961425408));
#3942 = CARTESIAN_POINT('',(10.41566831298,-38.86401036179,
    147.64407619795));
#3943 = CARTESIAN_POINT('',(19.181922685629,-39.40198032785,
    139.95074722773));
#3944 = CARTESIAN_POINT('',(24.801900029885,-40.1124200361,
    129.79098607073));
#3945 = CARTESIAN_POINT('',(26.398879090029,-40.84958389005,
    119.24905181758));
#3946 = CARTESIAN_POINT('',(25.479130655944,-41.54315152164,
    109.33057259202));
#3947 = CARTESIAN_POINT('',(24.049973800362,-42.22954086665,
    99.514747646894));
#3948 = CARTESIAN_POINT('',(21.898966760226,-42.91363221152,
    89.731785634792));
#3949 = CARTESIAN_POINT('',(19.37213969645,-43.59651226445,
    79.966145904401));
#3950 = CARTESIAN_POINT('',(16.657623184321,-44.27888004315,
    70.207832036888));
#3951 = CARTESIAN_POINT('',(13.987577079557,-44.9613819037,
    60.447600709557));
#3952 = CARTESIAN_POINT('',(11.570687442059,-45.64454595501,
    50.677899613237));
#3953 = CARTESIAN_POINT('',(9.665919103943,-46.32958625941,
    40.881366847581));
#3954 = CARTESIAN_POINT('',(8.370890499645,-47.01632244476,
    31.06058185446));
#3955 = CARTESIAN_POINT('',(8.40172073365,-47.72071782608,
    20.987258593438));
#3956 = CARTESIAN_POINT('',(6.982354317038,-48.4362904638,
    10.754093119136));
#3957 = CARTESIAN_POINT('',(-0.178771146873,-48.84415606897,
    4.921343221868));
#3958 = CARTESIAN_POINT('',(0.869676814387,-49.07640701185,1.6));
#3959 = PCURVE('',#3618,#3960);
#3960 = DEFINITIONAL_REPRESENTATION('',(#3961),#3965);
#3961 = LINE('',#3962,#3963);
#3962 = CARTESIAN_POINT('',(1.,0.));
#3963 = VECTOR('',#3964,1.);
#3964 = DIRECTION('',(0.,1.));
#3965 = ( GEOMETRIC_REPRESENTATION_CONTEXT(2) 
PARAMETRIC_REPRESENTATION_CONTEXT() REPRESENTATION_CONTEXT('2D SPACE',''
  ) );
#3966 = PCURVE('',#3618,#3967);
#3967 = DEFINITIONAL_REPRESENTATION('',(#3968),#3972);
#3968 = LINE('',#3969,#3970);
#3969 = CARTESIAN_POINT('',(0.,0.));
#3970 = VECTOR('',#3971,1.);
#3971 = DIRECTION('',(0.,1.));
#3972 = ( GEOMETRIC_REPRESENTATION_CONTEXT(2) 
PARAMETRIC_REPRESENTATION_CONTEXT() REPRESENTATION_CONTEXT('2D SPACE',''
  ) );
#3973 = ORIENTED_EDGE('',*,*,#3974,.F.);
#3974 = EDGE_CURVE('',#3936,#3936,#3975,.T.);
#3975 = SURFACE_CURVE('',#3976,(#3992,#3999),.PCURVE_S1.);
#3976 = B_SPLINE_CURVE_WITH_KNOTS('',14,(#3977,#3978,#3979,#3980,#3981,
    #3982,#3983,#3984,#3985,#3986,#3987,#3988,#3989,#3990,#3991),
  .UNSPECIFIED.,.T.,.F.,(15,15),(0.,1.),.PIECEWISE_BEZIER_KNOTS.);
#3977 = CARTESIAN_POINT('',(0.869676814387,-49.07640701185,1.6));
#3978 = CARTESIAN_POINT('',(0.869676814387,-48.71732177359,1.6));
#3979 = CARTESIAN_POINT('',(0.681030370118,-48.35823640279,1.6));
#3980 = CARTESIAN_POINT('',(0.303747776675,-48.09002496196,
    1.599999999999));
#3981 = CARTESIAN_POINT('',(-0.205800914754,-48.00355126626,
    1.600000000001));
#3982 = CARTESIAN_POINT('',(-0.73462203589,-48.15710755847,
    1.599999999999));
#3983 = CARTESIAN_POINT('',(-1.138539096951,-48.54363044968,
    1.600000000001));
#3984 = CARTESIAN_POINT('',(-1.29033947178,-49.07640701187,1.6));
#3985 = CARTESIAN_POINT('',(-1.138539096951,-49.609183574,1.599999999999
    ));
#3986 = CARTESIAN_POINT('',(-0.734622035891,-49.9957064652,
    1.600000000001));
#3987 = CARTESIAN_POINT('',(-0.205800914753,-50.14926275748,1.6));
#3988 = CARTESIAN_POINT('',(0.303747776674,-50.0627890617,1.6));
#3989 = CARTESIAN_POINT('',(0.681030370118,-49.79457762092,1.6));
#3990 = CARTESIAN_POINT('',(0.869676814387,-49.4354922501,1.6));
#3991 = CARTESIAN_POINT('',(0.869676814387,-49.07640701185,1.6));
#3992 = PCURVE('',#3618,#3993);
#3993 = DEFINITIONAL_REPRESENTATION('',(#3994),#3998);
#3994 = LINE('',#3995,#3996);
#3995 = CARTESIAN_POINT('',(0.,1.));
#3996 = VECTOR('',#3997,1.);
#3997 = DIRECTION('',(1.,0.));
#3998 = ( GEOMETRIC_REPRESENTATION_CONTEXT(2) 
PARAMETRIC_REPRESENTATION_CONTEXT() REPRESENTATION_CONTEXT('2D SPACE',''
  ) );
#3999 = PCURVE('',#4000,#4005);
#4000 = PLANE('',#4001);
#4001 = AXIS2_PLACEMENT_3D('',#4002,#4003,#4004);
#4002 = CARTESIAN_POINT('',(0.869676814387,-49.07640701185,1.6));
#4003 = DIRECTION('',(2.553185307009E-16,2.213149284651E-16,1.));
#4004 = DIRECTION('',(-1.,-1.225528947364E-14,2.553185307009E-16));
#4005 = DEFINITIONAL_REPRESENTATION('',(#4006),#4022);
#4006 = B_SPLINE_CURVE_WITH_KNOTS('',14,(#4007,#4008,#4009,#4010,#4011,
    #4012,#4013,#4014,#4015,#4016,#4017,#4018,#4019,#4020,#4021),
  .UNSPECIFIED.,.F.,.F.,(15,15),(0.,1.),.PIECEWISE_BEZIER_KNOTS.);
#4007 = CARTESIAN_POINT('',(0.,0.));
#4008 = CARTESIAN_POINT('',(-6.405986852087E-14,-0.359085238257));
#4009 = CARTESIAN_POINT('',(0.188646444269,-0.718170609053));
#4010 = CARTESIAN_POINT('',(0.565929037712,-0.986382049886));
#4011 = CARTESIAN_POINT('',(1.075477729141,-1.072855745588));
#4012 = CARTESIAN_POINT('',(1.604298850277,-0.919299453374));
#4013 = CARTESIAN_POINT('',(2.008215911338,-0.53277656217));
#4014 = CARTESIAN_POINT('',(2.160016286167,1.879385536085E-11));
#4015 = CARTESIAN_POINT('',(2.008215911338,0.532776562154));
#4016 = CARTESIAN_POINT('',(1.604298850278,0.919299453349));
#4017 = CARTESIAN_POINT('',(1.07547772914,1.072855745634));
#4018 = CARTESIAN_POINT('',(0.565929037713,0.986382049849));
#4019 = CARTESIAN_POINT('',(0.188646444269,0.718170609072));
#4020 = CARTESIAN_POINT('',(-1.143529715364E-14,0.359085238252));
#4021 = CARTESIAN_POINT('',(2.22044604925E-16,7.105427357601E-15));
#4022 = ( GEOMETRIC_REPRESENTATION_CONTEXT(2) 
PARAMETRIC_REPRESENTATION_CONTEXT() REPRESENTATION_CONTEXT('2D SPACE',''
  ) );
#4023 = ORIENTED_EDGE('',*,*,#3935,.F.);
#4024 = ADVANCED_FACE('',(#4025),#3911,.T.);
#4025 = FACE_BOUND('',#4026,.F.);
#4026 = EDGE_LOOP('',(#4027));
#4027 = ORIENTED_EDGE('',*,*,#3597,.F.);
#4028 = ADVANCED_FACE('',(#4029),#4000,.F.);
#4029 = FACE_BOUND('',#4030,.F.);
#4030 = EDGE_LOOP('',(#4031));
#4031 = ORIENTED_EDGE('',*,*,#3974,.T.);
#4032 = ( GEOMETRIC_REPRESENTATION_CONTEXT(3) 
GLOBAL_UNCERTAINTY_ASSIGNED_CONTEXT((#4036)) 
GLOBAL_UNIT_ASSIGNED_CONTEXT((#4033,#4034,#4035)) REPRESENTATION_CONTEXT
('Context #1','3D Context with UNIT and UNCERTAINTY') );
#4033 = ( LENGTH_UNIT() NAMED_UNIT(*) SI_UNIT(.MILLI.,.METRE.) );
#4034 = ( NAMED_UNIT(*) PLANE_ANGLE_UNIT() SI_UNIT($,.RADIAN.) );
#4035 = ( NAMED_UNIT(*) SI_UNIT($,.STERADIAN.) SOLID_ANGLE_UNIT() );
#4036 = UNCERTAINTY_MEASURE_WITH_UNIT(LENGTH_MEASURE(1.E-07),#4033,
  'distance_accuracy_value','confusion accuracy');
#4037 = CONTEXT_DEPENDENT_SHAPE_REPRESENTATION(#4038,#4040);
#4038 = ( REPRESENTATION_RELATIONSHIP('','',#3590,#10) 
REPRESENTATION_RELATIONSHIP_WITH_TRANSFORMATION(#4039) 
SHAPE_REPRESENTATION_RELATIONSHIP() );
#4039 = ITEM_DEFINED_TRANSFORMATION('','',#11,#47);
#4040 = PRODUCT_DEFINITION_SHAPE('Placement','Placement of an item',
  #4041);
#4041 = NEXT_ASSEMBLY_USAGE_OCCURRENCE('9','leg_R','',#5,#3585,$);
#4042 = PRODUCT_RELATED_PRODUCT_CATEGORY('part',$,(#3587));
#4043 = MECHANICAL_DESIGN_GEOMETRIC_PRESENTATION_REPRESENTATION('',(
    #4044),#2992);
#4044 = STYLED_ITEM('color',(#4045),#2551);
#4045 = PRESENTATION_STYLE_ASSIGNMENT((#4046));
#4046 = SURFACE_STYLE_USAGE(.BOTH.,#4047);
#4047 = SURFACE_SIDE_STYLE('',(#4048));
#4048 = SURFACE_STYLE_FILL_AREA(#4049);
#4049 = FILL_AREA_STYLE('',(#4050));
#4050 = FILL_AREA_STYLE_COLOUR('',#4051);
#4051 = COLOUR_RGB('',0.859999984366,0.879999997771,0.899999998185);
#4052 = MECHANICAL_DESIGN_GEOMETRIC_PRESENTATION_REPRESENTATION('',(
    #4053),#171);
#4053 = STYLED_ITEM('color',(#4054),#65);
#4054 = PRESENTATION_STYLE_ASSIGNMENT((#4055));
#4055 = SURFACE_STYLE_USAGE(.BOTH.,#4056);
#4056 = SURFACE_SIDE_STYLE('',(#4057));
#4057 = SURFACE_STYLE_FILL_AREA(#4058);
#4058 = FILL_AREA_STYLE('',(#4059));
#4059 = FILL_AREA_STYLE_COLOUR('',#4051);
#4060 = MECHANICAL_DESIGN_GEOMETRIC_PRESENTATION_REPRESENTATION('',(
    #4061),#3572);
#4061 = STYLED_ITEM('color',(#4062),#3131);
#4062 = PRESENTATION_STYLE_ASSIGNMENT((#4063));
#4063 = SURFACE_STYLE_USAGE(.BOTH.,#4064);
#4064 = SURFACE_SIDE_STYLE('',(#4065));
#4065 = SURFACE_STYLE_FILL_AREA(#4066);
#4066 = FILL_AREA_STYLE('',(#4067));
#4067 = FILL_AREA_STYLE_COLOUR('',#4051);
#4068 = MECHANICAL_DESIGN_GEOMETRIC_PRESENTATION_REPRESENTATION('',(
    #4069),#1952);
#4069 = STYLED_ITEM('color',(#4070),#862);
#4070 = PRESENTATION_STYLE_ASSIGNMENT((#4071));
#4071 = SURFACE_STYLE_USAGE(.BOTH.,#4072);
#4072 = SURFACE_SIDE_STYLE('',(#4073));
#4073 = SURFACE_STYLE_FILL_AREA(#4074);
#4074 = FILL_AREA_STYLE('',(#4075));
#4075 = FILL_AREA_STYLE_COLOUR('',#4076);
#4076 = COLOUR_RGB('',2.999999916181E-02,2.999999916181E-02,
  5.000000142576E-02);
#4077 = MECHANICAL_DESIGN_GEOMETRIC_PRESENTATION_REPRESENTATION('',(
    #4078),#2532);
#4078 = STYLED_ITEM('color',(#4079),#2091);
#4079 = PRESENTATION_STYLE_ASSIGNMENT((#4080));
#4080 = SURFACE_STYLE_USAGE(.BOTH.,#4081);
#4081 = SURFACE_SIDE_STYLE('',(#4082));
#4082 = SURFACE_STYLE_FILL_AREA(#4083);
#4083 = FILL_AREA_STYLE('',(#4084));
#4084 = FILL_AREA_STYLE_COLOUR('',#4051);
#4085 = MECHANICAL_DESIGN_GEOMETRIC_PRESENTATION_REPRESENTATION('',(
    #4086),#3112);
#4086 = STYLED_ITEM('color',(#4087),#3011);
#4087 = PRESENTATION_STYLE_ASSIGNMENT((#4088));
#4088 = SURFACE_STYLE_USAGE(.BOTH.,#4089);
#4089 = SURFACE_SIDE_STYLE('',(#4090));
#4090 = SURFACE_STYLE_FILL_AREA(#4091);
#4091 = FILL_AREA_STYLE('',(#4092));
#4092 = FILL_AREA_STYLE_COLOUR('',#4093);
#4093 = COLOUR_RGB('',0.199999998682,0.599999994755,1.);
#4094 = MECHANICAL_DESIGN_GEOMETRIC_PRESENTATION_REPRESENTATION('',(
    #4095),#2072);
#4095 = STYLED_ITEM('color',(#4096),#1971);
#4096 = PRESENTATION_STYLE_ASSIGNMENT((#4097));
#4097 = SURFACE_STYLE_USAGE(.BOTH.,#4098);
#4098 = SURFACE_SIDE_STYLE('',(#4099));
#4099 = SURFACE_STYLE_FILL_AREA(#4100);
#4100 = FILL_AREA_STYLE('',(#4101));
#4101 = FILL_AREA_STYLE_COLOUR('',#4093);
#4102 = MECHANICAL_DESIGN_GEOMETRIC_PRESENTATION_REPRESENTATION('',(
    #4103),#843);
#4103 = STYLED_ITEM('color',(#4104),#190);
#4104 = PRESENTATION_STYLE_ASSIGNMENT((#4105));
#4105 = SURFACE_STYLE_USAGE(.BOTH.,#4106);
#4106 = SURFACE_SIDE_STYLE('',(#4107));
#4107 = SURFACE_STYLE_FILL_AREA(#4108);
#4108 = FILL_AREA_STYLE('',(#4109));
#4109 = FILL_AREA_STYLE_COLOUR('',#4051);
#4110 = MECHANICAL_DESIGN_GEOMETRIC_PRESENTATION_REPRESENTATION('',(
    #4111),#4032);
#4111 = STYLED_ITEM('color',(#4112),#3591);
#4112 = PRESENTATION_STYLE_ASSIGNMENT((#4113));
#4113 = SURFACE_STYLE_USAGE(.BOTH.,#4114);
#4114 = SURFACE_SIDE_STYLE('',(#4115));
#4115 = SURFACE_STYLE_FILL_AREA(#4116);
#4116 = FILL_AREA_STYLE('',(#4117));
#4117 = FILL_AREA_STYLE_COLOUR('',#4051);
ENDSEC;
END-ISO-10303-21;
